"701","MYR","MYR","458","00000000",""
"701","MZM","MZM","508","00000000",""
"701","NAD","NAD","516","00000000",""
"701","NGN","NGN","566","00000000",""
"701","NIO","NIO","558","00000000",""
"701","NLG","NLG","528","00000000",""
"701","NOK","NOK","578","00000000",""
"701","NPR","NPR","524","00000000",""
"701","NZD","NZD","554","00000000",""
"701","OMR","OMR","512","00000000",""
"507","DOP","DOP","","00000000",""
"701","PAB","PAB","590","00000000",""
"507","DZD","DZD","","00000000",""
"701","PEN","PEN","604","00000000",""
"507","ECS","ECS","","00000000",""
"701","PGK","PGK","598","00000000",""
"507","ECU","ECU","","00000000",""
"701","PHP","PHP","608","00000000",""
"507","EEK","EEK","","00000000",""
"701","PKR","PKR","586","00000000",""
"701","PLN","PLN","985","00000000",""
"507","EGP","EGP","","00000000",""
"701","PTE","PTE","620","00000000",""
"507","ESP","ESP","141","00000000",""
"519","CFP","CFP","","00000000",""
"701","PYG","PYG","600","00000000",""
"507","ETB","ETB","","00000000",""
"701","QAR","QAR","634","00000000",""
"519","CHF","CHF","051","00000000",""
"701","RMB","CNY","156","00000000",""
"507","FIM","FIM","","00000000",""
"519","CLP","CLP","","00000000",""
"701","ROL","ROL","642","00000000",""
"507","FJD","FJD","","00000000",""
"519","CNY","","","00000000",""
"701","RUB","RUB","643","00000000",""
"507","FKP","FKP","","00000000",""
"519","COP","COP","","00000000",""
"701","RWF","RWF","646","00000000",""
"507","FRF","FRF","021","00000000",""
"519","CRC","CRC","","00000000",""
"507","GBP","GBP","031","00000000",""
"701","SAR","SAR","682","00000000",""
"519","CUP","CUP","","00000000",""
"500","FKP","FKP","","00000000",""
"701","SBD","SBD","090","00000000",""
"519","CVE","CVE","","00000000",""
"507","GEK","GEK","","00000000",""
"701","SCR","SCR","690","00000000",""
"519","CYP","CYP","","00000000",""
"507","GHC","GHC","","00000000",""
"500","FRF","FRF","021","00000000",""
"526","USDN","USD","840","00000000",""
"701","SDD","SDD","736","00000000",""
"519","CZK","CZK","","00000000",""
"507","GIP","GIP","","00000000",""
"500","GBP","GBP","031","00000000",""
"701","SDP","SDP","736","00000000",""
"507","GMD","GMD","","00000000",""
"500","GEK","GEK","","00000000",""
"701","SEK","SEK","752","00000000",""
"526","UYU","UYU","858","00000000",""
"701","SGD","SGD","702","00000000",""
"500","GHC","GHC","","00000000",""
"507","GNF","GNF","","00000000",""
"526","UZS","UZS","860","00000000",""
"701","SHP","SHP","654","00000000",""
"500","GIP","GIP","","00000000",""
"507","GRD","GRD","","00000000",""
"108","KRW","KRW","410","00000000",""
"701","SIT","SIT","705","00000000",""
"500","GMD","GMD","","00000000",""
"507","GTQ","GTQ","","00000000",""
"526","VEB","VEB","862","00000000",""
"701","SKK","SKK","703","00000000",""
"108","KWD","KWD","414","00000000",""
"507","GWP","GWP","","00000000",""
"500","GNF","GNF","","00000000",""
"526","VND","VND","704","00000000",""
"701","SLL","SLL","694","00000000",""
"108","KYD","KYD","136","00000000",""
"507","GYD","GYD","","00000000",""
"519","DEM","DEM","061","00000000",""
"500","GRD","GRD","","00000000",""
"701","SOS","SOS","706","00000000",""
"108","KZT","KZT","398","00000000",""
"507","HKD","HKD","","00000000",""
"519","DEM3","","","00000000",""
"500","GTQ","GTQ","","00000000",""
"701","SRD","SRD","968","00000000",""
"507","HNL","HNL","","00000000",""
"108","LAK","LAK","418","00000000",""
"519","DJF","DJF","","00000000",""
"500","GWP","GWP","","00000000",""
"507","HRD","HRD","","00000000",""
"701","SRG","SRG","740","00000000",""
"519","DKK","DKK","","00000000",""
"108","LBP","LBP","422","00000000",""
"500","GYD","GYD","","00000000",""
"507","HTG","HTG","","00000000",""
"701","STD","STD","678","00000000",""
"108","LKR","LKR","144","00000000",""
"519","DOP","DOP","","00000000",""
"500","HKD","HKD","","00000000",""
"701","SVC","SVC","222","00000000",""
"519","DZD","DZD","","00000000",""
"507","HUF","HUF","","00000000",""
"108","LRD","LRD","430","00000000",""
"500","HNL","HNL","","00000000",""
"701","SYP","SYP","760","00000000",""
"108","LSL","LSL","426","00000000",""
"500","HRD","HRD","","00000000",""
"519","ECS","ECS","","00000000",""
"507","IDR","IDR","","00000000",""
"701","SZL","SZL","748","00000000",""
"500","HTG","HTG","","00000000",""
"108","LTL","LTL","440","00000000",""
"519","EEK","EEK","","00000000",""
"507","IEP","IEP","","00000000",""
"701","THB","THB","764","00000000",""
"500","HUF","HUF","","00000000",""
"108","LUF","LUF","442","00000000",""
"519","EGP","EGP","","00000000",""
"500","IDR","IDR","","00000000",""
"507","ILS","ILS","","00000000",""
"108","LVL","LVL","428","00000000",""
"701","TJR","TJR","762","00000000",""
"519","ERN","ERN","","00000000",""
"500","IEP","IEP","","00000000",""
"507","INR","INR","","00000000",""
"108","LYD","LYD","434","00000000",""
"701","TJS","TJS","972","00000000",""
"500","ILS","ILS","","00000000",""
"519","ESP","ESP","141","00000000",""
"507","IQD","IQD","","00000000",""
"108","MAD","MAD","504","00000000",""
"500","INR","INR","","00000000",""
"519","ETB","ETB","","00000000",""
"507","IRR","IRR","","00000000",""
"701","TMM","TMM","795","00000000",""
"519","EUR","EUR","","00000000",""
"500","IQD","IQD","","00000000",""
"108","MDL","MDL","498","00000000",""
"507","ISK","ISK","","00000000",""
"701","TND","TND","788","00000000",""
"519","FIM","FIM","","00000000",""
"108","MGF","MGF","450","00000000",""
"500","IRR","IRR","","00000000",""
"507","ITL","ITL","071","00000000",""
"701","TOP","TOP","776","00000000",""
"519","FJD","FJD","","00000000",""
"108","MKD","MKD","807","00000000",""
"500","ISK","ISK","","00000000",""
"507","JMD","JMD","","00000000",""
"701","TPE","TPE","626","00000000",""
"108","MMK","MMK","104","00000000",""
"519","FKP","FKP","","00000000",""
"500","ITL","ITL","071","00000000",""
"507","JOD","JOD","","00000000",""
"701","TRL","TRL","792","00000000",""
"519","FRF","FRF","021","00000000",""
"108","MNT","MNT","496","00000000",""
"701","TRY","TRY","949","00000000",""
"519","GBP","GBP","031","00000000",""
"507","JPY","JPY","831","00000000",""
"500","JMD","JMD","","00000000",""
"108","MOP","MOP","446","00000000",""
"519","GEL","GEL","","00000000",""
"507","KES","KES","","00000000",""
"701","TTD","TTD","780","00000000",""
"108","MRO","MRO","478","00000000",""
"500","JOD","JOD","","00000000",""
"519","GHC","GHC","","00000000",""
"507","KHR","KHR","","00000000",""
"108","MTL","MTL","470","00000000",""
"500","JPY","JPY","831","00000000",""
"519","GIP","GIP","","00000000",""
"701","TWD","TWD","901","00000000",""
"507","KIS","KIS","","00000000",""
"108","MUR","MUR","480","00000000",""
"500","KES","KES","","00000000",""
"519","GMD","GMD","","00000000",""
"701","TZS","TZS","834","00000000",""
"108","MVR","MVR","462","00000000",""
"507","KMF","KMF","","00000000",""
"500","KHR","KHR","","00000000",""
"701","UAH","UAH","980","00000000",""
"519","GNF","GNF","","00000000",""
"108","MWK","MWK","454","00000000",""
"500","KIS","KIS","","00000000",""
"519","GRD","GRD","","00000000",""
"507","KPW","KPW","","00000000",""
"701","UGX","UGX","800","00000000",""
"108","MXN","MXN","484","00000000",""
"500","KMF","KMF","","00000000",""
"519","GTQ","GTQ","","00000000",""
"108","MYR","MYR","458","00000000",""
"507","KRW","KRW","","00000000",""
"701","USD","USD","840","00000000","X"
"519","GWP","GWP","","00000000",""
"500","KPW","KPW","","00000000",""
"108","MZM","MZM","508","00000000",""
"507","KWD","KWD","","00000000",""
"519","GYD","GYD","","00000000",""
"500","KRW","KRW","","00000000",""
"108","NAD","NAD","516","00000000",""
"701","USDN","USD","840","00000000",""
"519","HKD","HKD","","00000000",""
"500","KWD","KWD","","00000000",""
"507","KYD","KYD","","00000000",""
"108","NGN","NGN","566","00000000",""
"701","UYU","UYU","858","00000000",""
"519","HNL","HNL","","00000000",""
"500","KYD","KYD","","00000000",""
"507","KZT","KZT","","00000000",""
"519","HRK","HRK","","00000000",""
"500","KZT","KZT","","00000000",""
"701","UZS","UZS","860","00000000",""
"108","NIO","NIO","558","00000000",""
"507","LAK","LAK","","00000000",""
"519","HTG","HTG","","00000000",""
"108","NLG","NLG","528","00000000",""
"500","LAK","LAK","","00000000",""
"701","VEB","VEB","862","00000000",""
"519","HUF","HUF","","00000000",""
"507","LBP","LBP","","00000000",""
"108","NOK","NOK","578","00000000",""
"701","VND","VND","704","00000000",""
"500","LBP","LBP","","00000000",""
"519","IDR","IDR","","00000000",""
"108","NPR","NPR","524","00000000",""
"507","LKR","LKR","","00000000",""
"701","VUV","VUV","548","00000000",""
"519","IEP","IEP","","00000000",""
"500","LKR","LKR","","00000000",""
"108","NZD","NZD","554","00000000",""
"507","LRD","LRD","","00000000",""
"519","ILS","ILS","","00000000",""
"701","WST","WST","882","00000000",""
"108","OMR","OMR","512","00000000",""
"500","LRD","LRD","","00000000",""
"519","INR","INR","","00000000",""
"507","LSL","LSL","","00000000",""
"701","XAF","XAF","950","00000000",""
"108","PAB","PAB","590","00000000",""
"519","IQD","IQD","","00000000",""
"500","LSL","LSL","","00000000",""
"701","XCD","XCD","951","00000000",""
"507","LTL","LTL","","00000000",""
"108","PEN","PEN","604","00000000",""
"519","IRR","IRR","","00000000",""
"500","LTL","LTL","","00000000",""
"701","XDS","","","00000000",""
"108","PGK","PGK","598","00000000",""
"519","ISK","ISK","","00000000",""
"507","LUF","LUF","","00000000",""
"701","XEU","XEU","954","00000000",""
"500","LUF","LUF","","00000000",""
"519","ITL","ITL","071","00000000",""
"108","PHP","PHP","608","00000000",""
"507","LVL","LVL","","00000000",""
"701","XOF","XOF","952","00000000",""
"519","JMD","JMD","","00000000",""
"500","LVL","LVL","","00000000",""
"108","PKR","PKR","586","00000000",""
"519","JOD","JOD","","00000000",""
"701","XPF","XPF","953","00000000","X"
"500","LYD","LYD","","00000000",""
"507","LYD","LYD","","00000000",""
"108","PLN","PLN","985","00000000",""
"701","YER","YER","886","00000000",""
"500","MAD","MAD","","00000000",""
"519","JPY","JPY","831","00000000",""
"108","PTE","PTE","620","00000000",""
"507","MAD","MAD","","00000000",""
"701","YUM","YUM","891","00000000",""
"500","MDL","MDL","","00000000",""
"519","KES","KES","","00000000",""
"108","PYG","PYG","600","00000000",""
"507","MDL","MDL","","00000000",""
"500","MGF","MGF","","00000000",""
"519","KGS","KGS","","00000000",""
"701","ZAR","ZAR","710","00000000",""
"108","QAR","QAR","634","00000000",""
"507","MGF","MGF","","00000000",""
"500","MNT","MNT","","00000000",""
"701","ZMK","ZMK","894","00000000",""
"519","KHR","KHR","","00000000",""
"108","RMB","CNY","156","00000000",""
"507","MNT","MNT","","00000000",""
"500","MOP","MOP","","00000000",""
"519","KMF","KMF","","00000000",""
"701","ZRN","ZRN","180","00000000",""
"108","ROL","ROL","642","00000000",""
"500","MRO","MRO","","00000000",""
"507","MOP","MOP","","00000000",""
"519","KPW","KPW","","00000000",""
"701","ZWD","ZWD","716","00000000",""
"108","RUB","RUB","643","00000000",""
"500","MTL","MTL","","00000000",""
"519","KRW","KRW","","00000000",""
"507","MRO","MRO","","00000000",""
"108","RWF","RWF","646","00000000",""
"800","ADP","ADP","020","00000000",""
"500","MUR","MUR","","00000000",""
"519","KWD","KWD","","00000000",""
"108","SAR","SAR","682","00000000",""
"507","MTL","MTL","","00000000",""
"800","AED","AED","784","00000000",""
"519","KYD","KYD","","00000000",""
"500","MVR","MVR","","00000000",""
"507","MUR","MUR","","00000000",""
"800","AFA","AFA","004","00000000",""
"108","SBD","SBD","090","00000000",""
"519","KZT","KZT","","00000000",""
"500","MWK","MWK","","00000000",""
"108","SCR","SCR","690","00000000",""
"519","LAK","LAK","","00000000",""
"507","MVR","MVR","","00000000",""
"800","AFN","AFN","971","00000000",""
"500","MXN","MXN","","00000000",""
"108","SDP","SDP","736","00000000",""
"519","LBP","LBP","","00000000",""
"507","MWK","MWK","","00000000",""
"800","ALL","ALL","008","00000000",""
"500","MXP","MXP","","19931231",""
"108","SEK","SEK","752","00000000",""
"519","LKR","LKR","","00000000",""
"507","MXN","MXN","","00000000",""
"108","SGD","SGD","702","00000000",""
"500","MYR","MYR","","00000000",""
"800","AMD","AMD","051","00000000",""
"519","LRD","LRD","","00000000",""
"507","MXP","MXP","","19931231",""
"108","SHP","SHP","654","00000000",""
"500","MZM","MZM","","00000000",""
"519","LSL","LSL","","00000000",""
"800","ANG","ANG","532","00000000",""
"108","SIT","SIT","705","00000000",""
"507","MYR","MYR","","00000000",""
"500","NGN","NGN","","00000000",""
"519","LTL","LTL","","00000000",""
"800","AOA","AOA","973","00000000",""
"507","MZM","MZM","","00000000",""
"108","SKK","SKK","703","00000000",""
"500","NIC","NIC","","00000000",""
"519","LUF","LUF","","00000000",""
"108","SLL","SLL","694","00000000",""
"800","AOK","AOK","","00000000",""
"507","NGN","NGN","","00000000",""
"519","LVL","LVL","","00000000",""
"500","NLG","NLG","041","00000000",""
"108","SOS","SOS","706","00000000",""
"507","NIC","NIC","","00000000",""
"800","AON","AON","024","00000000",""
"500","NOK","NOK","","00000000",""
"519","LYD","LYD","","00000000",""
"108","SRG","SRG","740","00000000",""
"507","NLG","NLG","041","00000000",""
"500","NPR","NPR","","00000000",""
"519","MAD","MAD","","00000000",""
"800","AOR","AOR","982","00000000",""
"108","STD","STD","678","00000000",""
"507","NOK","NOK","","00000000",""
"519","MDL","MDL","","00000000",""
"500","NZD","NZD","","00000000",""
"800","ARA","ARA","","00000000",""
"108","SVC","SVC","222","00000000",""
"507","NPR","NPR","","00000000",""
"519","MGF","MGF","","00000000",""
"108","SYP","SYP","760","00000000",""
"800","ARS","ARS","032","00000000",""
"507","NZD","NZD","","00000000",""
"500","OMR","OMR","","00000000",""
"519","MMK","MMK","","00000000",""
"108","SZL","SZL","748","00000000",""
"507","OMR","OMR","","00000000",""
"519","MNT","MNT","","00000000",""
"108","THB","THB","764","00000000",""
"800","ATS","ATS","040","00000000",""
"500","PAB","PAB","","00000000",""
"519","MOP","MOP","","00000000",""
"108","TJR","TJR","762","00000000",""
"500","PEI","PEI","","00000000",""
"800","AUD","AUD","036","00000000","X"
"507","PAB","PAB","","00000000",""
"519","MRO","MRO","","00000000",""
"108","TMM","TMM","795","00000000",""
"500","PGK","PGK","","00000000",""
"519","MTL","MTL","","00000000",""
"800","AUD4","AUD","","00000000",""
"108","TND","TND","788","00000000",""
"507","PEI","PEI","","00000000",""
"519","MUR","MUR","","00000000",""
"800","AUD5","AUD","","00000000",""
"108","TOP","TOP","776","00000000",""
"500","PHP","PHP","","00000000",""
"507","PGK","PGK","","00000000",""
"519","MVR","MVR","","00000000",""
"800","AWG","AWG","533","00000000",""
"108","TPE","TPE","626","00000000",""
"500","PKR","PKR","","00000000",""
"507","PHP","PHP","","00000000",""
"519","MWK","MWK","","00000000",""
"800","AZM","AZM","031","00000000",""
"500","PLZ","PLZ","","00000000",""
"108","TRL","TRL","792","00000000",""
"519","MXN","MXN","484","00000000",""
"108","TTD","TTD","780","00000000",""
"500","PTE","PTE","","00000000",""
"507","PKR","PKR","","00000000",""
"800","BAD","BAD","","00000000",""
"519","MXV","MXV","979","00000000",""
"108","TWD","TWD","901","00000000",""
"500","PYG","PYG","","00000000",""
"519","MYR","MYR","","00000000",""
"800","BAM","BAM","977","00000000",""
"507","PLZ","PLZ","","00000000",""
"108","TZS","TZS","834","00000000",""
"500","QAR","QAR","","00000000",""
"519","MZM","MZM","","00000000",""
"800","BBD","BBD","052","00000000",""
"108","UAH","UAH","980","00000000",""
"507","PTE","PTE","","00000000",""
"500","RMB","CNY","061","00000000",""
"519","NAD","NAD","","00000000",""
"800","BDT","BDT","050","00000000",""
"108","UGX","UGX","800","00000000",""
"507","PYG","PYG","","00000000",""
"519","NGN","NGN","","00000000",""
"500","ROL","ROL","","00000000",""
"800","BEF","BEF","056","00000000",""
"108","USD","USD","840","00000000","X"
"507","QAR","QAR","","00000000",""
"519","NIO","NIO","","00000000",""
"500","RUB","RUR","RUR","00000000",""
"800","BGL","BGL","","00000000",""
"108","USDN","USD","840","00000000",""
"519","NLG","NLG","041","00000000",""
"507","RMB","CNY","061","00000000",""
"500","RUR","RUR","RUR","00000000",""
"108","UYU","UYU","858","00000000",""
"519","NOK","NOK","","00000000",""
"800","BGN","BGN","975","00000000",""
"500","RWF","RWF","","00000000",""
"507","ROL","ROL","","00000000",""
"108","UZS","UZS","860","00000000",""
"519","NPR","NPR","","00000000",""
"500","SAR","SAR","","00000000",""
"507","RUB","RUR","RUR","00000000",""
"800","BHD","BHD","048","00000000",""
"108","VEB","VEB","862","00000000",""
"519","NZD","NZD","","00000000",""
"500","SBD","SBD","","00000000",""
"507","RUR","RUR","RUR","00000000",""
"108","VND","VND","704","00000000",""
"519","OMR","OMR","","00000000",""
"800","BIF","BIF","108","00000000",""
"500","SCR","SCR","","00000000",""
"507","RWF","RWF","","00000000",""
"108","VUV","VUV","548","00000000",""
"519","PAB","PAB","","00000000",""
"800","BMD","BMD","060","00000000",""
"500","SDP","SDP","","00000000",""
"507","SAR","SAR","","00000000",""
"108","WST","WST","882","00000000",""
"519","PEN","PEN","","00000000",""
"800","BND","BND","096","00000000",""
"500","SEK","SEK","081","00000000",""
"507","SBD","SBD","","00000000",""
"519","PGK","PGK","","00000000",""
"800","BOB","BOB","068","00000000",""
"108","XAF","XAF","950","00000000",""
"500","SGD","SGD","","00000000",""
"519","PHP","PHP","","00000000",""
"507","SCR","SCR","","00000000",""
"800","BRC","BRC","","00000000",""
"500","SHP","SHP","","00000000",""
"108","XCD","XCD","951","00000000",""
"519","PKR","PKR","","00000000",""
"507","SDP","SDP","","00000000",""
"800","BRL","BRL","986","00000000",""
"500","SIT","SIT","","00000000",""
"519","PLN","PLN","","00000000",""
"108","XDS","","","00000000",""
"800","BSD","BSD","044","00000000",""
"507","SEK","SEK","081","00000000",""
"519","PTE","PTE","","20011231",""
"108","XEU","XEU","954","00000000",""
"500","SKK","SKK","","00000000",""
"800","BTN","BTN","064","00000000",""
"519","PYG","PYG","","00000000",""
"108","XOF","XOF","952","00000000",""
"507","SGD","SGD","","00000000",""
"500","SLL","SLL","","00000000",""
"519","QAR","QAR","","00000000",""
"800","BWP","BWP","072","00000000",""
"507","SHP","SHP","","00000000",""
"500","SOS","SOS","","00000000",""
"108","XPF","XPF","953","00000000","X"
"519","RMB","","","00000000",""
"800","BYB","BYB","112","00000000",""
"500","SRG","SRG","","00000000",""
"507","SIT","SIT","","00000000",""
"108","YER","YER","886","00000000",""
"519","ROL","ROL","","00000000",""
"800","BYR","BYR","974","00000000",""
"500","STD","STD","","00000000",""
"507","SKK","SKK","","00000000",""
"519","RUB","RUB","RUB","00000000",""
"108","YUM","YUM","891","00000000",""
"500","SUR","SUR","","00000000",""
"507","SLL","SLL","","00000000",""
"519","RWF","RWF","","00000000",""
"800","BZD","BZD","084","00000000",""
"108","ZAR","ZAR","710","00000000",""
"519","SAR","SAR","","00000000",""
"108","ZMK","ZMK","894","00000000",""
"507","SOS","SOS","","00000000",""
"500","SVC","SVC","","00000000",""
"800","CAD","CAD","124","00000000",""
"519","SBD","SBD","","00000000",""
"108","ZRN","ZRN","180","00000000",""
"507","SRG","SRG","","00000000",""
"500","SYP","SYP","","00000000",""
"800","CDF","CDF","976","00000000",""
"108","ZWD","ZWD","716","00000000",""
"519","SCR","SCR","","00000000",""
"507","STD","STD","","00000000",""
"500","SZL","SZL","","00000000",""
"109","ADP","ADP","020","00000000",""
"800","CFP","XPF","953","00000000",""
"519","SDP","SDP","","00000000",""
"500","THB","THB","","00000000",""
"507","SUR","SUR","","00000000",""
"109","AED","AED","784","00000000",""
"519","SEK","SEK","081","00000000",""
"800","CHF","CHF","756","00000000",""
"500","TJR","TJR","","00000000",""
"109","AFA","AFA","004","00000000",""
"507","SVC","SVC","","00000000",""
"519","SGD","SGD","","00000000",""
"800","CLP","CLP","152","00000000",""
"109","ALL","ALL","008","00000000",""
"500","TMM","TMM","","00000000",""
"519","SHP","SHP","","00000000",""
"800","CNY","CNY","156","00000000","X"
"507","SYP","SYP","","00000000",""
"109","AMD","AMD","051","00000000",""
"500","TND","TND","","00000000",""
"519","SIT","SIT","","00000000",""
"800","COP","COP","170","00000000",""
"507","SZL","SZL","","00000000",""
"109","ANG","ANG","532","00000000",""
"500","TOP","TOP","","00000000",""
"519","SKK","SKK","","00000000",""
"800","CRC","CRC","188","00000000",""
"109","AON","AON","024","00000000",""
"500","TPE","TPE","","00000000",""
"507","THB","THB","","00000000",""
"519","SLL","SLL","","00000000",""
"109","AOR","AOR","982","00000000",""
"800","CUP","CUP","192","00000000",""
"519","SOS","SOS","","00000000",""
"500","TRL","TRL","","00000000",""
"507","TJR","TJR","","00000000",""
"109","ARS","ARS","032","00000000",""
"519","SRG","SRG","","00000000",""
"800","CVE","CVE","132","00000000",""
"500","TTD","TTD","","00000000",""
"507","TMM","TMM","","00000000",""
"519","STD","STD","","00000000",""
"109","ATS","ATS","040","00000000",""
"507","TND","TND","","00000000",""
"500","TWD","TWD","","00000000",""
"800","CYP","CYP","196","00000000",""
"519","SVC","SVC","","00000000",""
"109","AUD","AUD","036","00000000",""
"507","TOP","TOP","","00000000",""
"519","SYP","SYP","","00000000",""
"500","TZS","TZS","","00000000",""
"800","CZK","CZK","203","00000000",""
"109","AWG","AWG","533","00000000",""
"519","SZL","SZL","","00000000",""
"507","TPE","TPE","","00000000",""
"500","UAK","UAK","","00000000",""
"800","DEM","DEM","280","00000000","X"
"109","AZM","AZM","031","00000000",""
"519","THB","THB","","00000000",""
"507","TRL","TRL","","00000000",""
"500","UGS","UGS","","00000000",""
"519","TJR","TJR","","00000000",""
"109","BAM","BAM","977","00000000",""
"500","USD","USD","011","00000000",""
"800","DEM3","DEM","280","00000000",""
"519","TMM","TMM","","00000000",""
"507","TTD","TTD","","00000000",""
"109","BBD","BBD","052","00000000",""
"500","UYP","UYP","","00000000",""
"519","TND","TND","","00000000",""
"507","TWD","TWD","","00000000",""
"800","DJF","DJF","262","00000000",""
"109","BDT","BDT","050","00000000",""
"500","VEB","VEB","","00000000",""
"519","TOP","TOP","","00000000",""
"507","TZS","TZS","","00000000",""
"109","BEF","BEF","056","00000000",""
"800","DKK","DKK","208","00000000",""
"500","VND","VND","","00000000",""
"519","TPE","TPE","","00000000",""
"109","BGN","BGN","975","00000000",""
"507","UAK","UAK","","00000000",""
"519","TRL","TRL","","00000000",""
"500","VUV","VUV","","00000000",""
"800","DOP","DOP","214","00000000",""
"109","BHD","BHD","048","00000000",""
"507","UGS","UGS","","00000000",""
"519","TTD","TTD","","00000000",""
"500","WST","WST","","00000000",""
"800","DZD","DZD","012","00000000",""
"109","BIF","BIF","108","00000000",""
"507","USD","USD","011","00000000",""
"519","TWD","TWD","","00000000",""
"500","XAF","XAF","","00000000",""
"109","BMD","BMD","060","00000000",""
"800","ECS","ECS","218","00000000",""
"507","UYP","UYP","","00000000",""
"519","TZS","TZS","","00000000",""
"500","XCD","XCD","","00000000",""
"109","BND","BND","096","00000000",""
"800","ECU","0","","00000000",""
"519","UAH","UAH","980","00000000",""
"507","VEB","VEB","","00000000",""
"500","XCU","XCU","","00000000",""
"109","BOB","BOB","068","00000000",""
"507","VND","VND","","00000000",""
"519","UGX","UGX","","00000000",""
"800","EEK","EEK","233","00000000",""
"500","XOF","XOF","","00000000",""
"109","BRL","BRL","986","00000000",""
"507","VUV","VUV","","00000000",""
"519","USD","USD","011","00000000",""
"500","YER","YER","","00000000",""
"109","BSD","BSD","044","00000000",""
"800","EGP","EGP","818","00000000",""
"507","WST","WST","","00000000",""
"500","ZAR","ZAR","","00000000",""
"519","USDN","USD","011","00000000",""
"109","BTN","BTN","064","00000000",""
"507","XAF","XAF","","00000000",""
"800","ERN","ERN","232","00000000",""
"519","UYU","UYU","","00000000",""
"109","BWP","BWP","072","00000000",""
"500","ZMK","ZMK","","00000000",""
"519","UZS","UZS","","00000000",""
"800","ESP","ESP","724","00000000",""
"109","BYB","BYB","112","00000000",""
"507","XCD","XCD","","00000000",""
"500","ZRZ","ZRZ","","00000000",""
"519","VEB","VEB","","00000000",""
"800","ETB","ETB","230","00000000",""
"109","BZD","BZD","084","00000000",""
"500","ZWD","ZWD","","00000000",""
"519","VND","VND","","00000000",""
"507","XCU","XCU","","00000000",""
"109","CAD","CAD","124","00000000",""
"800","EUR","EUR","978","00000000","X"
"502","ADP","ADP","","00000000",""
"519","VUV","VUV","","00000000",""
"507","XOF","XOF","","00000000",""
"109","CFP","XPF","953","00000000",""
"519","WST","WST","","00000000",""
"502","AED","AED","","00000000",""
"800","EUR3","EUR","","00000000",""
"507","YER","YER","","00000000",""
"109","CHF","CHF","756","00000000",""
"519","XAF","XAF","","00000000",""
"502","AFA","AFA","","00000000",""
"800","FIM","FIM","246","00000000",""
"109","CLP","CLP","152","00000000",""
"507","ZAR","ZAR","","00000000",""
"519","XCD","XCD","","00000000",""
"502","ALL","ALL","","00000000",""
"109","CNY","CNY","156","00000000","X"
"519","XDS","XDS","","00000000",""
"800","FJD","FJD","242","00000000",""
"507","ZMK","ZMK","","00000000",""
"502","AMD","AMD","","00000000",""
"109","COP","COP","170","00000000",""
"519","XEU","XEU","","00000000",""
"507","ZRZ","ZRZ","","00000000",""
"109","CRC","CRC","188","00000000",""
"800","FKP","FKP","238","00000000",""
"502","ANG","ANG","","00000000",""
"519","XOF","XOF","","00000000",""
"507","ZWD","ZWD","","00000000",""
"109","CUP","CUP","192","00000000",""
"519","XPF","XPF","","00000000",""
"502","AOK","AOK","","00000000",""
"800","FRF","FRF","250","00000000",""
"508","ADP","ADP","","00000000",""
"109","CVE","CVE","132","00000000",""
"519","YER","YER","","00000000",""
"502","ARA","ARA","","00000000",""
"800","GBP","GBP","826","00000000",""
"109","CYP","CYP","196","00000000",""
"502","ATS","ATS","","00000000",""
"508","AED","AED","","00000000",""
"519","YUM","YUM","YUM","00000000",""
"800","GEK","GEK","","00000000",""
"109","CZK","CZK","203","00000000",""
"508","AFA","AFA","","00000000",""
"519","ZAR","ZAR","","00000000",""
"800","GEL","GEL","981","00000000",""
"109","DEM","DEM","280","00000000","X"
"508","ALL","ALL","","00000000",""
"519","ZMK","ZMK","","00000000",""
"800","GHC","GHC","288","00000000",""
"109","DEM3","DEM","280","00000000",""
"508","AMD","AMD","","00000000",""
"502","AUD","AUD","","00000000",""
"519","ZRN","ZRN","","00000000",""
"800","GIP","GIP","292","00000000",""
"508","ANG","ANG","","00000000",""
"502","AWG","AWG","","00000000",""
"109","DJF","DJF","262","00000000",""
"519","ZWD","ZWD","","00000000",""
"800","GMD","GMD","270","00000000",""
"508","AOK","AOK","","00000000",""
"502","AZM","AZM","","00000000",""
"109","DKK","DKK","208","00000000",""
"522","ADP","ADP","020","00000000",""
"800","GNF","GNF","324","00000000",""
"502","BAD","BAD","","00000000",""
"508","ARA","ARA","","00000000",""
"522","AED","AED","784","00000000",""
"800","GRD","GRD","300","00000000",""
"109","DOP","DOP","214","00000000",""
"502","BBD","BBD","","00000000",""
"522","AFA","AFA","004","00000000",""
"508","ATS","ATS","","00000000",""
"800","GTQ","GTQ","320","00000000",""
"109","DZD","DZD","012","00000000",""
"502","BDT","BDT","","00000000",""
"508","AUD","AUD","","00000000",""
"522","AFN","AFN","971","00000000",""
"800","GWP","GWP","624","00000000",""
"109","ECS","ECS","218","00000000",""
"502","BEF","BEF","","00000000",""
"508","AWG","AWG","","00000000",""
"522","ALL","ALL","008","00000000",""
"800","GYD","GYD","328","00000000",""
"109","EEK","EEK","233","00000000",""
"502","BGL","BGL","","00000000",""
"508","AZM","AZM","","00000000",""
"522","AMD","AMD","051","00000000",""
"502","BHD","BHD","","00000000",""
"109","EGP","EGP","818","00000000",""
"800","HKD","HKD","344","00000000",""
"502","BIF","BIF","","00000000",""
"522","ANG","ANG","532","00000000",""
"508","BAD","BAD","","00000000",""
"109","ERN","ERN","232","00000000",""
"800","HNL","HNL","340","00000000",""
"522","AOA","AOA","973","00000000",""
"508","BBD","BBD","","00000000",""
"502","BMD","BMD","","00000000",""
"109","ESP","ESP","724","00000000",""
"800","HRK","HRK","191","00000000",""
"522","AON","AON","024","00000000",""
"508","BDT","BDT","","00000000",""
"502","BND","BND","","00000000",""
"800","HTG","HTG","332","00000000",""
"109","ETB","ETB","230","00000000",""
"522","AOR","AOR","982","00000000",""
"502","BOB","BOB","","00000000",""
"508","BEF","BEF","","00000000",""
"800","HUF","HUF","348","00000000",""
"109","EUR","EUR","978","00000000",""
"522","ARS","ARS","032","00000000",""
"502","BRC","BRC","","00000000",""
"508","BGL","BGL","","00000000",""
"800","IDR","IDR","360","00000000",""
"109","FIM","FIM","246","00000000",""
"522","ATS","ATS","040","00000000",""
"502","BSD","BSD","","00000000",""
"109","FJD","FJD","242","00000000",""
"800","IEP","IEP","372","00000000",""
"502","BWP","BWP","","00000000",""
"508","BHD","BHD","","00000000",""
"522","AUD","AUD","036","00000000",""
"109","FKP","FKP","238","00000000",""
"800","IGPM","IGP","","00000000",""
"522","AWG","AWG","533","00000000",""
"508","BIF","BIF","","00000000",""
"109","FRF","FRF","250","00000000",""
"502","BYR","BYR","","00000000",""
"109","GBP","GBP","826","00000000",""
"502","BZD","BZD","","00000000",""
"522","AZM","AZM","031","00000000",""
"800","ILS","ILS","376","00000000",""
"508","BMD","BMD","","00000000",""
"109","GEL","GEL","981","00000000",""
"502","CAD","CAD","","00000000",""
"522","BAM","BAM","977","00000000",""
"800","INR","INR","356","00000000",""
"508","BND","BND","","00000000",""
"109","GHC","GHC","288","00000000",""
"502","CHF","CHF","051","00000000",""
"522","BBD","BBD","052","00000000",""
"800","IQD","IQD","368","00000000",""
"109","GIP","GIP","292","00000000",""
"502","CLP","CLP","","00000000",""
"508","BOB","BOB","","00000000",""
"522","BDT","BDT","050","00000000",""
"109","GMD","GMD","270","00000000",""
"800","IRR","IRR","364","00000000",""
"502","COP","COP","","00000000",""
"522","BEF","BEF","056","00000000",""
"109","GNF","GNF","324","00000000",""
"508","BRC","BRC","","00000000",""
"800","ISK","ISK","352","00000000",""
"502","CRC","CRC","","00000000",""
"522","BGN","BGN","975","00000000",""
"109","GRD","GRD","300","00000000",""
"800","ITL","ITL","380","00000000",""
"508","BSD","BSD","","00000000",""
"522","BHD","BHD","048","00000000",""
"109","GTQ","GTQ","320","00000000",""
"502","CUP","CUP","","00000000",""
"800","JMD","JMD","388","00000000",""
"508","BWP","BWP","","00000000",""
"522","BIF","BIF","108","00000000",""
"109","GWP","GWP","624","00000000",""
"502","CVE","CVE","","00000000",""
"522","BMD","BMD","060","00000000",""
"508","BYR","BYR","","00000000",""
"502","CYP","CYP","","00000000",""
"522","BND","BND","096","00000000",""
"109","GYD","GYD","328","00000000",""
"502","CZK","CZK","","00000000",""
"508","BZD","BZD","","00000000",""
"522","BOB","BOB","068","00000000",""
"109","HKD","HKD","344","00000000",""
"502","DEM","DEM","061","00000000",""
"522","BRL","BRL","986","00000000",""
"109","HNL","HNL","340","00000000",""
"508","CAD","CAD","","00000000",""
"502","DJF","DJF","","00000000",""
"522","BSD","BSD","044","00000000",""
"109","HRK","HRK","191","00000000",""
"502","DKK","DKK","","00000000",""
"508","CHF","CHF","051","00000000",""
"109","HTG","HTG","332","00000000",""
"522","BTN","BTN","064","00000000",""
"502","DOP","DOP","","00000000",""
"508","CLP","CLP","","00000000",""
"522","BWP","BWP","072","00000000",""
"502","DZD","DZD","","00000000",""
"109","HUF","HUF","348","00000000",""
"508","COP","COP","","00000000",""
"522","BYB","BYB","112","00000000",""
"502","ECS","ECS","","00000000",""
"109","IDR","IDR","360","00000000",""
"522","BYR","BYR","974","00000000",""
"508","CRC","CRC","","00000000",""
"109","IEP","IEP","372","00000000",""
"502","ECU","ECU","","00000000",""
"522","BZD","BZD","084","00000000",""
"109","ILS","ILS","376","00000000",""
"502","EEK","EEK","","00000000",""
"508","CUP","CUP","","00000000",""
"522","CAD","CAD","124","00000000",""
"109","INR","INR","356","00000000",""
"502","EGP","EGP","","00000000",""
"522","CDF","CDF","976","00000000",""
"508","CVE","CVE","","00000000",""
"502","ESP","ESP","141","00000000",""
"109","IQD","IQD","368","00000000",""
"522","CFP","XPF","953","00000000",""
"508","CYP","CYP","","00000000",""
"502","ETB","ETB","","00000000",""
"109","IRR","IRR","364","00000000",""
"522","CHF","CHF","756","00000000",""
"508","CZK","CZK","","00000000",""
"502","EURO","EUR","","00000000",""
"109","ISK","ISK","352","00000000",""
"522","CLP","CLP","152","00000000",""
"502","FIM","FIM","","00000000",""
"109","ITL","ITL","380","00000000",""
"508","DEM","DEM","061","00000000",""
"502","FJD","FJD","","00000000",""
"522","CNY","CNY","156","00000000","X"
"109","JMD","JMD","388","00000000",""
"508","DJF","DJF","","00000000",""
"502","FKP","FKP","","00000000",""
"109","JOD","JOD","400","00000000",""
"522","COP","COP","170","00000000",""
"508","DKK","DKK","","00000000",""
"109","JPY","JPY","392","00000000",""
"502","FRF","FRF","021","00000000",""
"522","CRC","CRC","188","00000000",""
"508","DOP","DOP","","00000000",""
"109","KES","KES","404","00000000",""
"502","GBP","GBP","031","00000000",""
"508","DZD","DZD","","00000000",""
"109","KGS","KGS","417","00000000",""
"522","CSD","CSD","891","00000000",""
"502","GEK","GEK","","00000000",""
"508","ECS","ECS","","00000000",""
"109","KHR","KHR","116","00000000",""
"522","CUP","CUP","192","00000000",""
"502","GHC","GHC","","00000000",""
"508","ECU","ECU","","00000000",""
"109","KMF","KMF","174","00000000",""
"522","CVE","CVE","132","00000000",""
"502","GIP","GIP","","00000000",""
"109","KPW","KPW","408","00000000",""
"508","EEK","EEK","","00000000",""
"522","CYP","CYP","196","00000000",""
"502","GMD","GMD","","00000000",""
"109","KRW","KRW","410","00000000",""
"522","CZK","CZK","203","00000000",""
"502","GNF","GNF","","00000000",""
"522","DEM","DEM","280","00000000","X"
"508","EGP","EGP","","00000000",""
"109","KWD","KWD","414","00000000",""
"502","GRD","GRD","","00000000",""
"522","DEM3","DEM","280","00000000",""
"109","KYD","KYD","136","00000000",""
"508","ESP","ESP","141","00000000",""
"522","DJF","DJF","262","00000000",""
"109","KZT","KZT","398","00000000",""
"502","GTQ","GTQ","","00000000",""
"522","DKK","DKK","208","00000000",""
"508","ETB","ETB","","00000000",""
"109","LAK","LAK","418","00000000",""
"502","GWP","GWP","","00000000",""
"522","DOP","DOP","214","00000000",""
"109","LBP","LBP","422","00000000",""
"508","FIM","FIM","","00000000",""
"502","GYD","GYD","","00000000",""
"522","DZD","DZD","012","00000000",""
"109","LKR","LKR","144","00000000",""
"502","HKD","HKD","","00000000",""
"508","FJD","FJD","","00000000",""
"522","ECS","ECS","218","00000000",""
"109","LRD","LRD","430","00000000",""
"502","HNL","HNL","","00000000",""
"522","EEK","EEK","233","00000000",""
"502","HRD","HRD","","00000000",""
"109","LSL","LSL","426","00000000",""
"508","FKP","FKP","","00000000",""
"522","EGP","EGP","818","00000000",""
"109","LTL","LTL","440","00000000",""
"502","HTG","HTG","","00000000",""
"508","FRF","FRF","021","00000000",""
"522","ERN","ERN","232","00000000",""
"109","LUF","LUF","442","00000000",""
"502","HUF","HUF","","00000000",""
"522","ESP","ESP","724","00000000",""
"508","GBP","GBP","031","00000000",""
"109","LVL","LVL","428","00000000",""
"502","IDR","IDR","","00000000",""
"522","ETB","ETB","230","00000000",""
"109","LYD","LYD","434","00000000",""
"508","GEK","GEK","","00000000",""
"502","IEP","IEP","","00000000",""
"522","EUR","EUR","978","00000000",""
"109","MAD","MAD","504","00000000",""
"508","GHC","GHC","","00000000",""
"502","ILS","ILS","","00000000",""
"109","MDL","MDL","498","00000000",""
"522","EUR4","EU4","978","00000000",""
"109","MGF","MGF","450","00000000",""
"508","GIP","GIP","","00000000",""
"502","INR","INR","","00000000",""
"522","FIM","FIM","246","00000000",""
"109","MKD","MKD","807","00000000",""
"522","FJD","FJD","242","00000000",""
"508","GMD","GMD","","00000000",""
"502","IQD","IQD","","00000000",""
"109","MMK","MMK","104","00000000",""
"522","FKP","FKP","238","00000000",""
"502","IRR","IRR","","00000000",""
"508","GNF","GNF","","00000000",""
"109","MNT","MNT","496","00000000",""
"522","FRF","FRF","250","00000000",""
"502","ISK","ISK","","00000000",""
"109","MOP","MOP","446","00000000",""
"522","GBP","GBP","826","00000000",""
"502","ITL","ITL","071","00000000",""
"508","GRD","GRD","","00000000",""
"109","MRO","MRO","478","00000000",""
"522","GEL","GEL","981","00000000",""
"502","JMD","JMD","","00000000",""
"522","GHC","GHC","288","00000000",""
"109","MTL","MTL","470","00000000",""
"508","GTQ","GTQ","","00000000",""
"502","JOD","JOD","","00000000",""
"109","MUR","MUR","480","00000000",""
"522","GIP","GIP","292","00000000",""
"502","JPY","JPY","831","00000000",""
"508","GWP","GWP","","00000000",""
"109","MVR","MVR","462","00000000",""
"522","GMD","GMD","270","00000000",""
"502","KES","KES","","00000000",""
"508","GYD","GYD","","00000000",""
"109","MWK","MWK","454","00000000",""
"522","GNF","GNF","324","00000000",""
"502","KHR","KHR","","00000000",""
"109","MXN","MXN","484","00000000",""
"522","GRD","GRD","300","00000000",""
"508","HKD","HKD","","00000000",""
"502","KIS","KIS","","00000000",""
"109","MYR","MYR","458","00000000",""
"522","GTQ","GTQ","320","00000000",""
"109","MZM","MZM","508","00000000",""
"508","HNL","HNL","","00000000",""
"522","GWP","GWP","624","00000000",""
"502","KMF","KMF","","00000000",""
"109","NAD","NAD","516","00000000",""
"522","GYD","GYD","328","00000000",""
"508","HRD","HRD","","00000000",""
"502","KPW","KPW","","00000000",""
"109","NGN","NGN","566","00000000",""
"109","NIO","NIO","558","00000000",""
"502","KRW","KRW","","00000000",""
"508","HTG","HTG","","00000000",""
"522","HKD","HKD","344","00000000",""
"109","NLG","NLG","528","00000000",""
"502","KWD","KWD","","00000000",""
"522","HNL","HNL","340","00000000",""
"508","HUF","HUF","","00000000",""
"109","NOK","NOK","578","00000000",""
"502","KYD","KYD","","00000000",""
"522","HRK","HRK","191","00000000",""
"109","NPR","NPR","524","00000000",""
"508","IDR","IDR","","00000000",""
"522","HTG","HTG","332","00000000",""
"109","NZD","NZD","554","00000000",""
"502","KZT","KZT","","00000000",""
"508","IEP","IEP","","00000000",""
"522","HUF","HUF","348","00000000",""
"109","OMR","OMR","512","00000000",""
"502","LAK","LAK","","00000000",""
"522","IDR","IDR","360","00000000",""
"508","ILS","ILS","","00000000",""
"109","PAB","PAB","590","00000000",""
"502","LBP","LBP","","00000000",""
"109","PEN","PEN","604","00000000",""
"522","IEP","IEP","372","00000000",""
"508","INR","INR","","00000000",""
"502","LKR","LKR","","00000000",""
"109","PGK","PGK","598","00000000",""
"522","ILS","ILS","376","00000000",""
"502","LRD","LRD","","00000000",""
"508","IQD","IQD","","00000000",""
"522","INR","INR","356","00000000",""
"109","PHP","PHP","608","00000000",""
"502","LSL","LSL","","00000000",""
"508","IRR","IRR","","00000000",""
"522","IQD","IQD","368","00000000",""
"109","PKR","PKR","586","00000000",""
"502","LTL","LTL","","00000000",""
"522","IRR","IRR","364","00000000",""
"508","ISK","ISK","","00000000",""
"502","LUF","LUF","","00000000",""
"109","PLN","PLN","985","00000000",""
"522","ISK","ISK","352","00000000",""
"109","PTE","PTE","620","00000000",""
"502","LVL","LVL","","00000000",""
"508","ITL","ITL","071","00000000",""
"522","ITL","ITL","380","00000000",""
"109","PYG","PYG","600","00000000",""
"502","LYD","LYD","","00000000",""
"522","JMD","JMD","388","00000000",""
"508","JMD","JMD","","00000000",""
"109","QAR","QAR","634","00000000",""
"502","MAD","MAD","","00000000",""
"522","JOD","JOD","400","00000000",""
"508","JOD","JOD","","00000000",""
"109","RMB","CNY","156","00000000",""
"522","JPY","JPY","392","00000000",""
"502","MDL","MDL","","00000000",""
"109","ROL","ROL","642","00000000",""
"508","JPY","JPY","831","00000000",""
"502","MGF","MGF","","00000000",""
"522","KES","KES","404","00000000",""
"109","RUB","RUB","643","00000000",""
"502","MNT","MNT","","00000000",""
"522","KGS","KGS","417","00000000",""
"508","KES","KES","","00000000",""
"109","RWF","RWF","646","00000000",""
"522","KHR","KHR","116","00000000",""
"502","MOP","MOP","","00000000",""
"508","KHR","KHR","","00000000",""
"109","SAR","SAR","682","00000000",""
"502","MRO","MRO","","00000000",""
"109","SBD","SBD","090","00000000",""
"522","KMF","KMF","174","00000000",""
"508","KIS","KIS","","00000000",""
"502","MTL","MTL","","00000000",""
"109","SCR","SCR","690","00000000",""
"508","KMF","KMF","","00000000",""
"522","KPW","KPW","408","00000000",""
"502","MUR","MUR","","00000000",""
"109","SDP","SDP","736","00000000",""
"508","KPW","KPW","","00000000",""
"522","KRW","KRW","410","00000000",""
"502","MVR","MVR","","00000000",""
"109","SEK","SEK","752","00000000",""
"508","KRW","KRW","","00000000",""
"522","KWD","KWD","414","00000000",""
"502","MWK","MWK","","00000000",""
"109","SGD","SGD","702","00000000",""
"522","KYD","KYD","136","00000000",""
"502","MXN","MXN","","00000000",""
"109","SHP","SHP","654","00000000",""
"508","KWD","KWD","","00000000",""
"522","KZT","KZT","398","00000000",""
"502","MXP","MXP","","19931231",""
"109","SIT","SIT","705","00000000",""
"508","KYD","KYD","","00000000",""
"522","LAK","LAK","418","00000000",""
"109","SKK","SKK","703","00000000",""
"502","MYR","MYR","","00000000",""
"522","LBP","LBP","422","00000000",""
"109","SLL","SLL","694","00000000",""
"502","MZM","MZM","","00000000",""
"508","KZT","KZT","","00000000",""
"522","LKR","LKR","144","00000000",""
"109","SOS","SOS","706","00000000",""
"502","NGN","NGN","","00000000",""
"522","LRD","LRD","430","00000000",""
"109","SRG","SRG","740","00000000",""
"508","LAK","LAK","","00000000",""
"502","NIC","NIC","","00000000",""
"109","STD","STD","678","00000000",""
"522","LSL","LSL","426","00000000",""
"502","NLG","NLG","041","00000000",""
"508","LBP","LBP","","00000000",""
"109","SVC","SVC","222","00000000",""
"522","LTL","LTL","440","00000000",""
"502","NOK","NOK","","00000000",""
"109","SYP","SYP","760","00000000",""
"522","LUF","LUF","442","00000000",""
"508","LKR","LKR","","00000000",""
"502","NPR","NPR","","00000000",""
"109","SZL","SZL","748","00000000",""
"522","LVL","LVL","428","00000000",""
"502","NZD","NZD","","00000000",""
"508","LRD","LRD","","00000000",""
"109","THB","THB","764","00000000",""
"502","OMR","OMR","","00000000",""
"508","LSL","LSL","","00000000",""
"522","LYD","LYD","434","00000000",""
"109","TJR","TJR","762","00000000",""
"502","PAB","PAB","","00000000",""
"522","MAD","MAD","504","00000000",""
"109","TMM","TMM","795","00000000",""
"508","LTL","LTL","","00000000",""
"522","MDL","MDL","498","00000000",""
"502","PEI","PEI","","00000000",""
"109","TND","TND","788","00000000",""
"508","LUF","LUF","","00000000",""
"502","PGK","PGK","","00000000",""
"522","MGA","MGA","969","00000000",""
"109","TOP","TOP","776","00000000",""
"508","LVL","LVL","","00000000",""
"502","PHP","PHP","","00000000",""
"109","TPE","TPE","626","00000000",""
"522","MGF","MGF","450","00000000",""
"508","LYD","LYD","","00000000",""
"502","PKR","PKR","","00000000",""
"109","TRL","TRL","792","00000000",""
"522","MKD","MKD","807","00000000",""
"508","MAD","MAD","","00000000",""
"502","PLZ","PLZ","","00000000",""
"109","TTD","TTD","780","00000000",""
"522","MMK","MMK","104","00000000",""
"508","MDL","MDL","","00000000",""
"502","PTE","PTE","","00000000",""
"109","TWD","TWD","901","00000000",""
"508","MGF","MGF","","00000000",""
"522","MNT","MNT","496","00000000",""
"502","PYG","PYG","","00000000",""
"109","TZS","TZS","834","00000000",""
"508","MNT","MNT","","00000000",""
"522","MOP","MOP","446","00000000",""
"109","UAH","UAH","980","00000000",""
"502","QAR","QAR","","00000000",""
"508","MOP","MOP","","00000000",""
"522","MRO","MRO","478","00000000",""
"109","UGX","UGX","800","00000000",""
"502","RMB","CNY","061","00000000",""
"522","MTL","MTL","470","00000000",""
"508","MRO","MRO","","00000000",""
"109","USD","USD","840","00000000","X"
"502","ROL","ROL","","00000000",""
"522","MUR","MUR","480","00000000",""
"109","USDN","USD","840","00000000",""
"508","MTL","MTL","","00000000",""
"502","RUB","RUR","RUR","00000000",""
"522","MVR","MVR","462","00000000",""
"508","MUR","MUR","","00000000",""
"109","UYU","UYU","858","00000000",""
"502","RUR","RUR","RUR","00000000",""
"522","MWK","MWK","454","00000000",""
"508","MVR","MVR","","00000000",""
"109","UZS","UZS","860","00000000",""
"502","RWF","RWF","","00000000",""
"522","MXN","MXN","484","00000000",""
"109","VEB","VEB","862","00000000",""
"508","MWK","MWK","","00000000",""
"502","SAR","SAR","","00000000",""
"522","MYR","MYR","458","00000000",""
"109","VND","VND","704","00000000",""
"508","MXN","MXN","","00000000",""
"502","SBD","SBD","","00000000",""
"109","VUV","VUV","548","00000000",""
"522","MZM","MZM","508","00000000",""
"508","MXP","MXP","","19931231",""
"502","SCR","SCR","","00000000",""
"522","NAD","NAD","516","00000000",""
"109","WST","WST","882","00000000",""
"508","MYR","MYR","","00000000",""
"522","NGN","NGN","566","00000000",""
"502","SDP","SDP","","00000000",""
"109","XAF","XAF","950","00000000",""
"522","NIO","NIO","558","00000000",""
"508","MZM","MZM","","00000000",""
"502","SEK","SEK","081","00000000",""
"522","NLG","NLG","528","00000000",""
"109","XCD","XCD","951","00000000",""
"508","NGN","NGN","","00000000",""
"522","NOK","NOK","578","00000000",""
"502","SGD","SGD","","00000000",""
"109","XDS","","","00000000",""
"522","NPR","NPR","524","00000000",""
"502","SHP","SHP","","00000000",""
"508","NIC","NIC","","00000000",""
"109","XEU","XEU","954","00000000",""
"522","NZD","NZD","554","00000000",""
"502","SIT","SIT","","00000000",""
"109","XOF","XOF","952","00000000",""
"526","VUV","VUV","548","00000000",""
"508","NLG","NLG","041","00000000",""
"522","OMR","OMR","512","00000000",""
"502","SKK","SKK","","00000000",""
"109","XPF","XPF","953","00000000","X"
"522","PAB","PAB","590","00000000",""
"508","NOK","NOK","","00000000",""
"526","WST","WST","882","00000000",""
"109","YER","YER","886","00000000",""
"502","SLL","SLL","","00000000",""
"522","PEN","PEN","604","00000000",""
"508","NPR","NPR","","00000000",""
"526","XAF","XAF","950","00000000",""
"109","YUM","YUM","891","00000000",""
"522","PGK","PGK","598","00000000",""
"502","SOS","SOS","","00000000",""
"508","NZD","NZD","","00000000",""
"526","XCD","XCD","951","00000000",""
"109","ZAR","ZAR","710","00000000",""
"522","PHP","PHP","608","00000000",""
"508","OMR","OMR","","00000000",""
"502","SRG","SRG","","00000000",""
"526","XDS","","","00000000",""
"109","ZMK","ZMK","894","00000000",""
"502","STD","STD","","00000000",""
"522","PKR","PKR","586","00000000",""
"508","PAB","PAB","","00000000",""
"109","ZRN","ZRN","180","00000000",""
"526","XEU","XEU","954","00000000",""
"522","PLN","PLN","985","00000000",""
"526","XOF","XOF","952","00000000",""
"109","ZWD","ZWD","716","00000000",""
"502","SUR","SUR","","00000000",""
"508","PEI","PEI","","00000000",""
"522","PTE","PTE","620","00000000",""
"110","ADP","ADP","020","00000000",""
"502","SVC","SVC","","00000000",""
"526","XPF","XPF","953","00000000","X"
"522","PYG","PYG","600","00000000",""
"508","PGK","PGK","","00000000",""
"110","AED","AED","784","00000000",""
"522","QAR","QAR","634","00000000",""
"502","SYP","SYP","","00000000",""
"508","PHP","PHP","","00000000",""
"526","YER","YER","886","00000000",""
"110","AFA","AFA","004","00000000",""
"522","RMB","CNY","156","00000000",""
"522","ROL","ROL","642","00000000",""
"526","YUM","YUM","891","00000000",""
"502","SZL","SZL","","00000000",""
"110","ALL","ALL","008","00000000",""
"508","PKR","PKR","","00000000",""
"522","RUB","RUB","643","00000000",""
"502","THB","THB","","00000000",""
"526","ZAR","ZAR","710","00000000",""
"110","AMD","AMD","051","00000000",""
"522","RWF","RWF","646","00000000",""
"508","PLZ","PLZ","","00000000",""
"110","ANG","ANG","532","00000000",""
"502","TJR","TJR","","00000000",""
"526","ZMK","ZMK","894","00000000",""
"522","SAR","SAR","682","00000000",""
"508","PTE","PTE","","00000000",""
"110","AON","AON","024","00000000",""
"502","TMM","TMM","","00000000",""
"522","SBD","SBD","090","00000000",""
"526","ZRN","ZRN","180","00000000",""
"508","PYG","PYG","","00000000",""
"110","AOR","AOR","982","00000000",""
"502","TND","TND","","00000000",""
"522","SCR","SCR","690","00000000",""
"110","ARS","ARS","032","00000000",""
"526","ZWD","ZWD","716","00000000",""
"508","QAR","QAR","","00000000",""
"502","TOP","TOP","","00000000",""
"522","SDD","SDD","736","00000000",""
"110","ATS","ATS","040","00000000",""
"537","ADP","ADP","","00000000",""
"522","SDP","SDP","736","00000000",""
"110","AUD","AUD","036","00000000",""
"502","TPE","TPE","","00000000",""
"508","RMB","CNY","061","00000000",""
"537","AED","AED","","00000000",""
"110","AWG","AWG","533","00000000",""
"522","SEK","SEK","752","00000000",""
"502","TRL","TRL","","00000000",""
"537","AFA","AFA","","00000000",""
"522","SGD","SGD","702","00000000",""
"508","ROL","ROL","","00000000",""
"110","AZM","AZM","031","00000000",""
"502","TTD","TTD","","00000000",""
"537","ALL","ALL","","00000000",""
"522","SHP","SHP","654","00000000",""
"508","RUB","RUR","RUR","00000000",""
"502","TWD","TWD","","00000000",""
"110","BAM","BAM","977","00000000",""
"537","AMD","AMD","","00000000",""
"522","SIT","SIT","705","00000000",""
"508","RUR","RUR","RUR","00000000",""
"502","TZS","TZS","","00000000",""
"522","SKK","SKK","703","00000000",""
"110","BBD","BBD","052","00000000",""
"537","ANG","ANG","","00000000",""
"522","SLL","SLL","694","00000000",""
"508","RWF","RWF","","00000000",""
"502","UAK","UAK","","00000000",""
"110","BDT","BDT","050","00000000",""
"537","AON","AON","","00000000",""
"522","SOS","SOS","706","00000000",""
"110","BEF","BEF","056","00000000",""
"508","SAR","SAR","","00000000",""
"502","UGS","UGS","","00000000",""
"522","SRD","SRD","968","00000000",""
"502","USD","USD","011","00000000",""
"110","BGN","BGN","975","00000000",""
"537","ARS","ARS","","00000000",""
"522","SRG","SRG","740","00000000",""
"508","SBD","SBD","","00000000",""
"502","UYP","UYP","","00000000",""
"110","BHD","BHD","048","00000000",""
"537","ATS","ATS","","00000000",""
"522","STD","STD","678","00000000",""
"508","SCR","SCR","","00000000",""
"502","VEB","VEB","","00000000",""
"110","BIF","BIF","108","00000000",""
"522","SVC","SVC","222","00000000",""
"537","AUD","AUD","","00000000",""
"508","SDP","SDP","","00000000",""
"502","VND","VND","","00000000",""
"110","BMD","BMD","060","00000000",""
"522","SYP","SYP","760","00000000",""
"537","AUDN","AUD","","00000000",""
"508","SEK","SEK","081","00000000",""
"502","VUV","VUV","","00000000",""
"110","BND","BND","096","00000000",""
"522","SZL","SZL","748","00000000",""
"537","AWG","AWG","","00000000",""
"508","SGD","SGD","","00000000",""
"110","BOB","BOB","068","00000000",""
"502","WST","WST","","00000000",""
"522","THB","THB","764","00000000",""
"537","AZM","AZM","","00000000",""
"508","SHP","SHP","","00000000",""
"110","BRL","BRL","986","00000000",""
"522","TJR","TJR","762","00000000",""
"502","XAF","XAF","","00000000",""
"537","BAD","BAD","","00000000",""
"508","SIT","SIT","","00000000",""
"110","BSD","BSD","044","00000000",""
"522","TJS","TJS","972","00000000",""
"537","BBD","BBD","","00000000",""
"502","XCD","XCD","","00000000",""
"508","SKK","SKK","","00000000",""
"522","TMM","TMM","795","00000000",""
"110","BTN","BTN","064","00000000",""
"537","BDT","BDT","","00000000",""
"502","XCU","XCU","","00000000",""
"508","SLL","SLL","","00000000",""
"522","TND","TND","788","00000000",""
"110","BWP","BWP","072","00000000",""
"537","BEF","BEF","","00000000",""
"502","XOF","XOF","","00000000",""
"522","TOP","TOP","776","00000000",""
"110","BYB","BYB","112","00000000",""
"508","SOS","SOS","","00000000",""
"537","BGL","BGL","","00000000",""
"522","TPE","TPE","626","00000000",""
"502","YER","YER","","00000000",""
"110","BZD","BZD","084","00000000",""
"508","SRG","SRG","","00000000",""
"537","BHD","BHD","","00000000",""
"522","TRL","TRL","792","00000000",""
"502","ZAR","ZAR","","00000000",""
"110","CAD","CAD","124","00000000",""
"522","TRY","TRY","949","00000000",""
"508","STD","STD","","00000000",""
"537","BIF","BIF","","00000000",""
"110","CFP","XPF","953","00000000",""
"502","ZMK","ZMK","","00000000",""
"522","TTD","TTD","780","00000000",""
"508","SUR","SUR","","00000000",""
"537","BMD","BMD","","00000000",""
"110","CHF","CHF","756","00000000",""
"522","TWD","TWD","901","00000000",""
"502","ZRZ","ZRZ","","00000000",""
"537","BND","BND","","00000000",""
"508","SVC","SVC","","00000000",""
"110","CLP","CLP","152","00000000",""
"522","TZS","TZS","834","00000000",""
"502","ZWD","ZWD","","00000000",""
"537","BOB","BOB","","00000000",""
"110","CNY","CNY","156","00000000","X"
"522","UAH","UAH","980","00000000",""
"537","BRL","BRL","","00000000",""
"505","ADP","ADP","","00000000",""
"508","SYP","SYP","","00000000",""
"522","UGX","UGX","800","00000000",""
"537","BSD","BSD","","00000000",""
"110","COP","COP","170","00000000",""
"505","AED","AED","","00000000",""
"508","SZL","SZL","","00000000",""
"522","USD","USD","840","00000000","X"
"537","BTN","BTN","","00000000",""
"110","CRC","CRC","188","00000000",""
"508","THB","THB","","00000000",""
"505","AFA","AFA","","00000000",""
"522","USDN","USD","840","00000000",""
"537","BWP","BWP","","00000000",""
"110","CUP","CUP","192","00000000",""
"522","UYU","UYU","858","00000000",""
"508","TJR","TJR","","00000000",""
"505","ALL","ALL","","00000000",""
"537","BYR","BYR","","00000000",""
"110","CVE","CVE","132","00000000",""
"508","TMM","TMM","","00000000",""
"505","AMD","AMD","","00000000",""
"537","BZD","BZD","","00000000",""
"522","UZS","UZS","860","00000000",""
"110","CYP","CYP","196","00000000",""
"505","ANG","ANG","","00000000",""
"537","CAD","CAD","","00000000",""
"522","VEB","VEB","862","00000000",""
"508","TND","TND","","00000000",""
"110","CZK","CZK","203","00000000",""
"505","AOK","AOK","","00000000",""
"537","CFP","CFP","","00000000",""
"522","VEF","VEF","937","00000000",""
"508","TOP","TOP","","00000000",""
"110","DEM","DEM","280","00000000","X"
"505","ARA","ARA","","00000000",""
"522","VND","VND","704","00000000",""
"537","CHF","CHF","051","00000000",""
"508","TPE","TPE","","00000000",""
"505","ATS","ATS","","00000000",""
"522","VUV","VUV","548","00000000",""
"110","DEM3","DEM","280","00000000",""
"537","CLP","CLP","","00000000",""
"508","TRL","TRL","","00000000",""
"505","AUD","AUD","","00000000",""
"522","WST","WST","882","00000000",""
"110","DJF","DJF","262","00000000",""
"508","TTD","TTD","","00000000",""
"537","CNY","CNY","","00000000",""
"522","XAF","XAF","950","00000000",""
"505","AWG","AWG","","00000000",""
"110","DKK","DKK","208","00000000",""
"508","TWD","TWD","","00000000",""
"537","COP","COP","","00000000",""
"522","XCD","XCD","951","00000000",""
"505","AZM","AZM","","00000000",""
"110","DOP","DOP","214","00000000",""
"508","TZS","TZS","","00000000",""
"537","CRC","CRC","","00000000",""
"522","XDS","","","00000000",""
"110","DZD","DZD","012","00000000",""
"505","BAD","BAD","","00000000",""
"508","UAK","UAK","","00000000",""
"537","CUP","CUP","","00000000",""
"522","XEU","XEU","954","00000000",""
"110","ECS","ECS","218","00000000",""
"508","UGS","UGS","","00000000",""
"505","BBD","BBD","","00000000",""
"522","XOF","XOF","952","00000000",""
"537","CVE","CVE","","00000000",""
"110","EEK","EEK","233","00000000",""
"508","USD","USD","011","00000000",""
"505","BDT","BDT","","00000000",""
"522","XPF","XPF","953","00000000","X"
"110","EGP","EGP","818","00000000",""
"537","CYP","CYP","","00000000",""
"508","UYP","UYP","","00000000",""
"522","YER","YER","886","00000000",""
"505","BEF","BEF","","00000000",""
"110","ERN","ERN","232","00000000",""
"522","YUM","YUM","891","00000000",""
"508","VEB","VEB","","00000000",""
"537","CZK","CZK","","00000000",""
"505","BGL","BGL","","00000000",""
"110","ESP","ESP","724","00000000",""
"522","ZAR","ZAR","710","00000000",""
"508","VND","VND","","00000000",""
"537","DEM","DEM","061","00000000",""
"110","ETB","ETB","230","00000000",""
"505","BHD","BHD","","00000000",""
"522","ZMK","ZMK","894","00000000",""
"508","VUV","VUV","","00000000",""
"110","EUR","EUR","978","00000000",""
"537","DJF","DJF","","00000000",""
"505","BIF","BIF","","00000000",""
"522","ZRN","ZRN","180","00000000",""
"508","WST","WST","","00000000",""
"110","FIM","FIM","246","00000000",""
"537","DKK","DKK","","00000000",""
"505","BMD","BMD","","00000000",""
"508","XAF","XAF","","00000000",""
"522","ZWD","ZWD","716","00000000",""
"110","FJD","FJD","242","00000000",""
"505","BND","BND","","00000000",""
"537","DOP","DOP","","00000000",""
"508","XCD","XCD","","00000000",""
"525","ADP","ADP","","00000000",""
"110","FKP","FKP","238","00000000",""
"505","BOB","BOB","","00000000",""
"537","DZD","DZD","","00000000",""
"525","AED","AED","","00000000",""
"110","FRF","FRF","250","00000000",""
"508","XCU","XCU","","00000000",""
"505","BRC","BRC","","00000000",""
"525","AFA","AFA","","00000000",""
"110","GBP","GBP","826","00000000",""
"537","ECS","ECS","","00000000",""
"508","XOF","XOF","","00000000",""
"505","BSD","BSD","","00000000",""
"110","GEL","GEL","981","00000000",""
"525","ALL","ALL","","00000000",""
"537","EEK","EEK","","00000000",""
"508","YER","YER","","00000000",""
"505","BWP","BWP","","00000000",""
"537","EGP","EGP","","00000000",""
"110","GHC","GHC","288","00000000",""
"525","AMD","AMD","","00000000",""
"508","ZAR","ZAR","","00000000",""
"505","BYR","BYR","","00000000",""
"525","ANG","ANG","","00000000",""
"110","GIP","GIP","292","00000000",""
"537","ESP","ESP","141","00000000",""
"508","ZMK","ZMK","","00000000",""
"505","BZD","BZD","","00000000",""
"525","AON","AON","","00000000",""
"110","GMD","GMD","270","00000000",""
"508","ZRZ","ZRZ","","00000000",""
"525","ARS","ARS","","00000000",""
"537","ETB","ETB","","00000000",""
"110","GNF","GNF","324","00000000",""
"505","CAD","CAD","","00000000",""
"508","ZWD","ZWD","","00000000",""
"525","ATS","ATS","","00000000",""
"110","GRD","GRD","300","00000000",""
"537","EUR","EUR","","00000000",""
"513","ADP","ADP","020","00000000",""
"505","CHF","CHF","051","00000000",""
"800","JOD","JOD","400","00000000",""
"525","AUD","AUD","","00000000","X"
"110","GTQ","GTQ","320","00000000",""
"513","AED","AED","784","00000000",""
"537","FIM","FIM","","00000000",""
"525","AUD4","AUD","","00000000",""
"505","CLP","CLP","","00000000",""
"800","JPY","JPY","392","00000000",""
"110","GWP","GWP","624","00000000",""
"537","FJD","FJD","","00000000",""
"513","AFA","AFA","004","00000000",""
"525","AUD5","AUD","","00000000",""
"800","KES","KES","404","00000000",""
"505","COP","COP","","00000000",""
"110","GYD","GYD","328","00000000",""
"525","AWG","AWG","","00000000",""
"537","FKP","FKP","","00000000",""
"800","KGS","KGS","417","00000000",""
"513","ALL","ALL","008","00000000",""
"505","CRC","CRC","","00000000",""
"110","HKD","HKD","344","00000000",""
"525","AZM","AZM","","00000000",""
"513","AMD","AMD","051","00000000",""
"537","FRF","FRF","021","00000000",""
"800","KHR","KHR","116","00000000",""
"505","CUP","CUP","","00000000",""
"110","HNL","HNL","340","00000000",""
"513","ANG","ANG","532","00000000",""
"525","BAD","BAD","","00000000",""
"537","GBP","GBP","031","00000000",""
"800","KIS","KIS","","00000000",""
"505","CVE","CVE","","00000000",""
"110","HRK","HRK","191","00000000",""
"513","AON","AON","024","00000000",""
"800","KMF","KMF","174","00000000",""
"525","BBD","BBD","","00000000",""
"110","HTG","HTG","332","00000000",""
"505","CYP","CYP","","00000000",""
"800","KPW","KPW","408","00000000",""
"525","BDT","BDT","","00000000",""
"513","AOR","AOR","982","00000000",""
"110","HUF","HUF","348","00000000",""
"505","CZK","CZK","","00000000",""
"525","BEF","BEF","","00000000",""
"513","ARS","ARS","032","00000000",""
"800","KRW","KRW","410","00000000",""
"110","IDR","IDR","360","00000000",""
"505","DEM","DEM","061","00000000",""
"525","BGL","BGL","","00000000",""
"513","ATS","ATS","040","00000000",""
"800","KWD","KWD","414","00000000",""
"525","BHD","BHD","","00000000",""
"505","DJF","DJF","","00000000",""
"110","IEP","IEP","372","00000000",""
"513","AUD","AUD","036","00000000",""
"525","BIF","BIF","","00000000",""
"110","ILS","ILS","376","00000000",""
"800","KYD","KYD","136","00000000",""
"513","AWG","AWG","533","00000000",""
"505","DKK","DKK","","00000000",""
"525","BMD","BMD","","00000000",""
"110","INR","INR","356","00000000",""
"513","AZM","AZM","031","00000000",""
"800","KZT","KZT","398","00000000",""
"525","BND","BND","","00000000",""
"513","BAM","BAM","977","00000000",""
"110","IQD","IQD","368","00000000",""
"800","LAK","LAK","418","00000000",""
"525","BOB","BOB","","00000000",""
"513","BBD","BBD","052","00000000",""
"110","IRR","IRR","364","00000000",""
"525","BRL","BRL","","00000000",""
"800","LBP","LBP","422","00000000",""
"513","BDT","BDT","050","00000000",""
"110","ISK","ISK","352","00000000",""
"525","BSD","BSD","","00000000",""
"505","DOP","DOP","","00000000",""
"800","LKR","LKR","144","00000000",""
"513","BEF","BEF","056","00000000",""
"110","ITL","ITL","380","00000000",""
"525","BTN","BTN","","00000000",""
"800","LRD","LRD","430","00000000",""
"505","DZD","DZD","","00000000",""
"513","BGN","BGN","975","00000000",""
"110","JMD","JMD","388","00000000",""
"525","BWP","BWP","","00000000",""
"800","LSL","LSL","426","00000000",""
"513","BHD","BHD","048","00000000",""
"505","ECS","ECS","","00000000",""
"110","JOD","JOD","400","00000000",""
"800","LTL","LTL","440","00000000",""
"513","BIF","BIF","108","00000000",""
"110","JPY","JPY","392","00000000",""
"525","BYR","BYR","","00000000",""
"505","ECU","ECU","","00000000",""
"800","LUF","LUF","442","00000000",""
"513","BMD","BMD","060","00000000",""
"110","KES","KES","404","00000000",""
"525","BZD","BZD","","00000000",""
"505","EEK","EEK","","00000000",""
"800","LVL","LVL","428","00000000",""
"513","BND","BND","096","00000000",""
"525","CAD","CAD","","00000000",""
"110","KGS","KGS","417","00000000",""
"505","EGP","EGP","","00000000",""
"513","BOB","BOB","068","00000000",""
"800","LYD","LYD","434","00000000",""
"525","CFP","CFP","","00000000",""
"505","ESP","ESP","141","00000000",""
"110","KHR","KHR","116","00000000",""
"513","BRL","BRL","986","00000000",""
"800","MAD","MAD","504","00000000",""
"525","CHF","CHF","051","00000000",""
"505","ETB","ETB","","00000000",""
"110","KMF","KMF","174","00000000",""
"513","BSD","BSD","044","00000000",""
"800","MDL","MDL","498","00000000",""
"525","CLP","CLP","","00000000",""
"110","KPW","KPW","408","00000000",""
"513","BTN","BTN","064","00000000",""
"505","EUR","EUR","","00000000",""
"525","CNY","CNY","","00000000",""
"800","MGF","MGF","450","00000000",""
"110","KRW","KRW","410","00000000",""
"513","BWP","BWP","072","00000000",""
"525","COP","COP","","00000000",""
"800","MKD","MKD","807","00000000",""
"505","FIM","FIM","","00000000",""
"110","KWD","KWD","414","00000000",""
"525","CRC","CRC","","00000000",""
"513","BYB","BYB","112","00000000",""
"505","FJD","FJD","","00000000",""
"800","MMK","MMK","104","00000000",""
"525","CUP","CUP","","00000000",""
"110","KYD","KYD","136","00000000",""
"513","BZD","BZD","084","00000000",""
"505","FKP","FKP","","00000000",""
"525","CVE","CVE","","00000000",""
"110","KZT","KZT","398","00000000",""
"800","MNT","MNT","496","00000000",""
"513","CAD","CAD","124","00000000",""
"505","FRF","FRF","021","00000000",""
"525","CYP","CYP","","00000000",""
"110","LAK","LAK","418","00000000",""
"513","CFP","XPF","953","00000000",""
"800","MOP","MOP","446","00000000",""
"525","CZK","CZK","","00000000",""
"110","LBP","LBP","422","00000000",""
"513","CHF","CHF","756","00000000",""
"505","GBP","GBP","031","00000000",""
"525","DEM","DEM","061","00000000",""
"800","MRO","MRO","478","00000000",""
"110","LKR","LKR","144","00000000",""
"513","CLP","CLP","152","00000000",""
"505","GEK","GEK","","00000000",""
"525","DJF","DJF","","00000000",""
"800","MTL","MTL","470","00000000",""
"110","LRD","LRD","430","00000000",""
"513","CNY","CNY","156","00000000","X"
"505","GHC","GHC","","00000000",""
"525","DKK","DKK","","00000000",""
"513","COP","COP","170","00000000",""
"800","MUR","MUR","480","00000000",""
"110","LSL","LSL","426","00000000",""
"525","DOP","DOP","","00000000",""
"505","GIP","GIP","","00000000",""
"513","CRC","CRC","188","00000000",""
"110","LTL","LTL","440","00000000",""
"525","DZD","DZD","","00000000",""
"800","MVR","MVR","462","00000000",""
"513","CUP","CUP","192","00000000",""
"505","GMD","GMD","","00000000",""
"110","LUF","LUF","442","00000000",""
"525","ECS","ECS","","00000000",""
"800","MWK","MWK","454","00000000",""
"110","LVL","LVL","428","00000000",""
"505","GNF","GNF","","00000000",""
"525","EEK","EEK","","00000000",""
"513","CVE","CVE","132","00000000",""
"800","MXN","MXN","484","00000000",""
"525","EGP","EGP","","00000000",""
"110","LYD","LYD","434","00000000",""
"505","GRD","GRD","","00000000",""
"513","CYP","CYP","196","00000000",""
"110","MAD","MAD","504","00000000",""
"525","ESP","ESP","141","00000000",""
"513","CZK","CZK","203","00000000",""
"800","MXP","MXP","","19931231",""
"505","GTQ","GTQ","","00000000",""
"525","ETB","ETB","","00000000",""
"110","MDL","MDL","498","00000000",""
"513","DEM","DEM","280","00000000","X"
"800","MYR","MYR","458","00000000",""
"505","GWP","GWP","","00000000",""
"525","EUR","EUR","","00000000",""
"110","MGF","MGF","450","00000000",""
"513","DEM3","DEM","280","00000000",""
"505","GYD","GYD","","00000000",""
"800","MZM","MZM","508","00000000",""
"110","MKD","MKD","807","00000000",""
"525","FIM","FIM","","00000000",""
"513","DJF","DJF","262","00000000",""
"505","HKD","HKD","","00000000",""
"800","NAD","NAD","516","00000000",""
"513","DKK","DKK","208","00000000",""
"110","MMK","MMK","104","00000000",""
"525","FJD","FJD","","00000000",""
"505","HNL","HNL","","00000000",""
"800","NGN","NGN","566","00000000",""
"513","DOP","DOP","214","00000000",""
"525","FKP","FKP","","00000000",""
"110","MNT","MNT","496","00000000",""
"505","HRD","HRD","","00000000",""
"800","NIC","NIC","","00000000",""
"513","DZD","DZD","012","00000000",""
"505","HTG","HTG","","00000000",""
"110","MOP","MOP","446","00000000",""
"525","FRF","FRF","021","00000000",""
"800","NIO","NIO","558","00000000",""
"513","ECS","ECS","218","00000000",""
"110","MRO","MRO","478","00000000",""
"505","HUF","HUF","","00000000",""
"800","NLG","NLG","528","00000000",""
"525","GBP","GBP","031","00000000",""
"513","EEK","EEK","233","00000000",""
"110","MTL","MTL","470","00000000",""
"505","IDR","IDR","","00000000",""
"525","GEK","GEK","","00000000",""
"110","MUR","MUR","480","00000000",""
"513","EGP","EGP","818","00000000",""
"800","NOK","NOK","578","00000000",""
"505","IEP","IEP","","00000000",""
"525","GHC","GHC","","00000000",""
"110","MVR","MVR","462","00000000",""
"513","ERN","ERN","232","00000000",""
"800","NPR","NPR","524","00000000",""
"505","ILS","ILS","","00000000",""
"525","GIP","GIP","","00000000",""
"110","MWK","MWK","454","00000000",""
"513","ESP","ESP","724","00000000",""
"525","GMD","GMD","","00000000",""
"505","INR","INR","","00000000",""
"110","MXN","MXN","484","00000000",""
"800","NUC","","","00000000",""
"513","ETB","ETB","230","00000000",""
"525","GNS","GNS","","00000000",""
"505","IQD","IQD","","00000000",""
"110","MYR","MYR","458","00000000",""
"513","EUR","EUR","978","00000000",""
"800","NZD","NZD","554","00000000",""
"525","GRD","GRD","","00000000",""
"110","MZM","MZM","508","00000000",""
"505","IRR","IRR","","00000000",""
"513","FIM","FIM","246","00000000",""
"800","OMR","OMR","512","00000000",""
"110","NAD","NAD","516","00000000",""
"505","ISK","ISK","","00000000",""
"513","FJD","FJD","242","00000000",""
"800","PAB","PAB","590","00000000",""
"110","NGN","NGN","566","00000000",""
"513","FKP","FKP","238","00000000",""
"505","ITL","ITL","071","00000000",""
"800","PEI","PEI","","00000000",""
"110","NIO","NIO","558","00000000",""
"513","FRF","FRF","250","00000000",""
"505","JMD","JMD","","00000000",""
"800","PEN","PEN","604","00000000",""
"110","NLG","NLG","528","00000000",""
"513","GBP","GBP","826","00000000",""
"505","JOD","JOD","","00000000",""
"525","GTQ","GTQ","","00000000",""
"800","PGK","PGK","598","00000000",""
"110","NOK","NOK","578","00000000",""
"505","JPY","JPY","831","00000000",""
"513","GEL","GEL","981","00000000",""
"525","GWP","GWP","","00000000",""
"800","PHP","PHP","608","00000000",""
"110","NPR","NPR","524","00000000",""
"513","GHC","GHC","288","00000000",""
"525","GYD","GYD","","00000000",""
"505","KES","KES","","00000000",""
"110","NZD","NZD","554","00000000",""
"800","PKR","PKR","586","00000000",""
"525","HKD","HKD","","00000000",""
"505","KHR","KHR","","00000000",""
"513","GIP","GIP","292","00000000",""
"110","OMR","OMR","512","00000000",""
"525","HNL","HNL","","00000000",""
"800","PKT","PKT","","00000000",""
"513","GMD","GMD","270","00000000",""
"505","KIS","KIS","","00000000",""
"110","PAB","PAB","590","00000000",""
"525","HRK","HRK","","00000000",""
"800","PLN","PLN","985","00000000",""
"513","GNF","GNF","324","00000000",""
"505","KMF","KMF","","00000000",""
"525","HTG","HTG","","00000000",""
"110","PEN","PEN","604","00000000",""
"513","GRD","GRD","300","00000000",""
"800","PLZ","PLZ","","00000000",""
"110","PGK","PGK","598","00000000",""
"525","HUF","HUF","","00000000",""
"505","KPW","KPW","","00000000",""
"513","GTQ","GTQ","320","00000000",""
"110","PHP","PHP","608","00000000",""
"800","PTE","PTE","620","00000000",""
"525","IDR","IDR","","00000000",""
"505","KRW","KRW","","00000000",""
"513","GWP","GWP","624","00000000",""
"110","PKR","PKR","586","00000000",""
"800","PYG","PYG","600","00000000",""
"525","IEP","IEP","","00000000",""
"505","KWD","KWD","","00000000",""
"513","GYD","GYD","328","00000000",""
"110","PLN","PLN","985","00000000",""
"537","GEK","GEK","","00000000",""
"800","QAR","QAR","634","00000000",""
"525","ILS","ILS","","00000000",""
"505","KYD","KYD","","00000000",""
"513","HKD","HKD","344","00000000",""
"537","GHC","GHC","","00000000",""
"800","RMB","CNY","156","00000000",""
"110","PTE","PTE","620","00000000",""
"525","INR","INR","","00000000",""
"505","KZT","KZT","","00000000",""
"513","HNL","HNL","340","00000000",""
"537","GIP","GIP","","00000000",""
"525","IQD","IQD","","00000000",""
"800","ROL","ROL","642","00000000",""
"110","PYG","PYG","600","00000000",""
"505","LAK","LAK","","00000000",""
"513","HRK","HRK","191","00000000",""
"800","RUB","RUB","643","00000000",""
"525","IRR","IRR","","00000000",""
"537","GMD","GMD","","00000000",""
"110","QAR","QAR","634","00000000",""
"505","LBP","LBP","","00000000",""
"800","RUR","RUR","RUR","00000000",""
"513","HTG","HTG","332","00000000",""
"110","RMB","CNY","156","00000000",""
"525","ISK","ISK","","00000000",""
"505","LKR","LKR","","00000000",""
"537","GNS","GNS","","00000000",""
"513","HUF","HUF","348","00000000",""
"110","ROL","ROL","642","00000000",""
"800","RWF","RWF","646","00000000",""
"537","GRD","GRD","","00000000",""
"505","LRD","LRD","","00000000",""
"525","ITL","ITL","071","20101231",""
"110","RUB","RUB","643","00000000",""
"513","IDR","IDR","360","00000000",""
"800","SAR","SAR","682","00000000",""
"537","GTQ","GTQ","","00000000",""
"505","LSL","LSL","","00000000",""
"525","JMD","JMD","","00000000",""
"110","RWF","RWF","646","00000000",""
"513","IEP","IEP","372","00000000",""
"505","LTL","LTL","","00000000",""
"537","GWP","GWP","","00000000",""
"800","SBD","SBD","090","00000000",""
"525","JOD","JOD","","00000000",""
"110","SAR","SAR","682","00000000",""
"505","LUF","LUF","","00000000",""
"513","ILS","ILS","376","00000000",""
"525","JPY","JPY","831","00000000",""
"537","GYD","GYD","","00000000",""
"800","SCR","SCR","690","00000000",""
"505","LVL","LVL","","00000000",""
"110","SBD","SBD","090","00000000",""
"513","INR","INR","356","00000000",""
"525","KES","KES","","00000000",""
"537","HKD","HKD","","00000000",""
"110","SCR","SCR","690","00000000",""
"505","LYD","LYD","","00000000",""
"513","IQD","IQD","368","00000000",""
"800","SDD","SDD","736","00000000",""
"525","KGS","KGS","","00000000",""
"537","HNL","HNL","","00000000",""
"110","SDP","SDP","736","00000000",""
"505","MAD","MAD","","00000000",""
"513","IRR","IRR","364","00000000",""
"525","KHR","KHR","","00000000",""
"800","SDP","SDP","736","00000000",""
"537","HRK","HRK","","00000000",""
"505","MDL","MDL","","00000000",""
"110","SEK","SEK","752","00000000",""
"513","ISK","ISK","352","00000000",""
"525","KMF","KMF","","00000000",""
"537","HTG","HTG","","00000000",""
"110","SGD","SGD","702","00000000",""
"505","MGF","MGF","","00000000",""
"800","SEK","SEK","752","00000000",""
"525","KPW","KPW","","00000000",""
"513","ITL","ITL","380","00000000",""
"537","HUF","HUF","","00000000",""
"110","SHP","SHP","654","00000000",""
"505","MNT","MNT","","00000000",""
"525","KRW","KRW","","00000000",""
"800","SGD","SGD","702","00000000",""
"537","IDR","IDR","","00000000",""
"513","JMD","JMD","388","00000000",""
"110","SIT","SIT","705","00000000",""
"525","KWD","KWD","","00000000",""
"505","MOP","MOP","","00000000",""
"537","IEP","IEP","","00000000",""
"800","SHP","SHP","654","00000000",""
"110","SKK","SKK","703","00000000",""
"525","KYD","KYD","","00000000",""
"505","MRO","MRO","","00000000",""
"513","JOD","JOD","400","00000000",""
"537","ILS","ILS","","00000000",""
"800","SIT","SIT","705","00000000",""
"525","KZT","KZT","","00000000",""
"110","SLL","SLL","694","00000000",""
"505","MTL","MTL","","00000000",""
"537","INR","INR","","00000000",""
"513","JPY","JPY","392","00000000",""
"800","SKK","SKK","703","00000000",""
"525","LAK","LAK","","00000000",""
"110","SOS","SOS","706","00000000",""
"505","MUR","MUR","","00000000",""
"537","IQD","IQD","","00000000",""
"513","KES","KES","404","00000000",""
"525","LBP","LBP","","00000000",""
"800","SLL","SLL","694","00000000",""
"505","MVR","MVR","","00000000",""
"110","SRG","SRG","740","00000000",""
"513","KGS","KGS","417","00000000",""
"537","IRR","IRR","","00000000",""
"525","LKR","LKR","","00000000",""
"505","MWK","MWK","","00000000",""
"110","STD","STD","678","00000000",""
"800","SOS","SOS","706","00000000",""
"513","KHR","KHR","116","00000000",""
"537","ISK","ISK","","00000000",""
"525","LRD","LRD","","00000000",""
"505","MXN","MXN","","00000000",""
"800","SRG","SRG","740","00000000",""
"110","SVC","SVC","222","00000000",""
"525","LSL","LSL","","00000000",""
"537","ITL","ITL","071","00000000",""
"513","KMF","KMF","174","00000000",""
"110","SYP","SYP","760","00000000",""
"505","MXP","MXP","","19931231",""
"800","STD","STD","678","00000000",""
"525","LTL","LTL","","00000000",""
"537","JMD","JMD","","00000000",""
"110","SZL","SZL","748","00000000",""
"513","KPW","KPW","408","00000000",""
"505","MYR","MYR","","00000000",""
"525","LUF","LUF","","00000000",""
"537","JOD","JOD","","00000000",""
"800","SUR","SUR","","00000000",""
"110","THB","THB","764","00000000",""
"525","LVL","LVL","","00000000",""
"513","KRW","KRW","410","00000000",""
"505","MZM","MZM","","00000000",""
"537","JPY","JPY","831","00000000",""
"110","TJR","TJR","762","00000000",""
"800","SVC","SVC","222","00000000",""
"525","LYD","LYD","","00000000",""
"537","KES","KES","","00000000",""
"513","KWD","KWD","414","00000000",""
"505","NGN","NGN","","00000000",""
"110","TMM","TMM","795","00000000",""
"525","MAD","MAD","","00000000",""
"800","SYP","SYP","760","00000000",""
"537","KGS","KGS","","00000000",""
"110","TND","TND","788","00000000",""
"525","MDL","MDL","","00000000",""
"513","KYD","KYD","136","00000000",""
"505","NIC","NIC","","00000000",""
"800","SZL","SZL","748","00000000",""
"537","KHR","KHR","","00000000",""
"525","MGF","MGF","","00000000",""
"110","TOP","TOP","776","00000000",""
"505","NLG","NLG","041","00000000",""
"513","KZT","KZT","398","00000000",""
"537","KMF","KMF","","00000000",""
"800","THB","THB","764","00000000",""
"525","MNT","MNT","","00000000",""
"110","TPE","TPE","626","00000000",""
"513","LAK","LAK","418","00000000",""
"537","KPW","KPW","","00000000",""
"505","NOK","NOK","","00000000",""
"800","TJLP","BND","","00000000",""
"525","MOP","MOP","","00000000",""
"110","TRL","TRL","792","00000000",""
"537","KRW","KRW","","00000000",""
"505","NPR","NPR","","00000000",""
"513","LBP","LBP","422","00000000",""
"800","TJR","TJR","762","00000000",""
"110","TTD","TTD","780","00000000",""
"525","MRO","MRO","","00000000",""
"537","KWD","KWD","","00000000",""
"513","LKR","LKR","144","00000000",""
"110","TWD","TWD","901","00000000",""
"525","MTL","MTL","","00000000",""
"537","KYD","KYD","","00000000",""
"800","TJS","TJS","972","00000000",""
"110","TZS","TZS","834","00000000",""
"513","LRD","LRD","430","00000000",""
"525","MUR","MUR","","00000000",""
"537","KZT","KZT","","00000000",""
"110","UAH","UAH","980","00000000",""
"525","MVR","MVR","","00000000",""
"537","LAK","LAK","","00000000",""
"513","LSL","LSL","426","00000000",""
"505","NZD","NZD","","00000000",""
"110","UGX","UGX","800","00000000",""
"525","MWK","MWK","","00000000",""
"513","LTL","LTL","440","00000000",""
"505","OMR","OMR","","00000000",""
"537","LBP","LBP","","00000000",""
"110","USD","USD","840","00000000","X"
"525","MXN","MXN","","00000000",""
"513","LUF","LUF","442","00000000",""
"505","PAB","PAB","","00000000",""
"110","USDN","USD","840","00000000",""
"537","LKR","LKR","","00000000",""
"525","MYR","MYR","","00000000",""
"513","LVL","LVL","428","00000000",""
"505","PEI","PEI","","00000000",""
"110","UYU","UYU","858","00000000",""
"537","LRD","LRD","","00000000",""
"525","MZM","MZM","","00000000",""
"513","LYD","LYD","434","00000000",""
"505","PGK","PGK","","00000000",""
"110","UZS","UZS","860","00000000",""
"525","NGN","NGN","","00000000",""
"513","MAD","MAD","504","00000000",""
"537","LSL","LSL","","00000000",""
"505","PHP","PHP","","00000000",""
"525","NIC","NIC","","00000000",""
"110","VEB","VEB","862","00000000",""
"513","MDL","MDL","498","00000000",""
"537","LTL","LTL","","00000000",""
"110","VND","VND","704","00000000",""
"525","NLG","NLG","041","00000000",""
"513","MGF","MGF","450","00000000",""
"505","PKR","PKR","","00000000",""
"537","LUF","LUF","","00000000",""
"513","MKD","MKD","807","00000000",""
"525","NOK","NOK","","00000000",""
"505","PLZ","PLZ","","00000000",""
"110","VUV","VUV","548","00000000",""
"537","LVL","LVL","","00000000",""
"525","NPR","NPR","","00000000",""
"513","MMK","MMK","104","00000000",""
"505","PTE","PTE","","00000000",""
"110","WST","WST","882","00000000",""
"537","LYD","LYD","","00000000",""
"525","NZD","NZD","","00000000",""
"513","MNT","MNT","496","00000000",""
"110","XAF","XAF","950","00000000",""
"537","MAD","MAD","","00000000",""
"505","PYG","PYG","","00000000",""
"525","OMR","OMR","","00000000",""
"513","MOP","MOP","446","00000000",""
"110","XCD","XCD","951","00000000",""
"537","MDL","MDL","","00000000",""
"525","PAB","PAB","","00000000",""
"505","QAR","QAR","","00000000",""
"513","MRO","MRO","478","00000000",""
"110","XDS","","","00000000",""
"525","PEN","PEN","","00000000",""
"537","MGF","MGF","","00000000",""
"505","RMB","CNY","061","00000000",""
"513","MTL","MTL","470","00000000",""
"110","XEU","XEU","954","00000000",""
"525","PGK","PGK","","00000000",""
"537","MNT","MNT","","00000000",""
"505","ROL","ROL","","00000000",""
"513","MUR","MUR","480","00000000",""
"110","XOF","XOF","952","00000000",""
"525","PHP","PHP","","00000000",""
"537","MOP","MOP","","00000000",""
"505","RUB","RUR","RUR","00000000",""
"110","XPF","XPF","953","00000000","X"
"537","MRO","MRO","","00000000",""
"513","MVR","MVR","462","00000000",""
"525","PKR","PKR","","00000000",""
"800","TMM","TMM","795","00000000",""
"505","RUR","RUR","RUR","00000000",""
"110","YER","YER","886","00000000",""
"537","MTL","MTL","","00000000",""
"525","PLN","PLN","","00000000",""
"505","RWF","RWF","","00000000",""
"110","YUM","YUM","891","00000000",""
"800","TND","TND","788","00000000",""
"537","MUR","MUR","","00000000",""
"525","PTE","PTE","","00000000",""
"513","MWK","MWK","454","00000000",""
"110","ZAR","ZAR","710","00000000",""
"505","SAR","SAR","","00000000",""
"525","PYG","PYG","","00000000",""
"537","MVR","MVR","","00000000",""
"800","TOP","TOP","776","00000000",""
"110","ZMK","ZMK","894","00000000",""
"505","SBD","SBD","","00000000",""
"513","MXN","MXN","484","00000000",""
"525","QAR","QAR","","00000000",""
"537","MWK","MWK","","00000000",""
"110","ZRN","ZRN","180","00000000",""
"505","SCR","SCR","","00000000",""
"800","TPE","TPE","626","00000000",""
"525","RMB","RMB","","00000000",""
"537","MXN","MXN","","00000000",""
"513","MYR","MYR","458","00000000",""
"110","ZWD","ZWD","716","00000000",""
"505","SDP","SDP","","00000000",""
"525","ROL","ROL","","00000000",""
"537","MYR","MYR","","00000000",""
"800","TRL","TRL","792","00000000",""
"460","ADP","ADP","","00000000",""
"505","SEK","SEK","081","00000000",""
"525","RUB","RUB","RUB","00000000",""
"513","MZM","MZM","508","00000000",""
"537","MZM","MZM","","00000000",""
"460","AED","AED","","00000000",""
"505","SGD","SGD","","00000000",""
"525","RWF","RWF","","00000000",""
"800","TTD","TTD","780","00000000",""
"537","NAD","NAD","","00000000",""
"513","NAD","NAD","516","00000000",""
"460","AFA","AFA","","00000000",""
"525","SAR","SAR","","00000000",""
"537","NGN","NGN","","00000000",""
"505","SHP","SHP","","00000000",""
"800","TWD","TWD","901","00000000",""
"460","ALL","ALL","","00000000",""
"525","SBD","SBD","","00000000",""
"513","NGN","NGN","566","00000000",""
"537","NIC","NIC","","00000000",""
"505","SIT","SIT","","00000000",""
"800","TZS","TZS","834","00000000",""
"460","AMD","AMD","","00000000",""
"525","SCR","SCR","","00000000",""
"537","NLG","NLG","041","00000000",""
"513","NIO","NIO","558","00000000",""
"460","ANG","ANG","","00000000",""
"800","UAH","UAH","980","00000000",""
"505","SKK","SKK","","00000000",""
"525","SDP","SDP","","00000000",""
"537","NOK","NOK","","00000000",""
"460","AON","AON","","00000000",""
"513","NLG","NLG","528","00000000",""
"800","UAK","UAK","","00000000",""
"525","SEK","SEK","081","00000000",""
"505","SLL","SLL","","00000000",""
"537","NPR","NPR","","00000000",""
"460","ARS","ARS","","00000000",""
"800","UGS","UGS","","00000000",""
"525","SGD","SGD","","00000000",""
"537","NZD","NZD","","00000000",""
"505","SOS","SOS","","00000000",""
"513","NOK","NOK","578","00000000",""
"460","ATS","ATS","","00000000",""
"525","SHP","SHP","","00000000",""
"800","UGX","UGX","800","00000000",""
"537","OMR","OMR","","00000000",""
"460","AUD","AUD","","00000000",""
"505","SRG","SRG","","00000000",""
"525","SIT","SIT","","00000000",""
"513","NPR","NPR","524","00000000",""
"800","UNI","UNI","","99991231",""
"537","PAB","PAB","","00000000",""
"460","AUDN","AUD","","00000000",""
"505","STD","STD","","00000000",""
"525","SKK","SKK","","00000000",""
"537","PEN","PEN","","00000000",""
"800","USD","USD","840","00000000","X"
"513","NZD","NZD","554","00000000",""
"505","SUR","SUR","","00000000",""
"460","AWG","AWG","","00000000",""
"525","SLL","SLL","","00000000",""
"800","USDN","USD","840","00000000",""
"505","SVC","SVC","","00000000",""
"460","AZM","AZM","","00000000",""
"525","SOS","SOS","","00000000",""
"513","OMR","OMR","512","00000000",""
"537","PGK","PGK","","00000000",""
"800","UYP","UYP","","00000000",""
"460","BAD","BAD","","00000000",""
"525","SRG","SRG","","00000000",""
"537","PHP","PHP","","00000000",""
"505","SYP","SYP","","00000000",""
"800","UYU","UYU","858","00000000",""
"513","PAB","PAB","590","00000000",""
"525","STD","STD","","00000000",""
"460","BBD","BBD","","00000000",""
"537","PKR","PKR","","00000000",""
"505","SZL","SZL","","00000000",""
"800","UZS","UZS","860","00000000",""
"525","SUR","SUR","","00000000",""
"460","BDT","BDT","","00000000",""
"505","THB","THB","","00000000",""
"513","PEN","PEN","604","00000000",""
"800","VEB","VEB","862","00000000",""
"537","PLN","PLN","","00000000",""
"460","BEF","BEF","","00000000",""
"525","SVC","SVC","","00000000",""
"505","TJR","TJR","","00000000",""
"537","PTE","PTE","","00000000",""
"460","BGL","BGL","","00000000",""
"800","VND","VND","704","00000000",""
"513","PGK","PGK","598","00000000",""
"525","SYP","SYP","","00000000",""
"505","TMM","TMM","","00000000",""
"537","PYG","PYG","","00000000",""
"460","BHD","BHD","","00000000",""
"525","SZL","SZL","","00000000",""
"800","VUV","VUV","548","00000000",""
"537","QAR","QAR","","00000000",""
"460","BIF","BIF","","00000000",""
"505","TND","TND","","00000000",""
"513","PHP","PHP","608","00000000",""
"525","THB","THB","","00000000",""
"800","WST","WST","882","00000000",""
"537","RMB","RMB","","00000000",""
"460","BMD","BMD","","00000000",""
"800","XAF","XAF","950","00000000",""
"525","TJR","TJR","","00000000",""
"505","TOP","TOP","","00000000",""
"537","ROL","ROL","","00000000",""
"460","BND","BND","","00000000",""
"513","PKR","PKR","586","00000000",""
"800","XCD","XCD","951","00000000",""
"525","TMM","TMM","","00000000",""
"537","RUB","RUB","RUB","00000000",""
"460","BOB","BOB","","00000000",""
"505","TPE","TPE","","00000000",""
"800","XCU","XCU","","00000000",""
"525","TND","TND","","00000000",""
"513","PLN","PLN","985","00000000",""
"460","BRL","BRL","","00000000",""
"505","TRL","TRL","","00000000",""
"537","RUR","RUR","RUR","00000000",""
"800","XDS","","","00000000",""
"525","TOP","TOP","","00000000",""
"460","BSD","BSD","","00000000",""
"513","PTE","PTE","620","00000000",""
"505","TTD","TTD","","00000000",""
"537","RWF","RWF","","00000000",""
"800","XEU","XEU","954","00000000",""
"525","TPE","TPE","","00000000",""
"460","BTN","BTN","","00000000",""
"513","PYG","PYG","600","00000000",""
"505","TWD","TWD","","00000000",""
"537","SAR","SAR","","00000000",""
"460","BWP","BWP","","00000000",""
"525","TRL","TRL","","00000000",""
"800","XOF","XOF","952","00000000",""
"505","TZS","TZS","","00000000",""
"537","SBD","SBD","","00000000",""
"513","QAR","QAR","634","00000000",""
"525","TTD","TTD","","00000000",""
"460","BYR","BYR","","00000000",""
"800","XPF","XPF","953","00000000","X"
"537","SCR","SCR","","00000000",""
"505","UAK","UAK","","00000000",""
"525","TWD","TWD","NTD","00000000",""
"460","BZD","BZD","","00000000",""
"800","YER","YER","886","00000000",""
"513","RMB","CNY","156","00000000",""
"505","UGS","UGS","","00000000",""
"525","TZS","TZS","","00000000",""
"537","SDP","SDP","","00000000",""
"460","CAD","CAD","","00000000",""
"800","YUM","YUM","891","00000000",""
"513","ROL","ROL","642","00000000",""
"505","USD","USD","011","00000000",""
"460","CFP","CFP","","00000000",""
"537","SEK","SEK","081","00000000",""
"800","ZAR","ZAR","710","00000000",""
"505","UYP","UYP","","00000000",""
"537","SGD","SGD","","00000000",""
"460","CHF","CHF","051","00000000",""
"513","RUB","RUB","643","00000000",""
"505","VEB","VEB","","00000000",""
"460","CLP","CLP","","00000000",""
"800","ZMK","ZMK","894","00000000",""
"537","SHP","SHP","","00000000",""
"513","RWF","RWF","646","00000000",""
"460","CNY","CNY","","00000000",""
"505","VND","VND","","00000000",""
"537","SIT","SIT","","00000000",""
"800","ZRN","ZRN","180","00000000",""
"460","COP","COP","","00000000",""
"505","VUV","VUV","","00000000",""
"800","ZRZ","ZRZ","","00000000",""
"537","SKK","SKK","","00000000",""
"460","CRC","CRC","","00000000",""
"513","SAR","SAR","682","00000000",""
"505","WST","WST","","00000000",""
"460","CUP","CUP","","00000000",""
"537","SLL","SLL","","00000000",""
"800","ZWD","ZWD","716","00000000",""
"505","XAF","XAF","","00000000",""
"513","SBD","SBD","090","00000000",""
"537","SOS","SOS","","00000000",""
"460","CVE","CVE","","00000000",""
"505","XCD","XCD","","00000000",""
"812","ADP","ADP","","00000000",""
"513","SCR","SCR","690","00000000",""
"537","SRG","SRG","","00000000",""
"812","AED","AED","","00000000",""
"505","XCU","XCU","","00000000",""
"537","STD","STD","","00000000",""
"513","SDP","SDP","736","00000000",""
"812","AFA","AFA","","00000000",""
"505","XOF","XOF","","00000000",""
"537","SUR","SUR","","00000000",""
"812","ALL","ALL","","00000000",""
"513","SEK","SEK","752","00000000",""
"505","YER","YER","","00000000",""
"537","SVC","SVC","","00000000",""
"812","AMD","AMD","","00000000",""
"505","ZAR","ZAR","","00000000",""
"537","SYP","SYP","","00000000",""
"460","CYP","CYP","","00000000",""
"513","SGD","SGD","702","00000000",""
"812","ANG","ANG","","00000000",""
"505","ZMK","ZMK","","00000000",""
"537","SZL","SZL","","00000000",""
"812","AON","AON","","00000000",""
"460","CZK","CZK","","00000000",""
"513","SHP","SHP","654","00000000",""
"505","ZRZ","ZRZ","","00000000",""
"537","THB","THB","","00000000",""
"812","ARS","ARS","","00000000",""
"460","DEM","DEM","061","00000000",""
"505","ZWD","ZWD","","00000000",""
"513","SIT","SIT","705","00000000",""
"537","TJR","TJR","","00000000",""
"812","ATS","ATS","","00000000",""
"460","DJF","DJF","","00000000",""
"506","ADP","ADP","","00000000",""
"537","TMM","TMM","","00000000",""
"812","AUD","AUD","","00000000",""
"460","DKK","DKK","","00000000",""
"513","SKK","SKK","703","00000000",""
"506","AED","AED","","00000000",""
"537","TND","TND","","00000000",""
"812","AWG","AWG","","00000000",""
"460","DOP","DOP","","00000000",""
"513","SLL","SLL","694","00000000",""
"537","TOP","TOP","","00000000",""
"506","AFA","AFA","","00000000",""
"812","AZM","AZM","","00000000",""
"460","DZD","DZD","","00000000",""
"537","TPE","TPE","","00000000",""
"513","SOS","SOS","706","00000000",""
"812","BAD","BAD","","00000000",""
"506","ALL","ALL","","00000000",""
"537","TRL","TRL","","00000000",""
"812","BBD","BBD","","00000000",""
"506","AMD","AMD","","00000000",""
"537","TTD","TTD","","00000000",""
"513","SRG","SRG","740","00000000",""
"812","BDT","BDT","","00000000",""
"506","ANG","ANG","","00000000",""
"537","TWD","TWD","","00000000",""
"812","BEF","BEF","","00000000",""
"513","STD","STD","678","00000000",""
"506","AOK","AOK","","00000000",""
"537","TZS","TZS","","00000000",""
"812","BGL","BGL","","00000000",""
"537","UAH","UAH","","00000000",""
"506","ARA","ARA","","00000000",""
"812","BHD","BHD","","00000000",""
"513","SVC","SVC","222","00000000",""
"537","UGX","UGX","","00000000",""
"812","BIF","BIF","","00000000",""
"506","ARS","ARS","","00000000",""
"812","BMD","BMD","","00000000",""
"537","USD","USD","011","00000000",""
"513","SYP","SYP","760","00000000",""
"506","ATS","ATS","","00000000",""
"812","BND","BND","","00000000",""
"537","USDN","USD","011","00000000",""
"506","AUD","AUD","","00000000",""
"812","BOB","BOB","","00000000",""
"513","SZL","SZL","748","00000000",""
"537","UYU","UYU","","00000000",""
"506","AWG","AWG","","00000000",""
"812","BRL","BRL","","00000000",""
"537","VEB","VEB","","00000000",""
"506","AZM","AZM","","00000000",""
"513","THB","THB","764","00000000",""
"812","BSD","BSD","","00000000",""
"537","VND","VND","","00000000",""
"506","BAD","BAD","","00000000",""
"812","BTN","BTN","","00000000",""
"537","VUV","VUV","","00000000",""
"513","TJR","TJR","762","00000000",""
"506","BBD","BBD","","00000000",""
"812","BWP","BWP","","00000000",""
"537","WST","WST","","00000000",""
"812","BYR","BYR","","00000000",""
"506","BDT","BDT","","00000000",""
"537","XAF","XAF","","00000000",""
"513","TMM","TMM","795","00000000",""
"812","BZD","BZD","","00000000",""
"537","XCD","XCD","","00000000",""
"506","BEF","BEF","","00000000",""
"525","UAH","UAH","","00000000",""
"812","CAD","CAD","","00000000",""
"537","XDS","XDS","","00000000",""
"506","BGL","BGL","","00000000",""
"525","UGX","UGX","","00000000",""
"513","TND","TND","788","00000000",""
"812","CFP","CFP","","00000000",""
"537","XEU","XEU","","00000000",""
"525","USD","USD","011","00000000",""
"513","TOP","TOP","776","00000000",""
"537","XOF","XOF","","00000000",""
"506","BHD","BHD","","00000000",""
"812","CHF","CHF","051","00000000",""
"525","USDN","USD","011","00000000",""
"537","XPF","XPF","","00000000",""
"506","BIF","BIF","","00000000",""
"525","UYU","UYU","","00000000",""
"513","TPE","TPE","626","00000000",""
"812","CLP","CLP","","00000000",""
"537","YER","YER","","00000000",""
"506","BMD","BMD","","00000000",""
"525","VEB","VEB","","00000000",""
"812","CNY","CNY","","00000000",""
"537","ZAR","ZAR","","00000000",""
"513","TRL","TRL","792","00000000",""
"525","VND","VND","","00000000",""
"506","BND","BND","","00000000",""
"812","COP","COP","","00000000",""
"537","ZMK","ZMK","","00000000",""
"513","TTD","TTD","780","00000000",""
"525","VUV","VUV","","00000000",""
"506","BOB","BOB","","00000000",""
"812","CRC","CRC","","00000000",""
"537","ZRN","ZRN","","00000000",""
"513","TWD","TWD","901","00000000",""
"525","WST","WST","","00000000",""
"506","BRC","BRC","","00000000",""
"537","ZWD","ZWD","","00000000",""
"812","CUP","CUP","","00000000",""
"513","TZS","TZS","834","00000000",""
"525","XAF","XAF","","00000000",""
"538","ADP","ADP","","00000000",""
"506","BRL","BRL","986","00000000",""
"812","CVE","CVE","","00000000",""
"525","XCD","XCD","","00000000",""
"513","UAH","UAH","980","00000000",""
"538","AED","AED","","00000000",""
"506","BSD","BSD","","00000000",""
"812","CYP","CYP","","00000000",""
"525","XDS","XDS","","00000000",""
"513","UGX","UGX","800","00000000",""
"538","AFA","AFA","","00000000",""
"506","BWP","BWP","","00000000",""
"525","XEU","XEU","","00000000",""
"513","USD","USD","840","00000000","X"
"812","CZK","CZK","","00000000",""
"506","BYR","BYR","","00000000",""
"538","ALL","ALL","","00000000",""
"525","XOF","XOF","","00000000",""
"812","DEM","DEM","061","00000000",""
"538","AMD","AMD","","00000000",""
"513","USDN","USD","840","00000000",""
"506","BZD","BZD","","00000000",""
"525","XPF","XPF","","00000000",""
"812","DJF","DJF","","00000000",""
"538","ANG","ANG","","00000000",""
"506","CAD","CAD","","00000000",""
"812","DKK","DKK","","00000000",""
"525","YER","YER","","00000000",""
"513","UYU","UYU","858","00000000",""
"538","AON","AON","","00000000",""
"506","CHF","CHF","051","00000000",""
"812","DOP","DOP","","00000000",""
"525","ZAR","ZAR","","00000000",""
"538","ARS","ARS","","00000000",""
"513","UZS","UZS","860","00000000",""
"506","CLP","CLP","152","00000000",""
"812","DZD","DZD","","00000000",""
"525","ZMK","ZMK","","00000000",""
"538","ATS","ATS","","00000000",""
"513","VEB","VEB","862","00000000",""
"506","COP","COP","170","00000000",""
"525","ZRN","ZRN","","00000000",""
"812","ECS","ECS","","00000000",""
"538","AUD","AUD","","00000000",""
"506","CRC","CRC","","00000000",""
"513","VND","VND","704","00000000",""
"525","ZWD","ZWD","","00000000",""
"812","EEK","EEK","","00000000",""
"460","ECS","ECS","","00000000",""
"538","AUDN","AUD","","00000000",""
"506","CUP","CUP","","00000000",""
"526","ADP","ADP","020","00000000",""
"513","VUV","VUV","548","00000000",""
"812","EGP","EGP","","00000000",""
"506","CVE","CVE","","00000000",""
"538","AWG","AWG","","00000000",""
"526","AED","AED","784","00000000",""
"460","EEK","EEK","","00000000",""
"513","WST","WST","882","00000000",""
"812","ESP","ESP","141","00000000",""
"526","AFA","AFA","004","00000000",""
"506","CYP","CYP","","00000000",""
"538","AZM","AZM","","00000000",""
"460","EGP","EGP","","00000000",""
"812","ETB","ETB","","00000000",""
"526","ALL","ALL","008","00000000",""
"513","XAF","XAF","950","00000000",""
"538","BAD","BAD","","00000000",""
"460","ESP","ESP","141","00000000",""
"526","AMD","AMD","051","00000000",""
"460","ETB","ETB","","00000000",""
"812","EUR","EUR","","00000000",""
"513","XCD","XCD","951","00000000",""
"538","BBD","BBD","","00000000",""
"526","ANG","ANG","532","00000000",""
"460","EUR","EUR","","00000000",""
"812","FIM","FIM","","00000000",""
"538","BDT","BDT","","00000000",""
"526","AON","AON","024","00000000",""
"513","XDS","","","00000000",""
"460","FIM","FIM","","00000000",""
"538","BEF","BEF","","00000000",""
"812","FJD","FJD","","00000000",""
"513","XEU","XEU","954","00000000",""
"526","AOR","AOR","982","00000000",""
"460","FJD","FJD","","00000000",""
"538","BGL","BGL","","00000000",""
"812","FKP","FKP","","00000000",""
"526","ARS","ARS","032","00000000",""
"460","FKP","FKP","","00000000",""
"513","XOF","XOF","952","00000000",""
"538","BHD","BHD","","00000000",""
"812","FRF","FRF","021","00000000",""
"526","ATS","ATS","040","00000000",""
"460","FRF","FRF","021","00000000",""
"513","XPF","XPF","953","00000000","X"
"538","BIF","BIF","","00000000",""
"526","AUD","AUD","036","00000000",""
"812","GBP","GBP","031","00000000",""
"460","GBP","GBP","031","00000000",""
"538","BMD","BMD","","00000000",""
"513","YER","YER","886","00000000",""
"526","AWG","AWG","533","00000000",""
"812","GEK","GEK","","00000000",""
"460","GEK","GEK","","00000000",""
"538","BND","BND","","00000000",""
"513","YUM","YUM","891","00000000",""
"526","AZM","AZM","031","00000000",""
"460","GHC","GHC","","00000000",""
"812","GHC","GHC","","00000000",""
"538","BOB","BOB","","00000000",""
"526","BAM","BAM","977","00000000",""
"513","ZAR","ZAR","710","00000000",""
"460","GIP","GIP","","00000000",""
"812","GIP","GIP","","00000000",""
"526","BBD","BBD","052","00000000",""
"538","BRL","BRL","","00000000",""
"513","ZMK","ZMK","894","00000000",""
"460","GMD","GMD","","00000000",""
"812","GMD","GMD","","00000000",""
"526","BDT","BDT","050","00000000",""
"513","ZRN","ZRN","180","00000000",""
"538","BSD","BSD","","00000000",""
"460","GNS","GNS","","00000000",""
"812","GNS","GNS","","00000000",""
"526","BEF","BEF","056","00000000",""
"513","ZWD","ZWD","716","00000000",""
"538","BTN","BTN","","00000000",""
"460","GRD","GRD","","00000000",""
"526","BGN","BGN","975","00000000",""
"516","ADP","ADP","","00000000",""
"812","GRD","GRD","","00000000",""
"538","BWP","BWP","","00000000",""
"460","GTQ","GTQ","","00000000",""
"526","BHD","BHD","048","00000000",""
"812","GTQ","GTQ","","00000000",""
"516","AED","AED","","00000000",""
"538","BYR","BYR","","00000000",""
"460","GWP","GWP","","00000000",""
"526","BIF","BIF","108","00000000",""
"516","AFA","AFA","","00000000",""
"812","GWP","GWP","","00000000",""
"538","BZD","BZD","","00000000",""
"460","GYD","GYD","","00000000",""
"526","BMD","BMD","060","00000000",""
"516","ALL","ALL","","00000000",""
"538","CAD","CAD","","00000000",""
"460","HKD","HKD","","00000000",""
"526","BND","BND","096","00000000",""
"812","GYD","GYD","","00000000",""
"516","AMD","AMD","","00000000",""
"538","CFP","CFP","","00000000",""
"460","HNL","HNL","","00000000",""
"526","BOB","BOB","068","00000000",""
"812","HKD","HKD","","00000000",""
"538","CHF","CHF","051","00000000",""
"526","BRL","BRL","986","00000000",""
"460","HRK","HRK","","00000000",""
"516","ANG","ANG","","00000000",""
"812","HNL","HNL","","00000000",""
"526","BSD","BSD","044","00000000",""
"460","HTG","HTG","","00000000",""
"516","AOK","AOK","","00000000",""
"812","HRK","HRK","","00000000",""
"538","CLP","CLP","","00000000",""
"526","BTN","BTN","064","00000000",""
"460","HUF","HUF","","00000000",""
"516","ARA","ARA","","00000000",""
"538","CNY","CNY","","00000000",""
"812","HTG","HTG","","00000000",""
"526","BWP","BWP","072","00000000",""
"460","IDR","IDR","","00000000",""
"516","ATS","ATS","","00000000",""
"538","COP","COP","","00000000",""
"812","HUF","HUF","","00000000",""
"526","BYB","BYB","112","00000000",""
"460","IEP","IEP","","00000000",""
"538","CRC","CRC","","00000000",""
"516","AUD","AUD","","00000000",""
"526","BZD","BZD","084","00000000",""
"812","IDR","IDR","","00000000",""
"460","ILS","ILS","","00000000",""
"538","CUP","CUP","","00000000",""
"516","AWG","AWG","","00000000",""
"526","CAD","CAD","124","00000000",""
"460","INR","INR","","00000000",""
"812","IEP","IEP","","00000000",""
"538","CVE","CVE","","00000000",""
"516","AZM","AZM","","00000000",""
"526","CFP","XPF","953","00000000",""
"538","CYP","CYP","","00000000",""
"812","ILS","ILS","","00000000",""
"460","IQD","IQD","","00000000",""
"516","BAD","BAD","","00000000",""
"526","CHF","CHF","756","00000000",""
"538","CZK","CZK","","00000000",""
"812","INR","INR","","00000000",""
"460","IRR","IRR","","00000000",""
"526","CLP","CLP","152","00000000",""
"516","BBD","BBD","","00000000",""
"538","DEM","DEM","061","00000000",""
"460","ISK","ISK","","00000000",""
"812","IQD","IQD","","00000000",""
"538","DJF","DJF","","00000000",""
"460","ITL","ITL","071","00000000",""
"526","CNY","CNY","156","00000000","X"
"516","BDT","BDT","","00000000",""
"812","IRR","IRR","","00000000",""
"538","DKK","DKK","","00000000",""
"460","JMD","JMD","","00000000",""
"526","COP","COP","170","00000000",""
"516","BEF","BEF","","00000000",""
"812","ISK","ISK","","00000000",""
"538","DOP","DOP","","00000000",""
"460","JOD","JOD","","00000000",""
"526","CRC","CRC","188","00000000",""
"538","DZD","DZD","","00000000",""
"812","ITL","ITL","071","20101231",""
"516","BGL","BGL","","00000000",""
"460","JPY","JPY","831","00000000",""
"526","CUP","CUP","192","00000000",""
"812","JMD","JMD","","00000000",""
"538","ECS","ECS","","00000000",""
"526","CVE","CVE","132","00000000",""
"460","KES","KES","","00000000",""
"516","BHD","BHD","","00000000",""
"812","JOD","JOD","","00000000",""
"538","EEK","EEK","","00000000",""
"526","CYP","CYP","196","00000000",""
"460","KGS","KGS","","00000000",""
"538","EGP","EGP","","00000000",""
"526","CZK","CZK","203","00000000",""
"460","KHR","KHR","","00000000",""
"812","JPY","JPY","831","00000000",""
"506","CZK","CZK","","00000000",""
"538","ESP","ESP","141","00000000",""
"460","KMF","KMF","","00000000",""
"526","DEM","DEM","280","00000000","X"
"506","DEM","DEM","061","00000000",""
"812","KES","KES","","00000000",""
"538","ETB","ETB","","00000000",""
"460","KPW","KPW","","00000000",""
"526","DEM3","DEM","280","00000000",""
"506","DJF","DJF","","00000000",""
"812","KGS","KGS","","00000000",""
"538","EUR","EUR","","00000000",""
"526","DJF","DJF","262","00000000",""
"506","DKK","DKK","","00000000",""
"812","KHR","KHR","","00000000",""
"460","KRW","KRW","","00000000",""
"526","DKK","DKK","208","00000000",""
"538","FIM","FIM","","00000000",""
"506","DOP","DOP","","00000000",""
"460","KWD","KWD","","00000000",""
"812","KMF","KMF","","00000000",""
"526","DOP","DOP","214","00000000",""
"538","FJD","FJD","","00000000",""
"506","DZD","DZD","","00000000",""
"460","KYD","KYD","","00000000",""
"526","DZD","DZD","012","00000000",""
"812","KPW","KPW","","00000000",""
"538","FKP","FKP","","00000000",""
"506","ECS","ECS","","00000000",""
"460","KZT","KZT","","00000000",""
"526","ECS","ECS","218","00000000",""
"812","KRW","KRW","","00000000",""
"538","FRF","FRF","021","00000000",""
"460","LAK","LAK","","00000000",""
"526","EEK","EEK","233","00000000",""
"506","ECU","0","","00000000",""
"538","GBP","GBP","031","00000000",""
"812","KWD","KWD","","00000000",""
"526","EGP","EGP","818","00000000",""
"460","LBP","LBP","","00000000",""
"506","EEK","EEK","","00000000",""
"538","GEK","GEK","","00000000",""
"812","KYD","KYD","","00000000",""
"526","ERN","ERN","232","00000000",""
"460","LKR","LKR","","00000000",""
"538","GHC","GHC","","00000000",""
"506","EGP","EGP","","00000000",""
"812","KZT","KZT","","00000000",""
"526","ESP","ESP","724","00000000",""
"460","LRD","LRD","","00000000",""
"538","GIP","GIP","","00000000",""
"506","ESP","ESP","141","00000000",""
"526","ETB","ETB","230","00000000",""
"460","LSL","LSL","","00000000",""
"812","LAK","LAK","","00000000",""
"538","GMD","GMD","","00000000",""
"506","ETB","ETB","","00000000",""
"526","EUR","EUR","978","00000000",""
"460","LTL","LTL","","00000000",""
"812","LBP","LBP","","00000000",""
"538","GNS","GNS","","00000000",""
"506","EUR","EUR","","00000000","X"
"526","FIM","FIM","246","00000000",""
"460","LUF","LUF","","00000000",""
"538","GRD","GRD","","00000000",""
"812","LKR","LKR","","00000000",""
"460","LVL","LVL","","00000000",""
"526","FJD","FJD","242","00000000",""
"506","EUR3","EUR","","00000000",""
"538","GTQ","GTQ","","00000000",""
"812","LRD","LRD","","00000000",""
"460","LYD","LYD","","00000000",""
"506","FIM","FIM","","00000000",""
"526","FKP","FKP","238","00000000",""
"538","GWP","GWP","","00000000",""
"812","LSL","LSL","","00000000",""
"526","FRF","FRF","250","00000000",""
"506","FJD","FJD","","00000000",""
"538","GYD","GYD","","00000000",""
"460","MAD","MAD","","00000000",""
"812","LTL","LTL","","00000000",""
"460","MDL","MDL","","00000000",""
"526","GBP","GBP","826","00000000",""
"506","FKP","FKP","","00000000",""
"538","HKD","HKD","","00000000",""
"812","LUF","LUF","","00000000",""
"460","MGF","MGF","","00000000",""
"526","GEL","GEL","981","00000000",""
"538","HNL","HNL","","00000000",""
"506","FRF","FRF","021","00000000",""
"812","LVL","LVL","","00000000",""
"526","GHC","GHC","288","00000000",""
"460","MNT","MNT","","00000000",""
"538","HRK","HRK","","00000000",""
"812","LYD","LYD","","00000000",""
"506","GBP","GBP","031","00000000",""
"526","GIP","GIP","292","00000000",""
"538","HTG","HTG","","00000000",""
"460","MOP","MOP","","00000000",""
"812","MAD","MAD","","00000000",""
"526","GMD","GMD","270","00000000",""
"506","GEK","GEK","","00000000",""
"538","HUF","HUF","","00000000",""
"460","MRO","MRO","","00000000",""
"812","MDL","MDL","","00000000",""
"526","GNF","GNF","324","00000000",""
"506","GHC","GHC","","00000000",""
"538","IDR","IDR","","00000000",""
"460","MTL","MTL","","00000000",""
"812","MGF","MGF","","00000000",""
"526","GRD","GRD","300","00000000",""
"506","GIP","GIP","","00000000",""
"460","MUR","MUR","","00000000",""
"538","IEP","IEP","","00000000",""
"812","MNT","MNT","","00000000",""
"526","GTQ","GTQ","320","00000000",""
"506","GMD","GMD","","00000000",""
"538","ILS","ILS","","00000000",""
"460","MVR","MVR","","00000000",""
"526","GWP","GWP","624","00000000",""
"812","MOP","MOP","","00000000",""
"506","GNF","GNF","","00000000",""
"538","INR","INR","","00000000",""
"526","GYD","GYD","328","00000000",""
"460","MWK","MWK","","00000000",""
"812","MRO","MRO","","00000000",""
"538","IQD","IQD","","00000000",""
"506","GRD","GRD","","00000000",""
"812","MTL","MTL","","00000000",""
"460","MXN","MXN","","00000000",""
"526","HKD","HKD","344","00000000",""
"538","IRR","IRR","","00000000",""
"812","MUR","MUR","","00000000",""
"506","GTQ","GTQ","","00000000",""
"538","ISK","ISK","","00000000",""
"460","MYR","MYR","","00000000",""
"526","HNL","HNL","340","00000000",""
"460","MZM","MZM","","00000000",""
"812","MVR","MVR","","00000000",""
"526","HRK","HRK","191","00000000",""
"538","ITL","ITL","071","00000000",""
"506","GWP","GWP","","00000000",""
"460","NAD","NAD","","00000000",""
"812","MWK","MWK","","00000000",""
"526","HTG","HTG","332","00000000",""
"538","JMD","JMD","","00000000",""
"506","GYD","GYD","","00000000",""
"460","NGN","NGN","","00000000",""
"812","MXN","MXN","","00000000",""
"526","HUF","HUF","348","00000000",""
"538","JOD","JOD","","00000000",""
"506","HKD","HKD","","00000000",""
"460","NIC","NIC","","00000000",""
"812","MYR","MYR","","00000000",""
"526","IDR","IDR","360","00000000",""
"538","JPY","JPY","831","00000000",""
"460","NLG","NLG","041","00000000",""
"506","HNL","HNL","","00000000",""
"812","MZM","MZM","","00000000",""
"526","IEP","IEP","372","00000000",""
"538","KES","KES","","00000000",""
"460","NOK","NOK","","00000000",""
"506","HRK","HRK","","00000000",""
"526","ILS","ILS","376","00000000",""
"538","KGS","KGS","","00000000",""
"516","BIF","BIF","","00000000",""
"812","NGN","NGN","","00000000",""
"460","NPR","NPR","","00000000",""
"506","HTG","HTG","","00000000",""
"526","INR","INR","356","00000000",""
"538","KHR","KHR","","00000000",""
"516","BMD","BMD","","00000000",""
"460","NZD","NZD","","00000000",""
"812","NIC","NIC","","00000000",""
"526","IQD","IQD","368","00000000",""
"516","BND","BND","","00000000",""
"538","KMF","KMF","","00000000",""
"506","HUF","HUF","","00000000",""
"812","NLG","NLG","041","00000000",""
"460","OMR","OMR","","00000000",""
"526","IRR","IRR","364","00000000",""
"516","BOB","BOB","","00000000",""
"538","KPW","KPW","","00000000",""
"460","PAB","PAB","","00000000",""
"812","NOK","NOK","","00000000",""
"506","IDR","IDR","","00000000",""
"526","ISK","ISK","352","00000000",""
"516","BRC","BRC","","00000000",""
"460","PEN","PEN","","00000000",""
"538","KRW","KRW","","00000000",""
"812","NPR","NPR","","00000000",""
"506","IEP","IEP","","00000000",""
"526","ITL","ITL","380","00000000",""
"516","BSD","BSD","","00000000",""
"538","KWD","KWD","","00000000",""
"460","PGK","PGK","","00000000",""
"812","NZD","NZD","","00000000",""
"526","JMD","JMD","388","00000000",""
"506","ILS","ILS","","00000000",""
"516","BWP","BWP","","00000000",""
"538","KYD","KYD","","00000000",""
"812","OMR","OMR","","00000000",""
"460","PHP","PHP","","00000000",""
"526","JOD","JOD","400","00000000",""
"506","INR","INR","","00000000",""
"516","BYR","BYR","","00000000",""
"538","KZT","KZT","","00000000",""
"812","PAB","PAB","","00000000",""
"526","JPY","JPY","392","00000000",""
"460","PKR","PKR","","00000000",""
"506","IQD","IQD","","00000000",""
"538","LAK","LAK","","00000000",""
"516","BZD","BZD","","00000000",""
"812","PEN","PEN","","00000000",""
"526","KES","KES","404","00000000",""
"460","PLN","PLN","","00000000",""
"506","IRR","IRR","","00000000",""
"516","CAD","CAD","","00000000",""
"526","KGS","KGS","417","00000000",""
"812","PGK","PGK","","00000000",""
"460","PTE","PTE","","00000000",""
"506","ISK","ISK","","00000000",""
"516","CHF","CHF","051","00000000",""
"526","KHR","KHR","116","00000000",""
"460","PYG","PYG","","00000000",""
"812","PHP","PHP","","00000000",""
"506","ITL","ITL","071","00000000",""
"516","CLP","CLP","","00000000",""
"526","KMF","KMF","174","00000000",""
"460","QAR","QAR","","00000000",""
"506","JMD","JMD","","00000000",""
"812","PKR","PKR","","00000000",""
"516","COP","COP","","00000000",""
"526","KPW","KPW","408","00000000",""
"538","LBP","LBP","","00000000",""
"460","RMB","RMB","","00000000",""
"506","JOD","JOD","","00000000",""
"812","PLN","PLN","","00000000",""
"526","KRW","KRW","410","00000000",""
"516","CRC","CRC","","00000000",""
"460","ROL","ROL","","00000000",""
"538","LKR","LKR","","00000000",""
"516","CUP","CUP","","00000000",""
"526","KWD","KWD","414","00000000",""
"506","JPY","JPY","831","00000000",""
"812","PTE","PTE","","00000000",""
"460","RUB","RUR","RUR","00000000",""
"538","LRD","LRD","","00000000",""
"516","CVE","CVE","","00000000",""
"526","KYD","KYD","136","00000000",""
"460","RUR","RUR","RUR","00000000",""
"506","KES","KES","","00000000",""
"538","LSL","LSL","","00000000",""
"812","PYG","PYG","","00000000",""
"526","KZT","KZT","398","00000000",""
"516","CYP","CYP","","00000000",""
"460","RWF","RWF","","00000000",""
"538","LTL","LTL","","00000000",""
"526","LAK","LAK","418","00000000",""
"516","CZK","CZK","","00000000",""
"506","KHR","KHR","","00000000",""
"812","QAR","QAR","","00000000",""
"460","SAR","SAR","","00000000",""
"538","LUF","LUF","","00000000",""
"526","LBP","LBP","422","00000000",""
"506","KIS","KIS","","00000000",""
"516","DEM","DEM","061","00000000",""
"460","SBD","SBD","","00000000",""
"538","LVL","LVL","","00000000",""
"526","LKR","LKR","144","00000000",""
"812","RMB","RMB","","00000000",""
"506","KMF","KMF","","00000000",""
"516","DJF","DJF","","00000000",""
"460","SCR","SCR","","00000000",""
"526","LRD","LRD","430","00000000",""
"812","ROL","ROL","","00000000",""
"538","LYD","LYD","","00000000",""
"516","DKK","DKK","","00000000",""
"460","SDP","SDP","","00000000",""
"526","LSL","LSL","426","00000000",""
"506","KPW","KPW","","00000000",""
"538","MAD","MAD","","00000000",""
"516","DOP","DOP","","00000000",""
"812","RUB","RUB","RUB","00000000",""
"460","SEK","SEK","081","00000000",""
"526","LTL","LTL","440","00000000",""
"506","KRW","KRW","","00000000",""
"516","DZD","DZD","","00000000",""
"538","MDL","MDL","","00000000",""
"526","LUF","LUF","442","00000000",""
"460","SGD","SGD","","00000000",""
"506","KWD","KWD","","00000000",""
"812","RWF","RWF","","00000000",""
"516","ECS","ECS","","00000000",""
"538","MGF","MGF","","00000000",""
"526","LVL","LVL","428","00000000",""
"460","SHP","SHP","","00000000",""
"812","SAR","SAR","","00000000",""
"516","ECU","ECU","","00000000",""
"506","KYD","KYD","","00000000",""
"538","MNT","MNT","","00000000",""
"526","LYD","LYD","434","00000000",""
"460","SIT","SIT","","00000000",""
"812","SBD","SBD","","00000000",""
"506","KZT","KZT","","00000000",""
"516","EEK","EEK","","00000000",""
"460","SKK","SKK","","00000000",""
"526","MAD","MAD","504","00000000",""
"538","MOP","MOP","","00000000",""
"812","SCR","SCR","","00000000",""
"506","LAK","LAK","","00000000",""
"460","SLL","SLL","","00000000",""
"516","EGP","EGP","","00000000",""
"538","MRO","MRO","","00000000",""
"526","MDL","MDL","498","00000000",""
"812","SDP","SDP","","00000000",""
"506","LBP","LBP","","00000000",""
"516","ESP","ESP","141","00000000",""
"460","SOS","SOS","","00000000",""
"538","MTL","MTL","","00000000",""
"812","SEK","SEK","081","00000000",""
"526","MGF","MGF","450","00000000",""
"506","LKR","LKR","","00000000",""
"516","ETB","ETB","","00000000",""
"538","MUR","MUR","","00000000",""
"460","SRG","SRG","","00000000",""
"812","SGD","SGD","","00000000",""
"526","MKD","MKD","807","00000000",""
"516","FIM","FIM","","00000000",""
"506","LRD","LRD","","00000000",""
"812","SHP","SHP","","00000000",""
"526","MMK","MMK","104","00000000",""
"460","STD","STD","","00000000",""
"538","MVR","MVR","","00000000",""
"516","FJD","FJD","","00000000",""
"506","LSL","LSL","","00000000",""
"538","MWK","MWK","","00000000",""
"526","MNT","MNT","496","00000000",""
"812","SIT","SIT","","00000000",""
"460","SUR","SUR","","00000000",""
"506","LTL","LTL","","00000000",""
"516","FKP","FKP","","00000000",""
"526","MOP","MOP","446","00000000",""
"460","SVC","SVC","","00000000",""
"538","MXN","MXN","","00000000",""
"812","SKK","SKK","","00000000",""
"506","LUF","LUF","","00000000",""
"526","MRO","MRO","478","00000000",""
"516","FRF","FRF","021","00000000",""
"538","MYR","MYR","","00000000",""
"460","SYP","SYP","","00000000",""
"526","MTL","MTL","470","00000000",""
"812","SLL","SLL","","00000000",""
"506","LVL","LVL","","00000000",""
"516","GBP","GBP","031","00000000",""
"538","MZM","MZM","","00000000",""
"460","SZL","SZL","","00000000",""
"526","MUR","MUR","480","00000000",""
"812","SOS","SOS","","00000000",""
"506","LYD","LYD","","00000000",""
"538","NAD","NAD","","00000000",""
"526","MVR","MVR","462","00000000",""
"516","GEK","GEK","","00000000",""
"460","THB","THB","","00000000",""
"812","SRG","SRG","","00000000",""
"506","MAD","MAD","","00000000",""
"538","NGN","NGN","","00000000",""
"516","GHC","GHC","","00000000",""
"460","TJR","TJR","","00000000",""
"526","MWK","MWK","454","00000000",""
"812","STD","STD","","00000000",""
"506","MDL","MDL","","00000000",""
"538","NIC","NIC","","00000000",""
"460","TMM","TMM","","00000000",""
"812","SUR","SUR","","00000000",""
"516","GIP","GIP","","00000000",""
"526","MXN","MXN","484","00000000",""
"506","MGF","MGF","","00000000",""
"538","NLG","NLG","041","00000000",""
"460","TND","TND","","00000000",""
"812","SVC","SVC","","00000000",""
"526","MYR","MYR","458","00000000",""
"506","MNT","MNT","","00000000",""
"516","GMD","GMD","","00000000",""
"460","TOP","TOP","","00000000",""
"812","SYP","SYP","","00000000",""
"538","NOK","NOK","","00000000",""
"526","MZM","MZM","508","00000000",""
"506","MOP","MOP","","00000000",""
"812","SZL","SZL","","00000000",""
"526","NAD","NAD","516","00000000",""
"460","TPE","TPE","","00000000",""
"538","NPR","NPR","","00000000",""
"516","GNF","GNF","","00000000",""
"812","THB","THB","","00000000",""
"506","MRO","MRO","","00000000",""
"516","GRD","GRD","","00000000",""
"526","NGN","NGN","566","00000000",""
"538","NZD","NZD","","00000000",""
"460","TRL","TRL","","00000000",""
"812","TJR","TJR","","00000000",""
"506","MTL","MTL","","00000000",""
"460","TTD","TTD","","00000000",""
"516","GTQ","GTQ","","00000000",""
"538","OMR","OMR","","00000000",""
"526","NIO","NIO","558","00000000",""
"812","TMM","TMM","","00000000",""
"506","MUR","MUR","","00000000",""
"460","TWD","TWD","","00000000",""
"526","NLG","NLG","528","00000000",""
"538","PAB","PAB","","00000000",""
"812","TND","TND","","00000000",""
"516","GWP","GWP","","00000000",""
"460","TZS","TZS","","00000000",""
"506","MVR","MVR","","00000000",""
"526","NOK","NOK","578","00000000",""
"812","TOP","TOP","","00000000",""
"538","PEN","PEN","","00000000",""
"516","GYD","GYD","","00000000",""
"460","UAH","UAH","","00000000",""
"526","NPR","NPR","524","00000000",""
"506","MWK","MWK","","00000000",""
"812","TPE","TPE","","00000000",""
"516","HKD","HKD","","00000000",""
"538","PGK","PGK","","00000000",""
"526","NZD","NZD","554","00000000",""
"460","UGX","UGX","","00000000",""
"812","TRL","TRL","","00000000",""
"506","MXN","MXN","","00000000",""
"516","HNL","HNL","","00000000",""
"526","OMR","OMR","512","00000000",""
"460","UNI","","","00000000",""
"538","PHP","PHP","","00000000",""
"812","TTD","TTD","","00000000",""
"526","PAB","PAB","590","00000000",""
"516","HRD","HRD","","00000000",""
"812","TWD","TWD","","00000000",""
"460","USD","USD","011","00000000",""
"506","MXP","MXP","","19931231",""
"538","PKR","PKR","","00000000",""
"526","PEN","PEN","604","00000000",""
"812","TZS","TZS","","00000000",""
"460","USDN","USD","011","00000000",""
"516","HTG","HTG","","00000000",""
"538","PLN","PLN","","00000000",""
"506","MYR","MYR","","00000000",""
"526","PGK","PGK","598","00000000",""
"460","UYU","UYU","","00000000",""
"812","UAH","UAH","","00000000",""
"516","HUF","HUF","","00000000",""
"538","PTE","PTE","","00000000",""
"526","PHP","PHP","608","00000000",""
"506","MZM","MZM","","00000000",""
"460","VEB","VEB","","00000000",""
"516","IDR","IDR","","00000000",""
"812","UGX","UGX","","00000000",""
"526","PKR","PKR","586","00000000",""
"538","PYG","PYG","","00000000",""
"460","VND","VND","","00000000",""
"506","NGN","NGN","","00000000",""
"516","IEP","IEP","","00000000",""
"812","USD","USD","011","00000000",""
"526","PLN","PLN","985","00000000",""
"538","QAR","QAR","","00000000",""
"460","VUV","VUV","","00000000",""
"506","NIC","NIC","","00000000",""
"516","ILS","ILS","","00000000",""
"812","USDN","USD","011","00000000",""
"526","PTE","PTE","620","00000000",""
"460","WST","WST","","00000000",""
"538","RMB","RMB","","00000000",""
"506","NLG","NLG","041","00000000",""
"812","UYU","UYU","","00000000",""
"460","XAF","XAF","","00000000",""
"526","PYG","PYG","600","00000000",""
"516","INR","INR","","00000000",""
"538","ROL","ROL","","00000000",""
"506","NOK","NOK","","00000000",""
"812","VEB","VEB","","00000000",""
"526","QAR","QAR","634","00000000",""
"460","XCD","XCD","","00000000",""
"506","NPR","NPR","","00000000",""
"538","RUB","RUB","RUB","00000000",""
"516","IQD","IQD","","00000000",""
"812","VND","VND","","00000000",""
"526","RMB","CNY","156","00000000",""
"460","XDS","XDS","","00000000",""
"506","NUC","","","00000000",""
"538","RUR","RUR","RUR","00000000",""
"812","VUV","VUV","","00000000",""
"526","ROL","ROL","642","00000000",""
"460","XEU","XEU","","00000000",""
"516","IRR","IRR","","00000000",""
"812","WST","WST","","00000000",""
"506","NZD","NZD","","00000000",""
"526","RUB","RUB","643","00000000",""
"460","XOF","XOF","","00000000",""
"538","RWF","RWF","","00000000",""
"516","ISK","ISK","","00000000",""
"812","XAF","XAF","","00000000",""
"506","OMR","OMR","","00000000",""
"526","RWF","RWF","646","00000000",""
"460","XPF","XPF","","00000000",""
"538","SAR","SAR","","00000000",""
"812","XCD","XCD","","00000000",""
"516","ITL","ITL","071","00000000",""
"506","PAB","PAB","","00000000",""
"526","SAR","SAR","682","00000000",""
"538","SBD","SBD","","00000000",""
"460","YER","YER","","00000000",""
"812","XDS","XDS","","00000000",""
"526","SBD","SBD","090","00000000",""
"516","JMD","JMD","","00000000",""
"538","SCR","SCR","","00000000",""
"460","ZAR","ZAR","","00000000",""
"506","PEI","PEI","","00000000",""
"812","XEU","XEU","","00000000",""
"526","SCR","SCR","690","00000000",""
"538","SDP","SDP","","00000000",""
"460","ZMK","ZMK","","00000000",""
"516","JOD","JOD","","00000000",""
"506","PEN","PEN","604","00000000",""
"812","XOF","XOF","","00000000",""
"526","SDP","SDP","736","00000000",""
"538","SEK","SEK","081","00000000",""
"460","ZRN","ZRN","","00000000",""
"516","JPY","JPY","831","00000000",""
"526","SEK","SEK","752","00000000",""
"506","PGK","PGK","","00000000",""
"812","XPF","XPF","","00000000",""
"460","ZWD","ZWD","","00000000",""
"526","SGD","SGD","702","00000000",""
"516","KES","KES","","00000000",""
"538","SGD","SGD","","00000000",""
"812","YER","YER","","00000000",""
"500","ADP","ADP","","00000000",""
"506","PHP","PHP","","00000000",""
"526","SHP","SHP","654","00000000",""
"538","SHP","SHP","","00000000",""
"516","KHR","KHR","","00000000",""
"812","ZAR","ZAR","","00000000",""
"500","AED","AED","","00000000",""
"526","SIT","SIT","705","00000000",""
"506","PKR","PKR","","00000000",""
"538","SIT","SIT","","00000000",""
"500","AFA","AFA","","00000000",""
"812","ZMK","ZMK","","00000000",""
"516","KIS","KIS","","00000000",""
"506","PKT","","","00000000",""
"526","SKK","SKK","703","00000000",""
"538","SKK","SKK","","00000000",""
"500","ALL","ALL","","00000000",""
"812","ZRN","ZRN","","00000000",""
"526","SLL","SLL","694","00000000",""
"516","KMF","KMF","","00000000",""
"506","PLN","PLN","985","00000000",""
"538","SLL","SLL","","00000000",""
"500","AMD","AMD","","00000000",""
"812","ZWD","ZWD","","00000000",""
"526","SOS","SOS","706","00000000",""
"506","PLZ","PLZ","","00000000",""
"516","KPW","KPW","","00000000",""
"538","SOS","SOS","","00000000",""
"500","ANG","ANG","","00000000",""
"900","ADP","ADP","","00000000",""
"526","SRG","SRG","740","00000000",""
"538","SRG","SRG","","00000000",""
"900","AED","AED","","00000000",""
"500","AOK","AOK","","00000000",""
"506","PTE","PTE","","00000000",""
"516","KRW","KRW","","00000000",""
"526","STD","STD","678","00000000",""
"538","STD","STD","","00000000",""
"900","AFA","AFA","","00000000",""
"500","ARA","ARA","","00000000",""
"516","KWD","KWD","","00000000",""
"538","SUR","SUR","","00000000",""
"526","SVC","SVC","222","00000000",""
"900","AFN","AFN","971","00000000",""
"500","ATS","ATS","","00000000",""
"506","PYG","PYG","","00000000",""
"526","SYP","SYP","760","00000000",""
"516","KYD","KYD","","00000000",""
"538","SVC","SVC","","00000000",""
"500","AUD","AUD","","00000000",""
"900","ALL","ALL","","00000000",""
"506","QAR","QAR","","00000000",""
"526","SZL","SZL","748","00000000",""
"538","SYP","SYP","","00000000",""
"500","AWG","AWG","","00000000",""
"516","KZT","KZT","","00000000",""
"900","AMD","AMD","","00000000",""
"526","THB","THB","764","00000000",""
"538","SZL","SZL","","00000000",""
"500","AZM","AZM","","00000000",""
"506","RMB","CNY","061","00000000",""
"900","ANG","ANG","","00000000",""
"516","LAK","LAK","","00000000",""
"526","TJR","TJR","762","00000000",""
"500","BAD","BAD","","00000000",""
"538","THB","THB","","00000000",""
"506","ROL","ROL","","00000000",""
"900","AOA","AOA","973","00000000",""
"526","TMM","TMM","795","00000000",""
"500","BBD","BBD","","00000000",""
"538","TJR","TJR","","00000000",""
"516","LBP","LBP","","00000000",""
"506","RUB","RUR","RUR","00000000",""
"900","AOK","AOK","","00000000",""
"526","TND","TND","788","00000000",""
"500","BDT","BDT","","00000000",""
"538","TMM","TMM","","00000000",""
"516","LKR","LKR","","00000000",""
"900","AON","AON","024","00000000",""
"526","TOP","TOP","776","00000000",""
"506","RUR","RUR","RUR","00000000",""
"500","BEF","BEF","","00000000",""
"538","TND","TND","","00000000",""
"900","AOR","AOR","982","00000000",""
"516","LRD","LRD","","00000000",""
"526","TPE","TPE","626","00000000",""
"506","RWF","RWF","","00000000",""
"500","BGL","BGL","","00000000",""
"538","TOP","TOP","","00000000",""
"526","TRL","TRL","792","00000000",""
"900","ARA","ARA","","00000000",""
"500","BHD","BHD","","00000000",""
"506","SAR","SAR","","00000000",""
"516","LSL","LSL","","00000000",""
"526","TTD","TTD","780","00000000",""
"538","TPE","TPE","","00000000",""
"900","ARS","ARS","","00000000",""
"500","BIF","BIF","","00000000",""
"506","SBD","SBD","","00000000",""
"538","TRL","TRL","","00000000",""
"526","TWD","TWD","901","00000000",""
"900","ATS","ATS","","00000000",""
"500","BMD","BMD","","00000000",""
"516","LTL","LTL","","00000000",""
"526","TZS","TZS","834","00000000",""
"538","TTD","TTD","","00000000",""
"506","SCR","SCR","","00000000",""
"900","AUD","AUD","","00000000",""
"500","BND","BND","","00000000",""
"516","LUF","LUF","","00000000",""
"526","UAH","UAH","980","00000000",""
"538","TWD","TWD","","00000000",""
"506","SDP","SDP","","00000000",""
"500","BOB","BOB","","00000000",""
"900","AUD4","AUD","","00000000",""
"526","UGX","UGX","800","00000000",""
"516","LVL","LVL","","00000000",""
"538","TZS","TZS","","00000000",""
"500","BRC","BRC","","00000000",""
"506","SEK","SEK","081","00000000",""
"526","USD","USD","840","00000000","X"
"900","AUD5","AUD","","00000000",""
"500","BSD","BSD","","00000000",""
"538","UAH","UAH","","00000000",""
"516","LYD","LYD","","00000000",""
"506","SGD","SGD","","00000000",""
"900","AWG","AWG","","00000000",""
"500","BWP","BWP","","00000000",""
"538","UGX","UGX","","00000000",""
"516","MAD","MAD","","00000000",""
"506","SHP","SHP","","00000000",""
"900","AZM","AZM","","00000000",""
"500","BYR","BYR","","00000000",""
"538","USD","USD","011","00000000",""
"516","MDL","MDL","","00000000",""
"900","BAD","BAD","","00000000",""
"500","BZD","BZD","","00000000",""
"506","SIT","SIT","","00000000",""
"538","USDN","USD","011","00000000",""
"516","MGF","MGF","","00000000",""
"900","BAM","BAM","977","00000000",""
"500","CAD","CAD","","00000000",""
"538","UYU","UYU","","00000000",""
"506","SKK","SKK","","00000000",""
"516","MNT","MNT","","00000000",""
"900","BBD","BBD","","00000000",""
"538","VEB","VEB","","00000000",""
"500","CHF","CHF","051","00000000",""
"506","SLL","SLL","","00000000",""
"516","MOP","MOP","","00000000",""
"900","BDT","BDT","","00000000",""
"538","VND","VND","","00000000",""
"506","SOS","SOS","","00000000",""
"500","CLP","CLP","","00000000",""
"900","BEF","BEF","","00000000",""
"516","MRO","MRO","","00000000",""
"538","VUV","VUV","","00000000",""
"506","SRG","SRG","","00000000",""
"500","COP","COP","","00000000",""
"900","BGL","BGL","","00000000",""
"516","MTL","MTL","","00000000",""
"538","WST","WST","","00000000",""
"500","CRC","CRC","","00000000",""
"506","STD","STD","","00000000",""
"900","BGN","BGN","975","00000000",""
"516","MUR","MUR","","00000000",""
"538","XAF","XAF","","00000000",""
"500","CUP","CUP","","00000000",""
"900","BHD","BHD","","00000000",""
"538","XCD","XCD","","00000000",""
"506","SUR","SUR","","00000000",""
"500","CVE","CVE","","00000000",""
"516","MVR","MVR","","00000000",""
"900","BIF","BIF","","00000000",""
"538","XDS","XDS","","00000000",""
"506","SVC","SVC","","00000000",""
"500","CYP","CYP","","00000000",""
"900","BMD","BMD","","00000000",""
"538","XEU","XEU","","00000000",""
"516","MWK","MWK","","00000000",""
"500","CZK","CZK","","00000000",""
"900","BND","BND","","00000000",""
"538","XOF","XOF","","00000000",""
"506","SYP","SYP","","00000000",""
"900","BOB","BOB","","00000000",""
"500","DEM","DEM","061","00000000",""
"538","XPF","XPF","","00000000",""
"516","MXN","MXN","","00000000",""
"506","SZL","SZL","","00000000",""
"900","BRC","BRC","","00000000",""
"500","DJF","DJF","","00000000",""
"506","THB","THB","","00000000",""
"538","YER","YER","","00000000",""
"900","BRL","BRL","986","00000000",""
"516","MXP","MXP","","19931231",""
"500","DKK","DKK","","00000000",""
"538","ZAR","ZAR","","00000000",""
"900","BSD","BSD","","00000000",""
"506","TJR","TJR","","00000000",""
"516","MYR","MYR","","00000000",""
"500","DOP","DOP","","00000000",""
"538","ZMK","ZMK","","00000000",""
"900","BTN","BTN","064","00000000",""
"516","MZM","MZM","","00000000",""
"506","TMM","TMM","","00000000",""
"538","ZRN","ZRN","","00000000",""
"500","DZD","DZD","","00000000",""
"900","BWP","BWP","","00000000",""
"506","TND","TND","","00000000",""
"516","NGN","NGN","","00000000",""
"900","BYB","BYB","112","00000000",""
"538","ZWD","ZWD","","00000000",""
"500","ECS","ECS","","00000000",""
"506","TOP","TOP","","00000000",""
"516","NIC","NIC","","00000000",""
"900","BYR","BYR","","00000000",""
"540","ADP","ADP","020","00000000",""
"500","ECU","ECU","","00000000",""
"506","TPE","TPE","","00000000",""
"516","NLG","NLG","041","00000000",""
"900","BZD","BZD","","00000000",""
"540","AED","AED","784","00000000",""
"500","EEK","EEK","","00000000",""
"506","TRL","TRL","","00000000",""
"900","CAD","CAD","","00000000",""
"540","AFA","AFA","004","00000000",""
"500","EGP","EGP","","00000000",""
"516","NOK","NOK","","00000000",""
"506","TTD","TTD","","00000000",""
"540","AFN","AFN","971","00000000",""
"900","CDF","CDF","976","00000000",""
"500","ESP","ESP","141","00000000",""
"506","TWD","TWD","","00000000",""
"516","NPR","NPR","","00000000",""
"540","ALL","ALL","008","00000000",""
"500","ETB","ETB","","00000000",""
"506","TZS","TZS","","00000000",""
"540","AMD","AMD","051","00000000",""
"516","NZD","NZD","","00000000",""
"500","FIM","FIM","","00000000",""
"506","UAK","UAK","","00000000",""
"516","OMR","OMR","","00000000",""
"540","ANG","ANG","532","00000000",""
"500","FJD","FJD","","00000000",""
"506","UGS","UGS","","00000000",""
"540","AOA","AOA","973","00000000",""
"516","PAB","PAB","","00000000",""
"506","UNI","UNI","","99991231",""
"540","AON","AON","024","00000000",""
"516","PEI","PEI","","00000000",""
"540","AOR","AOR","982","00000000",""
"516","PGK","PGK","","00000000",""
"506","USD","USD","011","00000000",""
"540","ARS","ARS","032","00000000",""
"516","PHP","PHP","","00000000",""
"506","USDN","US5","","00000000",""
"540","ATS","ATS","040","00000000",""
"516","PKR","PKR","","00000000",""
"540","AUD","AUD","036","00000000",""
"506","UYP","UYP","","00000000",""
"516","PLZ","PLZ","","00000000",""
"540","AWG","AWG","533","00000000",""
"506","VEB","VEB","862","00000000",""
"516","PTE","PTE","","00000000",""
"540","AZM","AZM","031","00000000",""
"506","VND","VND","","00000000",""
"516","PYG","PYG","","00000000",""
"540","BAM","BAM","977","00000000",""
"506","VUV","VUV","","00000000",""
"516","QAR","QAR","","00000000",""
"540","BBD","BBD","052","00000000",""
"506","WST","WST","","00000000",""
"540","BDT","BDT","050","00000000",""
"516","RMB","CNY","061","00000000",""
"506","XAF","XAF","","00000000",""
"540","BEF","BEF","056","00000000",""
"516","ROL","ROL","","00000000",""
"506","XCD","XCD","","00000000",""
"540","BGN","BGN","975","00000000",""
"506","XCU","XCU","","00000000",""
"516","RUB","RUR","RUR","00000000",""
"540","BHD","BHD","048","00000000",""
"506","XOF","XOF","","00000000",""
"516","RUR","RUR","RUR","00000000",""
"540","BIF","BIF","108","00000000",""
"506","YER","YER","","00000000",""
"516","RWF","RWF","","00000000",""
"540","BMD","BMD","060","00000000",""
"506","ZAR","ZAR","","00000000",""
"540","BND","BND","096","00000000",""
"516","SAR","SAR","","00000000",""
"506","ZMK","ZMK","","00000000",""
"540","BOB","BOB","068","00000000",""
"506","ZRZ","ZRZ","","00000000",""
"516","SBD","SBD","","00000000",""
"540","BRL","BRL","986","00000000",""
"506","ZWD","ZWD","","00000000",""
"540","BSD","BSD","044","00000000",""
"507","ADP","ADP","","00000000",""
"516","SCR","SCR","","00000000",""
"540","BTN","BTN","064","00000000",""
"507","AED","AED","","00000000",""
"516","SDP","SDP","","00000000",""
"540","BWP","BWP","072","00000000",""
"507","AFA","AFA","","00000000",""
"540","BYB","BYB","112","00000000",""
"516","SEK","SEK","081","00000000",""
"507","ALL","ALL","","00000000",""
"540","BYR","BYR","974","00000000",""
"516","SGD","SGD","","00000000",""
"507","AMD","AMD","","00000000",""
"540","BZD","BZD","084","00000000",""
"516","SHP","SHP","","00000000",""
"507","ANG","ANG","","00000000",""
"540","CAD","CAD","124","00000000",""
"507","AOK","AOK","","00000000",""
"516","SIT","SIT","","00000000",""
"540","CDF","CDF","976","00000000",""
"516","SKK","SKK","","00000000",""
"507","ARA","ARA","","00000000",""
"540","CFP","XPF","953","00000000",""
"540","CHF","CHF","756","00000000",""
"516","SLL","SLL","","00000000",""
"507","ATS","ATS","","00000000",""
"540","CLP","CLP","152","00000000",""
"516","SOS","SOS","","00000000",""
"507","AUD","AUD","","00000000",""
"540","CNY","CNY","156","00000000","X"
"516","SRG","SRG","","00000000",""
"507","AWG","AWG","","00000000",""
"540","COP","COP","170","00000000",""
"516","STD","STD","","00000000",""
"507","AZM","AZM","","00000000",""
"540","CRC","CRC","188","00000000",""
"516","SUR","SUR","","00000000",""
"540","CSD","CSD","891","00000000",""
"507","BAD","BAD","","00000000",""
"900","CFP","XPF","953","00000000",""
"516","SVC","SVC","","00000000",""
"540","CUP","CUP","192","00000000",""
"507","BBD","BBD","","00000000",""
"900","CHF","CHF","051","00000000",""
"516","SYP","SYP","","00000000",""
"540","CVE","CVE","132","00000000",""
"900","CLP","CLP","152","00000000",""
"507","BDT","BDT","","00000000",""
"516","SZL","SZL","","00000000",""
"540","CYP","CYP","196","00000000",""
"900","CNY","CNY","156","00000000","X"
"507","BEF","BEF","","00000000",""
"516","THB","THB","","00000000",""
"900","COP","COP","170","00000000",""
"540","CZK","CZK","203","00000000",""
"507","BGL","BGL","","00000000",""
"900","CRC","CRC","","00000000",""
"540","DEM","DEM","280","00000000","X"
"507","BHD","BHD","","00000000",""
"516","TJR","TJR","","00000000",""
"900","CUP","CUP","","00000000",""
"540","DEM3","DEM","280","00000000",""
"507","BIF","BIF","","00000000",""
"516","TMM","TMM","","00000000",""
"900","CVE","CVE","","00000000",""
"507","BMD","BMD","","00000000",""
"540","DJF","DJF","262","00000000",""
"516","TND","TND","","00000000",""
"900","CYP","CYP","","00000000",""
"540","DKK","DKK","208","00000000",""
"900","CZK","CZK","","00000000",""
"507","BND","BND","","00000000",""
"516","TOP","TOP","","00000000",""
"900","DEM","DEM","061","00000000",""
"507","BOB","BOB","","00000000",""
"540","DOP","DOP","214","00000000",""
"516","TPE","TPE","","00000000",""
"900","DEM3","DEM","280","00000000",""
"540","DZD","DZD","012","00000000",""
"507","BRC","BRC","","00000000",""
"516","TRL","TRL","","00000000",""
"900","DJF","DJF","","00000000",""
"540","ECS","ECS","218","00000000",""
"516","TTD","TTD","","00000000",""
"900","DKK","DKK","","00000000",""
"507","BSD","BSD","","00000000",""
"540","EEK","EEK","233","00000000",""
"900","DOP","DOP","","00000000",""
"507","BWP","BWP","","00000000",""
"540","EGP","EGP","818","00000000",""
"516","TWD","TWD","","00000000",""
"900","DZD","DZD","","00000000",""
"507","BYR","BYR","","00000000",""
"900","ECS","ECS","","00000000",""
"540","ERN","ERN","232","00000000",""
"516","TZS","TZS","","00000000",""
"507","BZD","BZD","","00000000",""
"900","ECU","0","","00000000",""
"540","ESP","ESP","724","00000000",""
"507","CAD","CAD","","00000000",""
"900","EEK","EEK","","00000000",""
"516","UAK","UAK","","00000000",""
"540","ETB","ETB","230","00000000",""
"507","CHF","CHF","051","00000000",""
"900","EGP","EGP","","00000000",""
"540","EUR","EUR","978","00000000",""
"516","UGS","UGS","","00000000",""
"900","ERN","ERN","232","00000000",""
"507","CLP","CLP","","00000000",""
"540","EUR4","EU4","978","00000000",""
"516","USD","USD","011","00000000",""
"900","ESP","ESP","141","00000000",""
"507","COP","COP","","00000000",""
"900","ETB","ETB","","00000000",""
"507","CRC","CRC","","00000000",""
"516","UYP","UYP","","00000000",""
"540","FIM","FIM","246","00000000",""
"900","EUR","EUR","","00000000","X"
"507","CUP","CUP","","00000000",""
"516","VEB","VEB","","00000000",""
"540","FJD","FJD","242","00000000",""
"900","EUR3","EUR","","00000000",""
"507","CVE","CVE","","00000000",""
"540","FKP","FKP","238","00000000",""
"900","FIM","FIM","","00000000",""
"516","VND","VND","","00000000",""
"507","CYP","CYP","","00000000",""
"900","FJD","FJD","","00000000",""
"540","FRF","FRF","250","00000000",""
"516","VUV","VUV","","00000000",""
"507","CZK","CZK","","00000000",""
"900","FKP","FKP","","00000000",""
"540","GBP","GBP","826","00000000",""
"507","DEM","DEM","061","00000000",""
"516","WST","WST","","00000000",""
"900","FRF","FRF","021","00000000",""
"540","GEL","GEL","981","00000000",""
"507","DJF","DJF","","00000000",""
"900","GBP","GBP","031","00000000",""
"516","XAF","XAF","","00000000",""
"540","GHC","GHC","288","00000000",""
"507","DKK","DKK","","00000000",""
"900","GEK","GEK","","00000000",""
"540","GIP","GIP","292","00000000",""
"516","XCD","XCD","","00000000",""
"900","GEL","GEL","981","00000000",""
"540","GMD","GMD","270","00000000",""
"900","GHC","GHC","","00000000",""
"516","XCU","XCU","","00000000",""
"540","GNF","GNF","324","00000000",""
"516","XOF","XOF","","00000000",""
"900","GIP","GIP","","00000000",""
"540","GRD","GRD","300","00000000",""
"900","GMD","GMD","","00000000",""
"516","YER","YER","","00000000",""
"900","GNF","GNF","","00000000",""
"540","GTQ","GTQ","320","00000000",""
"516","ZAR","ZAR","","00000000",""
"900","GRD","GRD","","00000000",""
"540","GWP","GWP","624","00000000",""
"516","ZMK","ZMK","","00000000",""
"900","GTQ","GTQ","","00000000",""
"540","GYD","GYD","328","00000000",""
"516","ZRZ","ZRZ","","00000000",""
"900","GWP","GWP","","00000000",""
"540","HKD","HKD","344","00000000",""
"900","GYD","GYD","","00000000",""
"516","ZWD","ZWD","","00000000",""
"540","HNL","HNL","340","00000000",""
"900","HKD","HKD","","00000000",""
"519","ADP","ADP","","00000000",""
"540","HRK","HRK","191","00000000",""
"900","HNL","HNL","","00000000",""
"540","HTG","HTG","332","00000000",""
"519","AED","AED","","00000000",""
"900","HRK","HRK","","00000000",""
"900","HTG","HTG","","00000000",""
"519","AFA","AFA","","00000000",""
"540","HUF","HUF","348","00000000",""
"900","HUF","HUF","","00000000",""
"519","ALL","ALL","","00000000",""
"540","IDR","IDR","360","00000000",""
"900","IDR","IDR","","00000000",""
"540","IEP","IEP","372","00000000",""
"519","AMD","AMD","","00000000",""
"900","IEP","IEP","","00000000",""
"540","ILS","ILS","376","00000000",""
"900","IGPM","IGP","","00000000",""
"519","ANG","ANG","","00000000",""
"540","INR","INR","356","00000000",""
"900","ILS","ILS","","00000000",""
"519","AON","AON","","00000000",""
"900","INR","INR","","00000000",""
"540","IQD","IQD","368","00000000",""
"519","AOR","AOR","","00000000",""
"900","IQD","IQD","","00000000",""
"540","IRR","IRR","364","00000000",""
"519","ARS","ARS","","00000000",""
"900","IRR","IRR","","00000000",""
"540","ISK","ISK","352","00000000",""
"519","ATS","ATS","","00000000",""
"900","ISK","ISK","","00000000",""
"540","ITL","ITL","380","00000000",""
"900","ITL","ITL","071","00000000",""
"519","AUD","AUD","","00000000",""
"900","JMD","JMD","","00000000",""
"540","JMD","JMD","388","00000000",""
"519","AWG","AWG","","00000000",""
"900","JOD","JOD","","00000000",""
"540","JOD","JOD","400","00000000",""
"519","AZM","AZM","","00000000",""
"900","JPY","JPY","831","00000000",""
"540","JPY","JPY","392","00000000",""
"519","BAM","BAM","","00000000",""
"900","KES","KES","","00000000",""
"540","KES","KES","404","00000000",""
"900","KGS","KGS","417","00000000",""
"519","BBD","BBD","","00000000",""
"540","KGS","KGS","417","00000000",""
"900","KHR","KHR","","00000000",""
"519","BDT","BDT","","00000000",""
"540","KHR","KHR","116","00000000",""
"900","KIS","KIS","","00000000",""
"519","BEF","BEF","","00000000",""
"540","KMF","KMF","174","00000000",""
"900","KM","","","00000000",""
"519","BGN","BGN","","00000000",""
"900","KMF","KMF","","00000000",""
"540","KPW","KPW","408","00000000",""
"900","KPW","KPW","","00000000",""
"540","KRW","KRW","410","00000000",""
"519","BHD","BHD","","00000000",""
"900","KRW","KRW","","00000000",""
"540","KWD","KWD","414","00000000",""
"104","PTE","PTE","620","00000000",""
"519","BIF","BIF","","00000000",""
"900","KWD","KWD","","00000000",""
"540","KYD","KYD","136","00000000",""
"104","PYG","PYG","600","00000000",""
"900","KYD","KYD","","00000000",""
"540","KZT","KZT","398","00000000",""
"519","BMD","BMD","","00000000",""
"104","QAR","QAR","634","00000000",""
"900","KZT","KZT","","00000000",""
"540","LAK","LAK","418","00000000",""
"104","RMB","CNY","156","00000000",""
"519","BND","BND","","00000000",""
"900","LAK","LAK","","00000000",""
"540","LBP","LBP","422","00000000",""
"104","ROL","ROL","642","00000000",""
"900","LBP","LBP","","00000000",""
"540","LKR","LKR","144","00000000",""
"104","RUB","RUB","643","00000000",""
"519","BOB","BOB","","00000000",""
"900","LKR","LKR","","00000000",""
"104","RWF","RWF","646","00000000",""
"519","BRL","BRL","","00000000",""
"540","LRD","LRD","430","00000000",""
"900","LRD","LRD","","00000000",""
"104","SAR","SAR","682","00000000",""
"540","LSL","LSL","426","00000000",""
"519","BSD","BSD","","00000000",""
"900","LSL","LSL","","00000000",""
"104","SBD","SBD","090","00000000",""
"900","LTL","LTL","","00000000",""
"540","LTL","LTL","440","00000000",""
"519","BTN","BTN","","00000000",""
"104","SCR","SCR","690","00000000",""
"900","LUF","LUF","","00000000",""
"540","LUF","LUF","442","00000000",""
"104","SDP","SDP","736","00000000",""
"519","BWP","BWP","","00000000",""
"900","LVL","LVL","","00000000",""
"104","SEK","SEK","752","00000000",""
"540","LVL","LVL","428","00000000",""
"900","LYD","LYD","","00000000",""
"519","BYB","BYB","","00000000",""
"104","SGD","SGD","702","00000000",""
"540","LYD","LYD","434","00000000",""
"900","MAD","MAD","","00000000",""
"104","SHP","SHP","654","00000000",""
"519","BZD","BZD","","00000000",""
"540","MAD","MAD","504","00000000",""
"900","MDL","MDL","","00000000",""
"104","SIT","SIT","705","00000000",""
"519","CAD","CAD","","00000000",""
"540","MDL","MDL","498","00000000",""
"104","SKK","SKK","703","00000000",""
"900","MGF","MGF","","00000000",""
"540","MGA","MGA","969","00000000",""
"104","SLL","SLL","694","00000000",""
"900","MI","","","00000000",""
"104","SOS","SOS","706","00000000",""
"540","MGF","MGF","450","00000000",""
"900","MKD","MKD","807","00000000",""
"104","SRG","SRG","740","00000000",""
"540","MKD","MKD","807","00000000",""
"900","MMK","MMK","104","00000000",""
"104","STD","STD","678","00000000",""
"540","MMK","MMK","104","00000000",""
"900","MNT","MNT","","00000000",""
"104","SVC","SVC","222","00000000",""
"540","MNT","MNT","496","00000000",""
"900","MOP","MOP","","00000000",""
"104","SYP","SYP","760","00000000",""
"540","MOP","MOP","446","00000000",""
"900","MRO","MRO","","00000000",""
"104","SZL","SZL","748","00000000",""
"900","MTL","MTL","","00000000",""
"540","MRO","MRO","478","00000000",""
"104","THB","THB","764","00000000",""
"900","MUR","MUR","","00000000",""
"540","MTL","MTL","470","00000000",""
"104","TJR","TJR","762","00000000",""
"900","MVR","MVR","","00000000",""
"540","MUR","MUR","480","00000000",""
"104","TMM","TMM","795","00000000",""
"900","MWK","MWK","","00000000",""
"104","TND","TND","788","00000000",""
"540","MVR","MVR","462","00000000",""
"104","TOP","TOP","776","00000000",""
"900","MXN","MXN","","00000000",""
"540","MWK","MWK","454","00000000",""
"104","TPE","TPE","626","00000000",""
"900","MXP","MXP","","19931231",""
"104","TRL","TRL","792","00000000",""
"900","MYR","MYR","","00000000",""
"540","MXN","MXN","484","00000000",""
"900","MZM","MZM","","00000000",""
"540","MYR","MYR","458","00000000",""
"104","TTD","TTD","780","00000000",""
"900","NAD","NAD","516","00000000",""
"104","TWD","TWD","901","00000000",""
"540","MZM","MZM","508","00000000",""
"104","TZS","TZS","834","00000000",""
"900","NGN","NGN","","00000000",""
"540","NAD","NAD","516","00000000",""
"900","NIC","NIC","","00000000",""
"104","UAH","UAH","980","00000000",""
"540","NGN","NGN","566","00000000",""
"900","NIO","NIO","558","00000000",""
"104","UGX","UGX","800","00000000",""
"540","NIO","NIO","558","00000000",""
"900","NLG","NLG","041","00000000",""
"104","USD","USD","840","00000000","X"
"540","NLG","NLG","528","00000000",""
"900","NOK","NOK","","00000000",""
"104","USDN","USD","840","00000000",""
"540","NOK","NOK","578","00000000",""
"900","NPR","NPR","","00000000",""
"000","ADP","ADP","020","00000000",""
"104","UYU","UYU","858","00000000",""
"900","NUC","NUC","","00000000",""
"540","NPR","NPR","524","00000000",""
"104","UZS","UZS","860","00000000",""
"000","AED","AED","784","00000000",""
"900","NZD","NZD","","00000000",""
"104","VEB","VEB","862","00000000",""
"900","OMR","OMR","","00000000",""
"540","NZD","NZD","554","00000000",""
"000","AFA","AFA","004","00000000",""
"104","VND","VND","704","00000000",""
"000","AFN","AFN","971","00000000",""
"900","PAB","PAB","","00000000",""
"540","OMR","OMR","512","00000000",""
"104","VUV","VUV","548","00000000",""
"000","ALL","ALL","008","00000000",""
"900","PEI","PEI","","00000000",""
"104","WST","WST","882","00000000",""
"000","AMD","AMD","051","00000000",""
"900","PEN","PEN","604","00000000",""
"104","XAF","XAF","950","00000000",""
"000","ANG","ANG","532","00000000",""
"900","PGK","PGK","","00000000",""
"104","XCD","XCD","951","00000000",""
"000","AOA","AOA","973","00000000",""
"900","PHP","PHP","","00000000",""
"104","XDS","","","00000000",""
"000","AON","AON","024","00000000",""
"900","PKR","PKR","","00000000",""
"104","XEU","XEU","954","00000000",""
"000","AOR","AOR","982","00000000",""
"900","PKT","PKT","","00000000",""
"104","XOF","XOF","952","00000000",""
"900","PLN","PLN","985","00000000",""
"000","ARS","ARS","032","00000000",""
"104","XPF","XPF","953","00000000","X"
"900","PLZ","PLZ","","00000000",""
"000","ATS","ATS","040","00000000",""
"104","YER","YER","886","00000000",""
"000","AUD","AUD","036","00000000",""
"900","PTE","PTE","","00000000",""
"104","YUM","YUM","891","00000000",""
"000","AWG","AWG","533","00000000",""
"900","PYG","PYG","","00000000",""
"000","AZM","AZM","031","00000000",""
"104","ZAR","ZAR","710","00000000",""
"900","QAR","QAR","","00000000",""
"000","BAM","BAM","977","00000000",""
"900","RMB","CNY","061","00000000",""
"104","ZMK","ZMK","894","00000000",""
"000","BBD","BBD","052","00000000",""
"900","ROL","ROL","","00000000",""
"104","ZRN","ZRN","180","00000000",""
"000","BDT","BDT","050","00000000",""
"900","RUB","RUR","RUR","00000000",""
"104","ZWD","ZWD","716","00000000",""
"000","BEF","BEF","056","00000000",""
"105","ADP","ADP","020","00000000",""
"900","RUR","RUR","RUR","00000000",""
"000","BGN","BGN","975","00000000",""
"105","AED","AED","784","00000000",""
"900","RWF","RWF","","00000000",""
"000","BHD","BHD","048","00000000",""
"900","SAR","SAR","","00000000",""
"105","AFA","AFA","004","00000000",""
"000","BIF","BIF","108","00000000",""
"900","SBD","SBD","","00000000",""
"105","ALL","ALL","008","00000000",""
"000","BMD","BMD","060","00000000",""
"900","SCR","SCR","","00000000",""
"105","AMD","AMD","051","00000000",""
"000","BND","BND","096","00000000",""
"900","SDD","SDD","736","00000000",""
"000","BOB","BOB","068","00000000",""
"105","ANG","ANG","532","00000000",""
"900","SDP","SDP","","00000000",""
"105","AON","AON","024","00000000",""
"900","SEK","SEK","081","00000000",""
"000","BRL","BRL","986","00000000",""
"105","AOR","AOR","982","00000000",""
"000","BSD","BSD","044","00000000",""
"105","ARS","ARS","032","00000000",""
"000","BTN","BTN","064","00000000",""
"105","ATS","ATS","040","00000000",""
"900","SGD","SGD","","00000000",""
"000","BWP","BWP","072","00000000",""
"105","AUD","AUD","036","00000000",""
"900","SHP","SHP","","00000000",""
"000","BYB","BYB","112","00000000",""
"105","AWG","AWG","533","00000000",""
"900","SIT","SIT","","00000000",""
"000","BYR","BYR","974","00000000",""
"105","AZM","AZM","031","00000000",""
"900","SKK","SKK","","00000000",""
"000","BZD","BZD","084","00000000",""
"900","SLL","SLL","","00000000",""
"105","BAM","BAM","977","00000000",""
"000","CAD","CAD","124","00000000",""
"900","SOS","SOS","","00000000",""
"105","BBD","BBD","052","00000000",""
"000","CDF","CDF","976","00000000",""
"900","SRG","SRG","","00000000",""
"105","BDT","BDT","050","00000000",""
"900","STD","STD","","00000000",""
"000","CFP","XPF","953","00000000",""
"105","BEF","BEF","056","00000000",""
"900","SUR","SUR","","00000000",""
"000","CHF","CHF","756","00000000",""
"105","BGN","BGN","975","00000000",""
"900","SVC","SVC","","00000000",""
"000","CLP","CLP","152","00000000",""
"105","BHD","BHD","048","00000000",""
"900","SYP","SYP","","00000000",""
"000","CNY","CNY","156","00000000","X"
"105","BIF","BIF","108","00000000",""
"900","SZL","SZL","","00000000",""
"000","COP","COP","170","00000000",""
"105","BMD","BMD","060","00000000",""
"900","THB","THB","","00000000",""
"000","CRC","CRC","188","00000000",""
"900","TJLP","BND","","00000000",""
"105","BND","BND","096","00000000",""
"900","TJR","TJR","","00000000",""
"000","CSD","CSD","891","00000000",""
"105","BOB","BOB","068","00000000",""
"900","TJS","TJS","972","00000000",""
"000","CUP","CUP","192","00000000",""
"105","BRL","BRL","986","00000000",""
"900","TMM","TMM","","00000000",""
"105","BSD","BSD","044","00000000",""
"000","CVE","CVE","132","00000000",""
"900","TND","TND","","00000000",""
"000","CYP","CYP","196","00000000",""
"105","BTN","BTN","064","00000000",""
"900","TOP","TOP","","00000000",""
"000","CZK","CZK","203","00000000",""
"105","BWP","BWP","072","00000000",""
"900","TPE","TPE","","00000000",""
"000","DEM","DEM","280","00000000","X"
"540","PAB","PAB","590","00000000",""
"105","BYB","BYB","112","00000000",""
"900","TRL","TRL","","00000000",""
"000","DEM3","DEM","280","00000000",""
"540","PEN","PEN","604","00000000",""
"105","BZD","BZD","084","00000000",""
"900","TTD","TTD","","00000000",""
"000","DJF","DJF","262","00000000",""
"540","PGK","PGK","598","00000000",""
"105","CAD","CAD","124","00000000",""
"900","TWD","TWD","","00000000",""
"000","DKK","DKK","208","00000000",""
"105","CFP","XPF","953","00000000",""
"900","TZS","TZS","","00000000",""
"540","PHP","PHP","608","00000000",""
"000","DOP","DOP","214","00000000",""
"105","CHF","CHF","756","00000000",""
"900","UAH","UAH","980","00000000",""
"540","PKR","PKR","586","00000000",""
"000","DZD","DZD","012","00000000",""
"900","UAK","UAK","","00000000",""
"540","PLN","PLN","985","00000000",""
"105","CLP","CLP","152","00000000",""
"000","ECS","ECS","218","00000000",""
"900","UGS","UGS","","00000000",""
"540","PTE","PTE","620","00000000",""
"105","CNY","CNY","156","00000000","X"
"000","EEK","EEK","233","00000000",""
"900","UGX","UGX","800","00000000",""
"540","PYG","PYG","600","00000000",""
"105","COP","COP","170","00000000",""
"000","EGP","EGP","818","00000000",""
"900","UNI","UNI","","99991231",""
"540","QAR","QAR","634","00000000",""
"105","CRC","CRC","188","00000000",""
"000","ERN","ERN","232","00000000",""
"900","USD","USD","011","00000000",""
"540","RMB","CNY","156","00000000",""
"105","CUP","CUP","192","00000000",""
"000","ESP","ESP","724","00000000",""
"900","USDN","US5","","00000000",""
"540","ROL","ROL","642","00000000",""
"105","CVE","CVE","132","00000000",""
"000","ETB","ETB","230","00000000",""
"900","UYP","UYP","","00000000",""
"105","CYP","CYP","196","00000000",""
"540","RUB","RUB","643","00000000",""
"000","EUR","EUR","978","00000000",""
"900","UYU","UYU","858","00000000",""
"105","CZK","CZK","203","00000000",""
"900","UZS","UZS","860","00000000",""
"000","EUR4","EU4","978","00000000",""
"540","RWF","RWF","646","00000000",""
"105","DEM","DEM","280","00000000","X"
"900","VEB","VEB","862","00000000",""
"000","FIM","FIM","246","00000000",""
"540","SAR","SAR","682","00000000",""
"105","DEM3","DEM","280","00000000",""
"900","VND","VND","","00000000",""
"000","FJD","FJD","242","00000000",""
"105","DJF","DJF","262","00000000",""
"900","VUV","VUV","","00000000",""
"540","SBD","SBD","090","00000000",""
"105","DKK","DKK","208","00000000",""
"900","WST","WST","","00000000",""
"000","FKP","FKP","238","00000000",""
"540","SCR","SCR","690","00000000",""
"105","DOP","DOP","214","00000000",""
"900","XAF","XAF","","00000000",""
"000","FRF","FRF","250","00000000",""
"540","SDD","SDD","736","00000000",""
"105","DZD","DZD","012","00000000",""
"900","XCD","XCD","","00000000",""
"000","GBP","GBP","826","00000000",""
"105","ECS","ECS","218","00000000",""
"900","XCU","XCU","","00000000",""
"540","SDP","SDP","736","00000000",""
"000","GEL","GEL","981","00000000",""
"900","XDS","","","00000000",""
"105","EEK","EEK","233","00000000",""
"000","GHC","GHC","288","00000000",""
"540","SEK","SEK","752","00000000",""
"900","XEU","XEU","954","00000000",""
"105","EGP","EGP","818","00000000",""
"000","GIP","GIP","292","00000000",""
"540","SGD","SGD","702","00000000",""
"900","XOF","XOF","","00000000",""
"105","ERN","ERN","232","00000000",""
"000","GMD","GMD","270","00000000",""
"540","SHP","SHP","654","00000000",""
"900","XPF","XPF","953","00000000","X"
"105","ESP","ESP","724","00000000",""
"000","GNF","GNF","324","00000000",""
"900","YER","YER","","00000000",""
"540","SIT","SIT","705","00000000",""
"105","ETB","ETB","230","00000000",""
"000","GRD","GRD","300","00000000",""
"900","YUM","YUM","891","00000000",""
"540","SKK","SKK","703","00000000",""
"105","EUR","EUR","978","00000000",""
"000","GTQ","GTQ","320","00000000",""
"900","ZAR","ZAR","","00000000",""
"540","SLL","SLL","694","00000000",""
"105","FIM","FIM","246","00000000",""
"000","GWP","GWP","624","00000000",""
"900","ZMK","ZMK","","00000000",""
"105","FJD","FJD","242","00000000",""
"540","SOS","SOS","706","00000000",""
"000","GYD","GYD","328","00000000",""
"900","ZRN","ZRN","180","00000000",""
"105","FKP","FKP","238","00000000",""
"540","SRD","SRD","968","00000000",""
"000","HKD","HKD","344","00000000",""
"900","ZRZ","ZRZ","","00000000",""
"540","SRG","SRG","740","00000000",""
"000","HNL","HNL","340","00000000",""
"105","FRF","FRF","250","00000000",""
"900","ZWD","ZWD","","00000000",""
"540","STD","STD","678","00000000",""
"000","HRK","HRK","191","00000000",""
"105","GBP","GBP","826","00000000",""
"000","HTG","HTG","332","00000000",""
"540","SVC","SVC","222","00000000",""
"105","GEL","GEL","981","00000000",""
"000","HUF","HUF","348","00000000",""
"105","GHC","GHC","288","00000000",""
"540","SYP","SYP","760","00000000",""
"000","IDR","IDR","360","00000000",""
"105","GIP","GIP","292","00000000",""
"540","SZL","SZL","748","00000000",""
"000","IEP","IEP","372","00000000",""
"105","GMD","GMD","270","00000000",""
"540","THB","THB","764","00000000",""
"000","ILS","ILS","376","00000000",""
"105","GNF","GNF","324","00000000",""
"540","TJR","TJR","762","00000000",""
"000","INR","INR","356","00000000",""
"105","GRD","GRD","300","00000000",""
"540","TJS","TJS","972","00000000",""
"000","IQD","IQD","368","00000000",""
"105","GTQ","GTQ","320","00000000",""
"540","TMM","TMM","795","00000000",""
"000","IRR","IRR","364","00000000",""
"105","GWP","GWP","624","00000000",""
"000","ISK","ISK","352","00000000",""
"540","TND","TND","788","00000000",""
"105","GYD","GYD","328","00000000",""
"000","ITL","ITL","380","00000000",""
"540","TOP","TOP","776","00000000",""
"105","HKD","HKD","344","00000000",""
"000","JMD","JMD","388","00000000",""
"540","TPE","TPE","626","00000000",""
"105","HNL","HNL","340","00000000",""
"000","JOD","JOD","400","00000000",""
"540","TRL","TRL","792","00000000",""
"105","HRK","HRK","191","00000000",""
"000","JPY","JPY","392","00000000",""
"540","TRY","TRY","949","00000000",""
"105","HTG","HTG","332","00000000",""
"000","KES","KES","404","00000000",""
"540","TTD","TTD","780","00000000",""
"105","HUF","HUF","348","00000000",""
"000","KGS","KGS","417","00000000",""
"540","TWD","TWD","901","00000000",""
"105","IDR","IDR","360","00000000",""
"000","KHR","KHR","116","00000000",""
"105","IEP","IEP","372","00000000",""
"000","KMF","KMF","174","00000000",""
"540","TZS","TZS","834","00000000",""
"105","ILS","ILS","376","00000000",""
"540","UAH","UAH","980","00000000",""
"000","KPW","KPW","408","00000000",""
"105","INR","INR","356","00000000",""
"000","KRW","KRW","410","00000000",""
"540","UGX","UGX","800","00000000",""
"105","IQD","IQD","368","00000000",""
"000","KWD","KWD","414","00000000",""
"105","IRR","IRR","364","00000000",""
"540","USD","USD","840","00000000","X"
"000","KYD","KYD","136","00000000",""
"105","ISK","ISK","352","00000000",""
"540","USDN","USD","840","00000000",""
"000","KZT","KZT","398","00000000",""
"105","ITL","ITL","380","00000000",""
"540","UYU","UYU","858","00000000",""
"105","JMD","JMD","388","00000000",""
"000","LAK","LAK","418","00000000",""
"540","UZS","UZS","860","00000000",""
"105","JOD","JOD","400","00000000",""
"000","LBP","LBP","422","00000000",""
"540","VEB","VEB","862","00000000",""
"105","JPY","JPY","392","00000000",""
"000","LKR","LKR","144","00000000",""
"540","VEF","VEF","937","00000000",""
"000","LRD","LRD","430","00000000",""
"105","KES","KES","404","00000000",""
"540","VND","VND","704","00000000",""
"000","LSL","LSL","426","00000000",""
"105","KGS","KGS","417","00000000",""
"540","VUV","VUV","548","00000000",""
"000","LTL","LTL","440","00000000",""
"105","KHR","KHR","116","00000000",""
"540","WST","WST","882","00000000",""
"000","LUF","LUF","442","00000000",""
"105","KMF","KMF","174","00000000",""
"540","XAF","XAF","950","00000000",""
"000","LVL","LVL","428","00000000",""
"105","KPW","KPW","408","00000000",""
"540","XCD","XCD","951","00000000",""
"000","LYD","LYD","434","00000000",""
"105","KRW","KRW","410","00000000",""
"105","KWD","KWD","414","00000000",""
"540","XDS","","","00000000",""
"000","MAD","MAD","504","00000000",""
"540","XEU","XEU","954","00000000",""
"000","MDL","MDL","498","00000000",""
"105","KYD","KYD","136","00000000",""
"000","MGA","MGA","969","00000000",""
"105","KZT","KZT","398","00000000",""
"540","XOF","XOF","952","00000000",""
"000","MGF","MGF","450","00000000",""
"105","LAK","LAK","418","00000000",""
"540","XPF","XPF","953","00000000","X"
"000","MKD","MKD","807","00000000",""
"105","LBP","LBP","422","00000000",""
"540","YER","YER","886","00000000",""
"000","MMK","MMK","104","00000000",""
"105","LKR","LKR","144","00000000",""
"540","YUM","YUM","891","00000000",""
"000","MNT","MNT","496","00000000",""
"105","LRD","LRD","430","00000000",""
"540","ZAR","ZAR","710","00000000",""
"000","MOP","MOP","446","00000000",""
"105","LSL","LSL","426","00000000",""
"000","MRO","MRO","478","00000000",""
"105","LTL","LTL","440","00000000",""
"540","ZMK","ZMK","894","00000000",""
"000","MTL","MTL","470","00000000",""
"105","LUF","LUF","442","00000000",""
"540","ZRN","ZRN","180","00000000",""
"000","MUR","MUR","480","00000000",""
"105","LVL","LVL","428","00000000",""
"000","MVR","MVR","462","00000000",""
"540","ZWD","ZWD","716","00000000",""
"105","LYD","LYD","434","00000000",""
"000","MWK","MWK","454","00000000",""
"105","MAD","MAD","504","00000000",""
"701","ADP","ADP","020","00000000",""
"000","MXN","MXN","484","00000000",""
"105","MDL","MDL","498","00000000",""
"701","AED","AED","784","00000000",""
"000","MYR","MYR","458","00000000",""
"105","MGF","MGF","450","00000000",""
"701","AFA","AFA","004","00000000",""
"000","MZM","MZM","508","00000000",""
"105","MKD","MKD","807","00000000",""
"000","NAD","NAD","516","00000000",""
"701","AFN","AFN","971","00000000",""
"105","MMK","MMK","104","00000000",""
"000","NGN","NGN","566","00000000",""
"701","ALL","ALL","008","00000000",""
"105","MNT","MNT","496","00000000",""
"000","NIO","NIO","558","00000000",""
"701","AMD","AMD","051","00000000",""
"105","MOP","MOP","446","00000000",""
"000","NLG","NLG","528","00000000",""
"701","ANG","ANG","532","00000000",""
"105","MRO","MRO","478","00000000",""
"000","NOK","NOK","578","00000000",""
"105","MTL","MTL","470","00000000",""
"701","AOA","AOA","973","00000000",""
"000","NPR","NPR","524","00000000",""
"105","MUR","MUR","480","00000000",""
"701","AON","AON","024","00000000",""
"000","NZD","NZD","554","00000000",""
"105","MVR","MVR","462","00000000",""
"701","AOR","AOR","982","00000000",""
"000","OMR","OMR","512","00000000",""
"105","MWK","MWK","454","00000000",""
"701","ARS","ARS","032","00000000",""
"000","PAB","PAB","590","00000000",""
"105","MXN","MXN","484","00000000",""
"701","ATS","ATS","040","00000000",""
"000","PEN","PEN","604","00000000",""
"105","MYR","MYR","458","00000000",""
"000","PGK","PGK","598","00000000",""
"105","MZM","MZM","508","00000000",""
"701","AUD","AUD","036","00000000",""
"000","PHP","PHP","608","00000000",""
"105","NAD","NAD","516","00000000",""
"701","AWG","AWG","533","00000000",""
"000","PKR","PKR","586","00000000",""
"105","NGN","NGN","566","00000000",""
"701","AZM","AZM","031","00000000",""
"000","PLN","PLN","985","00000000",""
"105","NIO","NIO","558","00000000",""
"701","BAM","BAM","977","00000000",""
"000","PTE","PTE","620","00000000",""
"105","NLG","NLG","528","00000000",""
"000","PYG","PYG","600","00000000",""
"701","BBD","BBD","052","00000000",""
"105","NOK","NOK","578","00000000",""
"000","QAR","QAR","634","00000000",""
"701","BDT","BDT","050","00000000",""
"105","NPR","NPR","524","00000000",""
"000","RMB","CNY","156","00000000",""
"701","BEF","BEF","056","00000000",""
"105","NZD","NZD","554","00000000",""
"000","ROL","ROL","642","00000000",""
"701","BGN","BGN","975","00000000",""
"105","OMR","OMR","512","00000000",""
"000","RUB","RUB","643","00000000",""
"105","PAB","PAB","590","00000000",""
"000","RWF","RWF","646","00000000",""
"701","BHD","BHD","048","00000000",""
"105","PEN","PEN","604","00000000",""
"000","SAR","SAR","682","00000000",""
"701","BIF","BIF","108","00000000",""
"105","PGK","PGK","598","00000000",""
"000","SBD","SBD","090","00000000",""
"105","PHP","PHP","608","00000000",""
"000","SCR","SCR","690","00000000",""
"701","BMD","BMD","060","00000000",""
"105","PKR","PKR","586","00000000",""
"000","SDD","SDD","736","00000000",""
"105","PLN","PLN","985","00000000",""
"000","SDP","SDP","736","00000000",""
"701","BND","BND","096","00000000",""
"105","PTE","PTE","620","00000000",""
"000","SEK","SEK","752","00000000",""
"105","PYG","PYG","600","00000000",""
"000","SGD","SGD","702","00000000",""
"701","BOB","BOB","068","00000000",""
"105","QAR","QAR","634","00000000",""
"000","SHP","SHP","654","00000000",""
"105","RMB","CNY","156","00000000",""
"000","SIT","SIT","705","00000000",""
"701","BRL","BRL","986","00000000",""
"105","ROL","ROL","642","00000000",""
"000","SKK","SKK","703","00000000",""
"701","BSD","BSD","044","00000000",""
"105","RUB","RUB","643","00000000",""
"000","SLL","SLL","694","00000000",""
"105","RWF","RWF","646","00000000",""
"000","SOS","SOS","706","00000000",""
"701","BTN","BTN","064","00000000",""
"105","SAR","SAR","682","00000000",""
"000","SRD","SRD","968","00000000",""
"701","BWP","BWP","072","00000000",""
"105","SBD","SBD","090","00000000",""
"000","SRG","SRG","740","00000000",""
"105","SCR","SCR","690","00000000",""
"000","STD","STD","678","00000000",""
"701","BYB","BYB","112","00000000",""
"105","SDP","SDP","736","00000000",""
"000","SVC","SVC","222","00000000",""
"701","BYR","BYR","974","00000000",""
"105","SEK","SEK","752","00000000",""
"000","SYP","SYP","760","00000000",""
"000","SZL","SZL","748","00000000",""
"105","SGD","SGD","702","00000000",""
"701","BZD","BZD","084","00000000",""
"000","THB","THB","764","00000000",""
"105","SHP","SHP","654","00000000",""
"000","TJR","TJR","762","00000000",""
"701","CAD","CAD","124","00000000",""
"105","SIT","SIT","705","00000000",""
"000","TJS","TJS","972","00000000",""
"105","SKK","SKK","703","00000000",""
"000","TMM","TMM","795","00000000",""
"701","CDF","CDF","976","00000000",""
"000","TND","TND","788","00000000",""
"105","SLL","SLL","694","00000000",""
"105","SOS","SOS","706","00000000",""
"000","TOP","TOP","776","00000000",""
"105","SRG","SRG","740","00000000",""
"000","TPE","TPE","626","00000000",""
"701","CFP","XPF","953","00000000",""
"000","TRL","TRL","792","00000000",""
"105","STD","STD","678","00000000",""
"000","TRY","TRY","949","00000000",""
"105","SVC","SVC","222","00000000",""
"701","CHF","CHF","756","00000000",""
"105","SYP","SYP","760","00000000",""
"000","TTD","TTD","780","00000000",""
"701","CLP","CLP","152","00000000",""
"105","SZL","SZL","748","00000000",""
"000","TWD","TWD","901","00000000",""
"105","THB","THB","764","00000000",""
"701","CNY","CNY","156","00000000","X"
"000","TZS","TZS","834","00000000",""
"105","TJR","TJR","762","00000000",""
"000","UAH","UAH","980","00000000",""
"701","COP","COP","170","00000000",""
"105","TMM","TMM","795","00000000",""
"000","UGX","UGX","800","00000000",""
"105","TND","TND","788","00000000",""
"000","USD","USD","840","00000000","X"
"701","CRC","CRC","188","00000000",""
"105","TOP","TOP","776","00000000",""
"000","USDN","USD","840","00000000",""
"105","TPE","TPE","626","00000000",""
"701","CSD","CSD","891","00000000",""
"000","UYU","UYU","858","00000000",""
"105","TRL","TRL","792","00000000",""
"701","CUP","CUP","192","00000000",""
"000","UZS","UZS","860","00000000",""
"105","TTD","TTD","780","00000000",""
"701","CVE","CVE","132","00000000",""
"000","VEB","VEB","862","00000000",""
"105","TWD","TWD","901","00000000",""
"000","VEF","VEF","937","00000000",""
"105","TZS","TZS","834","00000000",""
"701","CYP","CYP","196","00000000",""
"105","UAH","UAH","980","00000000",""
"701","CZK","CZK","203","00000000",""
"000","VND","VND","704","00000000",""
"105","UGX","UGX","800","00000000",""
"701","DEM","DEM","280","00000000","X"
"000","VUV","VUV","548","00000000",""
"105","USD","USD","840","00000000","X"
"701","DEM3","DEM","280","00000000",""
"000","WST","WST","882","00000000",""
"105","USDN","USD","840","00000000",""
"701","DJF","DJF","262","00000000",""
"105","UYU","UYU","858","00000000",""
"000","XAF","XAF","950","00000000",""
"701","DKK","DKK","208","00000000",""
"105","UZS","UZS","860","00000000",""
"000","XCD","XCD","951","00000000",""
"701","DOP","DOP","214","00000000",""
"000","XDS","","","00000000",""
"105","VEB","VEB","862","00000000",""
"701","DZD","DZD","012","00000000",""
"000","XEU","XEU","954","00000000",""
"105","VND","VND","704","00000000",""
"701","ECS","ECS","218","00000000",""
"105","VUV","VUV","548","00000000",""
"701","EEK","EEK","233","00000000",""
"000","XOF","XOF","952","00000000",""
"105","WST","WST","882","00000000",""
"000","XPF","XPF","953","00000000","X"
"701","EGP","EGP","818","00000000",""
"105","XAF","XAF","950","00000000",""
"701","ERN","ERN","232","00000000",""
"000","YER","YER","886","00000000",""
"105","XCD","XCD","951","00000000",""
"701","ESP","ESP","724","00000000",""
"000","YUM","YUM","891","00000000",""
"105","XDS","","","00000000",""
"701","ETB","ETB","230","00000000",""
"000","ZAR","ZAR","710","00000000",""
"105","XEU","XEU","954","00000000",""
"701","EUR","EUR","978","00000000",""
"000","ZMK","ZMK","894","00000000",""
"105","XOF","XOF","952","00000000",""
"701","FIM","FIM","246","00000000",""
"000","ZRN","ZRN","180","00000000",""
"105","XPF","XPF","953","00000000","X"
"701","FJD","FJD","242","00000000",""
"000","ZWD","ZWD","716","00000000",""
"105","YER","YER","886","00000000",""
"066","EUR","EUR","","00000000",""
"701","FKP","FKP","238","00000000",""
"105","YUM","YUM","891","00000000",""
"102","ADP","ADP","020","00000000",""
"701","FRF","FRF","250","00000000",""
"102","AED","AED","784","00000000",""
"105","ZAR","ZAR","710","00000000",""
"701","GBP","GBP","826","00000000",""
"102","AFA","AFA","004","00000000",""
"105","ZMK","ZMK","894","00000000",""
"701","GEL","GEL","981","00000000",""
"102","ALL","ALL","008","00000000",""
"105","ZRN","ZRN","180","00000000",""
"701","GHC","GHC","288","00000000",""
"102","AMD","AMD","051","00000000",""
"105","ZWD","ZWD","716","00000000",""
"701","GIP","GIP","292","00000000",""
"102","ANG","ANG","532","00000000",""
"106","ADP","ADP","020","00000000",""
"701","GMD","GMD","270","00000000",""
"102","AON","AON","024","00000000",""
"106","AED","AED","784","00000000",""
"701","GNF","GNF","324","00000000",""
"106","AFA","AFA","004","00000000",""
"102","AOR","AOR","982","00000000",""
"701","GRD","GRD","300","00000000",""
"106","ALL","ALL","008","00000000",""
"102","ARS","ARS","032","00000000",""
"701","GTQ","GTQ","320","00000000",""
"106","AMD","AMD","051","00000000",""
"102","ATS","ATS","040","00000000",""
"106","ANG","ANG","532","00000000",""
"701","GWP","GWP","624","00000000",""
"102","AUD","AUD","036","00000000",""
"106","AON","AON","024","00000000",""
"701","GYD","GYD","328","00000000",""
"102","AWG","AWG","533","00000000",""
"106","AOR","AOR","982","00000000",""
"701","HKD","HKD","344","00000000",""
"102","AZM","AZM","031","00000000",""
"106","ARS","ARS","032","00000000",""
"701","HNL","HNL","340","00000000",""
"102","BAM","BAM","977","00000000",""
"106","ATS","ATS","040","00000000",""
"701","HRK","HRK","191","00000000",""
"102","BBD","BBD","052","00000000",""
"106","AUD","AUD","036","00000000",""
"701","HTG","HTG","332","00000000",""
"102","BDT","BDT","050","00000000",""
"106","AWG","AWG","533","00000000",""
"701","HUF","HUF","348","00000000",""
"102","BEF","BEF","056","00000000",""
"106","AZM","AZM","031","00000000",""
"701","IDR","IDR","360","00000000",""
"106","BAM","BAM","977","00000000",""
"102","BGN","BGN","975","00000000",""
"701","IEP","IEP","372","00000000",""
"106","BBD","BBD","052","00000000",""
"102","BHD","BHD","048","00000000",""
"701","ILS","ILS","376","00000000",""
"106","BDT","BDT","050","00000000",""
"102","BIF","BIF","108","00000000",""
"701","INR","INR","356","00000000",""
"106","BEF","BEF","056","00000000",""
"102","BMD","BMD","060","00000000",""
"701","IQD","IQD","368","00000000",""
"102","BND","BND","096","00000000",""
"106","BGN","BGN","975","00000000",""
"701","IRR","IRR","364","00000000",""
"102","BOB","BOB","068","00000000",""
"106","BHD","BHD","048","00000000",""
"701","ISK","ISK","352","00000000",""
"102","BRL","BRL","986","00000000",""
"106","BIF","BIF","108","00000000",""
"701","ITL","ITL","380","00000000",""
"102","BSD","BSD","044","00000000",""
"106","BMD","BMD","060","00000000",""
"701","JMD","JMD","388","00000000",""
"102","BTN","BTN","064","00000000",""
"106","BND","BND","096","00000000",""
"102","BWP","BWP","072","00000000",""
"701","JOD","JOD","400","00000000",""
"106","BOB","BOB","068","00000000",""
"102","BYB","BYB","112","00000000",""
"701","JPY","JPY","392","00000000",""
"106","BRL","BRL","986","00000000",""
"102","BZD","BZD","084","00000000",""
"701","KES","KES","404","00000000",""
"106","BSD","BSD","044","00000000",""
"102","CAD","CAD","124","00000000",""
"701","KGS","KGS","417","00000000",""
"106","BTN","BTN","064","00000000",""
"106","BWP","BWP","072","00000000",""
"102","CFP","XPF","953","00000000",""
"701","KHR","KHR","116","00000000",""
"106","BYB","BYB","112","00000000",""
"102","CHF","CHF","756","00000000",""
"701","KMF","KMF","174","00000000",""
"106","BZD","BZD","084","00000000",""
"102","CLP","CLP","152","00000000",""
"701","KPW","KPW","408","00000000",""
"106","CAD","CAD","124","00000000",""
"701","KRW","KRW","410","00000000",""
"102","CNY","CNY","156","00000000","X"
"106","CFP","XPF","953","00000000",""
"701","KWD","KWD","414","00000000",""
"106","CHF","CHF","756","00000000",""
"701","KYD","KYD","136","00000000",""
"106","CLP","CLP","152","00000000",""
"106","CNY","CNY","156","00000000","X"
"701","KZT","KZT","398","00000000",""
"106","COP","COP","170","00000000",""
"701","LAK","LAK","418","00000000",""
"106","CRC","CRC","188","00000000",""
"701","LBP","LBP","422","00000000",""
"106","CUP","CUP","192","00000000",""
"701","LKR","LKR","144","00000000",""
"106","CVE","CVE","132","00000000",""
"701","LRD","LRD","430","00000000",""
"106","CYP","CYP","196","00000000",""
"701","LSL","LSL","426","00000000",""
"106","CZK","CZK","203","00000000",""
"701","LTL","LTL","440","00000000",""
"106","DEM","DEM","280","00000000","X"
"701","LUF","LUF","442","00000000",""
"106","DEM3","DEM","280","00000000",""
"701","LVL","LVL","428","00000000",""
"106","DJF","DJF","262","00000000",""
"701","LYD","LYD","434","00000000",""
"106","DKK","DKK","208","00000000",""
"701","MAD","MAD","504","00000000",""
"106","DOP","DOP","214","00000000",""
"701","MDL","MDL","498","00000000",""
"106","DZD","DZD","012","00000000",""
"701","MGA","MGA","969","00000000",""
"106","ECS","ECS","218","00000000",""
"102","COP","COP","170","00000000",""
"701","MGF","MGF","450","00000000",""
"106","EEK","EEK","233","00000000",""
"102","CRC","CRC","188","00000000",""
"106","EGP","EGP","818","00000000",""
"701","MKD","MKD","807","00000000",""
"102","CUP","CUP","192","00000000",""
"106","ERN","ERN","232","00000000",""
"701","MMK","MMK","104","00000000",""
"102","CVE","CVE","132","00000000",""
"106","ESP","ESP","724","00000000",""
"701","MNT","MNT","496","00000000",""
"102","CYP","CYP","196","00000000",""
"106","ETB","ETB","230","00000000",""
"701","MOP","MOP","446","00000000",""
"102","CZK","CZK","203","00000000",""
"106","EUR","EUR","978","00000000",""
"102","DEM","DEM","280","00000000","X"
"106","FIM","FIM","246","00000000",""
"701","MRO","MRO","478","00000000",""
"102","DEM3","DEM","280","00000000",""
"106","FJD","FJD","242","00000000",""
"701","MTL","MTL","470","00000000",""
"102","DJF","DJF","262","00000000",""
"106","FKP","FKP","238","00000000",""
"701","MUR","MUR","480","00000000",""
"102","DKK","DKK","208","00000000",""
"106","FRF","FRF","250","00000000",""
"701","MVR","MVR","462","00000000",""
"102","DOP","DOP","214","00000000",""
"106","GBP","GBP","826","00000000",""
"701","MWK","MWK","454","00000000",""
"102","DZD","DZD","012","00000000",""
"106","GEL","GEL","981","00000000",""
"102","ECS","ECS","218","00000000",""
"701","MXN","MXN","484","00000000",""
"106","GHC","GHC","288","00000000",""
"106","GIP","GIP","292","00000000",""
"106","GMD","GMD","270","00000000",""
"106","GNF","GNF","324","00000000",""
"102","EEK","EEK","233","00000000",""
"106","GRD","GRD","300","00000000",""
"102","EGP","EGP","818","00000000",""
"106","GTQ","GTQ","320","00000000",""
"102","ERN","ERN","232","00000000",""
"106","GWP","GWP","624","00000000",""
"102","ESP","ESP","724","00000000",""
"106","GYD","GYD","328","00000000",""
"102","ETB","ETB","230","00000000",""
"106","HKD","HKD","344","00000000",""
"102","EUR","EUR","978","00000000",""
"106","HNL","HNL","340","00000000",""
"102","FIM","FIM","246","00000000",""
"106","HRK","HRK","191","00000000",""
"102","FJD","FJD","242","00000000",""
"106","HTG","HTG","332","00000000",""
"102","FKP","FKP","238","00000000",""
"106","HUF","HUF","348","00000000",""
"102","FRF","FRF","250","00000000",""
"106","IDR","IDR","360","00000000",""
"102","GBP","GBP","826","00000000",""
"106","IEP","IEP","372","00000000",""
"102","GEL","GEL","981","00000000",""
"106","ILS","ILS","376","00000000",""
"102","GHC","GHC","288","00000000",""
"106","INR","INR","356","00000000",""
"102","GIP","GIP","292","00000000",""
"106","IQD","IQD","368","00000000",""
"102","GMD","GMD","270","00000000",""
"106","IRR","IRR","364","00000000",""
"102","GNF","GNF","324","00000000",""
"106","ISK","ISK","352","00000000",""
"102","GRD","GRD","300","00000000",""
"106","ITL","ITL","380","00000000",""
"102","GTQ","GTQ","320","00000000",""
"106","JMD","JMD","388","00000000",""
"102","GWP","GWP","624","00000000",""
"106","JOD","JOD","400","00000000",""
"102","GYD","GYD","328","00000000",""
"106","JPY","JPY","392","00000000",""
"102","HKD","HKD","344","00000000",""
"106","KES","KES","404","00000000",""
"102","HNL","HNL","340","00000000",""
"106","KGS","KGS","417","00000000",""
"102","HRK","HRK","191","00000000",""
"106","KHR","KHR","116","00000000",""
"102","HTG","HTG","332","00000000",""
"106","KMF","KMF","174","00000000",""
"102","HUF","HUF","348","00000000",""
"102","IDR","IDR","360","00000000",""
"106","KPW","KPW","408","00000000",""
"102","IEP","IEP","372","00000000",""
"106","KRW","KRW","410","00000000",""
"106","KWD","KWD","414","00000000",""
"102","ILS","ILS","376","00000000",""
"106","KYD","KYD","136","00000000",""
"102","INR","INR","356","00000000",""
"106","KZT","KZT","398","00000000",""
"102","IQD","IQD","368","00000000",""
"106","LAK","LAK","418","00000000",""
"102","IRR","IRR","364","00000000",""
"106","LBP","LBP","422","00000000",""
"102","ISK","ISK","352","00000000",""
"106","LKR","LKR","144","00000000",""
"102","ITL","ITL","380","00000000",""
"106","LRD","LRD","430","00000000",""
"102","JMD","JMD","388","00000000",""
"106","LSL","LSL","426","00000000",""
"102","JOD","JOD","400","00000000",""
"106","LTL","LTL","440","00000000",""
"102","JPY","JPY","392","00000000",""
"106","LUF","LUF","442","00000000",""
"102","KES","KES","404","00000000",""
"102","KGS","KGS","417","00000000",""
"106","LVL","LVL","428","00000000",""
"102","KHR","KHR","116","00000000",""
"106","LYD","LYD","434","00000000",""
"102","KMF","KMF","174","00000000",""
"106","MAD","MAD","504","00000000",""
"102","KPW","KPW","408","00000000",""
"106","MDL","MDL","498","00000000",""
"102","KRW","KRW","410","00000000",""
"106","MGF","MGF","450","00000000",""
"106","MKD","MKD","807","00000000",""
"102","KWD","KWD","414","00000000",""
"106","MMK","MMK","104","00000000",""
"102","KYD","KYD","136","00000000",""
"106","MNT","MNT","496","00000000",""
"102","KZT","KZT","398","00000000",""
"106","MOP","MOP","446","00000000",""
"102","LAK","LAK","418","00000000",""
"106","MRO","MRO","478","00000000",""
"102","LBP","LBP","422","00000000",""
"106","MTL","MTL","470","00000000",""
"102","LKR","LKR","144","00000000",""
"106","MUR","MUR","480","00000000",""
"102","LRD","LRD","430","00000000",""
"106","MVR","MVR","462","00000000",""
"102","LSL","LSL","426","00000000",""
"106","MWK","MWK","454","00000000",""
"102","LTL","LTL","440","00000000",""
"106","MXN","MXN","484","00000000",""
"102","LUF","LUF","442","00000000",""
"106","MYR","MYR","458","00000000",""
"102","LVL","LVL","428","00000000",""
"106","MZM","MZM","508","00000000",""
"102","LYD","LYD","434","00000000",""
"106","NAD","NAD","516","00000000",""
"102","MAD","MAD","504","00000000",""
"106","NGN","NGN","566","00000000",""
"102","MDL","MDL","498","00000000",""
"106","NIO","NIO","558","00000000",""
"102","MGF","MGF","450","00000000",""
"106","NLG","NLG","528","00000000",""
"102","MKD","MKD","807","00000000",""
"106","NOK","NOK","578","00000000",""
"102","MMK","MMK","104","00000000",""
"106","NPR","NPR","524","00000000",""
"102","MNT","MNT","496","00000000",""
"106","NZD","NZD","554","00000000",""
"102","MOP","MOP","446","00000000",""
"106","OMR","OMR","512","00000000",""
"102","MRO","MRO","478","00000000",""
"106","PAB","PAB","590","00000000",""
"102","MTL","MTL","470","00000000",""
"106","PEN","PEN","604","00000000",""
"102","MUR","MUR","480","00000000",""
"106","PGK","PGK","598","00000000",""
"102","MVR","MVR","462","00000000",""
"106","PHP","PHP","608","00000000",""
"102","MWK","MWK","454","00000000",""
"106","PKR","PKR","586","00000000",""
"102","MXN","MXN","484","00000000",""
"106","PLN","PLN","985","00000000",""
"106","PTE","PTE","620","00000000",""
"102","MYR","MYR","458","00000000",""
"106","PYG","PYG","600","00000000",""
"102","MZM","MZM","508","00000000",""
"106","QAR","QAR","634","00000000",""
"102","NAD","NAD","516","00000000",""
"106","RMB","CNY","156","00000000",""
"102","NGN","NGN","566","00000000",""
"106","ROL","ROL","642","00000000",""
"102","NIO","NIO","558","00000000",""
"106","RUB","RUB","643","00000000",""
"102","NLG","NLG","528","00000000",""
"106","RWF","RWF","646","00000000",""
"102","NOK","NOK","578","00000000",""
"106","SAR","SAR","682","00000000",""
"102","NPR","NPR","524","00000000",""
"106","SBD","SBD","090","00000000",""
"102","NZD","NZD","554","00000000",""
"106","SCR","SCR","690","00000000",""
"102","OMR","OMR","512","00000000",""
"102","PAB","PAB","590","00000000",""
"106","SDP","SDP","736","00000000",""
"102","PEN","PEN","604","00000000",""
"106","SEK","SEK","752","00000000",""
"102","PGK","PGK","598","00000000",""
"106","SGD","SGD","702","00000000",""
"102","PHP","PHP","608","00000000",""
"106","SHP","SHP","654","00000000",""
"102","PKR","PKR","586","00000000",""
"106","SIT","SIT","705","00000000",""
"102","PLN","PLN","985","00000000",""
"106","SKK","SKK","703","00000000",""
"102","PTE","PTE","620","00000000",""
"106","SLL","SLL","694","00000000",""
"102","PYG","PYG","600","00000000",""
"106","SOS","SOS","706","00000000",""
"102","QAR","QAR","634","00000000",""
"106","SRG","SRG","740","00000000",""
"102","RMB","CNY","156","00000000",""
"106","STD","STD","678","00000000",""
"102","ROL","ROL","642","00000000",""
"102","RUB","RUB","643","00000000",""
"106","SVC","SVC","222","00000000",""
"102","RWF","RWF","646","00000000",""
"106","SYP","SYP","760","00000000",""
"102","SAR","SAR","682","00000000",""
"106","SZL","SZL","748","00000000",""
"102","SBD","SBD","090","00000000",""
"106","THB","THB","764","00000000",""
"106","TJR","TJR","762","00000000",""
"102","SCR","SCR","690","00000000",""
"106","TMM","TMM","795","00000000",""
"102","SDP","SDP","736","00000000",""
"102","SEK","SEK","752","00000000",""
"106","TND","TND","788","00000000",""
"102","SGD","SGD","702","00000000",""
"106","TOP","TOP","776","00000000",""
"102","SHP","SHP","654","00000000",""
"106","TPE","TPE","626","00000000",""
"102","SIT","SIT","705","00000000",""
"106","TRL","TRL","792","00000000",""
"102","SKK","SKK","703","00000000",""
"106","TTD","TTD","780","00000000",""
"102","SLL","SLL","694","00000000",""
"106","TWD","TWD","901","00000000",""
"102","SOS","SOS","706","00000000",""
"106","TZS","TZS","834","00000000",""
"102","SRG","SRG","740","00000000",""
"106","UAH","UAH","980","00000000",""
"102","STD","STD","678","00000000",""
"106","UGX","UGX","800","00000000",""
"102","SVC","SVC","222","00000000",""
"106","USD","USD","840","00000000","X"
"102","SYP","SYP","760","00000000",""
"106","USDN","USD","840","00000000",""
"102","SZL","SZL","748","00000000",""
"106","UYU","UYU","858","00000000",""
"102","THB","THB","764","00000000",""
"106","UZS","UZS","860","00000000",""
"102","TJR","TJR","762","00000000",""
"106","VEB","VEB","862","00000000",""
"102","TMM","TMM","795","00000000",""
"106","VND","VND","704","00000000",""
"102","TND","TND","788","00000000",""
"106","VUV","VUV","548","00000000",""
"102","TOP","TOP","776","00000000",""
"106","WST","WST","882","00000000",""
"102","TPE","TPE","626","00000000",""
"106","XAF","XAF","950","00000000",""
"102","TRL","TRL","792","00000000",""
"106","XCD","XCD","951","00000000",""
"102","TTD","TTD","780","00000000",""
"106","XDS","","","00000000",""
"102","TWD","TWD","901","00000000",""
"106","XEU","XEU","954","00000000",""
"102","TZS","TZS","834","00000000",""
"106","XOF","XOF","952","00000000",""
"102","UAH","UAH","980","00000000",""
"106","XPF","XPF","953","00000000","X"
"102","UGX","UGX","800","00000000",""
"106","YER","YER","886","00000000",""
"102","USD","USD","840","00000000","X"
"106","YUM","YUM","891","00000000",""
"102","USDN","USD","840","00000000",""
"102","UYU","UYU","858","00000000",""
"106","ZAR","ZAR","710","00000000",""
"102","UZS","UZS","860","00000000",""
"106","ZMK","ZMK","894","00000000",""
"102","VEB","VEB","862","00000000",""
"106","ZRN","ZRN","180","00000000",""
"102","VND","VND","704","00000000",""
"106","ZWD","ZWD","716","00000000",""
"102","VUV","VUV","548","00000000",""
"107","ADP","ADP","020","00000000",""
"102","WST","WST","882","00000000",""
"107","AED","AED","784","00000000",""
"102","XAF","XAF","950","00000000",""
"107","AFA","AFA","004","00000000",""
"102","XCD","XCD","951","00000000",""
"107","ALL","ALL","008","00000000",""
"102","XDS","","","00000000",""
"107","AMD","AMD","051","00000000",""
"102","XEU","XEU","954","00000000",""
"107","ANG","ANG","532","00000000",""
"102","XOF","XOF","952","00000000",""
"107","AON","AON","024","00000000",""
"102","XPF","XPF","953","00000000","X"
"102","YER","YER","886","00000000",""
"107","AOR","AOR","982","00000000",""
"102","YUM","YUM","891","00000000",""
"107","ARS","ARS","032","00000000",""
"102","ZAR","ZAR","710","00000000",""
"107","ATS","ATS","040","00000000",""
"102","ZMK","ZMK","894","00000000",""
"107","AUD","AUD","036","00000000",""
"102","ZRN","ZRN","180","00000000",""
"107","AWG","AWG","533","00000000",""
"102","ZWD","ZWD","716","00000000",""
"107","AZM","AZM","031","00000000",""
"103","ADP","ADP","020","00000000",""
"107","BAM","BAM","977","00000000",""
"103","AED","AED","784","00000000",""
"107","BBD","BBD","052","00000000",""
"103","AFA","AFA","004","00000000",""
"107","BDT","BDT","050","00000000",""
"103","ALL","ALL","008","00000000",""
"107","BEF","BEF","056","00000000",""
"103","AMD","AMD","051","00000000",""
"107","BGN","BGN","975","00000000",""
"103","ANG","ANG","532","00000000",""
"107","BHD","BHD","048","00000000",""
"103","AON","AON","024","00000000",""
"107","BIF","BIF","108","00000000",""
"103","AOR","AOR","982","00000000",""
"107","BMD","BMD","060","00000000",""
"103","ARS","ARS","032","00000000",""
"107","BND","BND","096","00000000",""
"103","ATS","ATS","040","00000000",""
"107","BOB","BOB","068","00000000",""
"103","AUD","AUD","036","00000000",""
"107","BRL","BRL","986","00000000",""
"107","BSD","BSD","044","00000000",""
"103","AWG","AWG","533","00000000",""
"107","BTN","BTN","064","00000000",""
"103","AZM","AZM","031","00000000",""
"107","BWP","BWP","072","00000000",""
"107","BYB","BYB","112","00000000",""
"107","BZD","BZD","084","00000000",""
"107","CAD","CAD","124","00000000",""
"107","CFP","XPF","953","00000000",""
"107","CHF","CHF","756","00000000",""
"107","CLP","CLP","152","00000000",""
"107","CNY","CNY","156","00000000","X"
"107","COP","COP","170","00000000",""
"107","CRC","CRC","188","00000000",""
"107","CUP","CUP","192","00000000",""
"107","CVE","CVE","132","00000000",""
"107","CYP","CYP","196","00000000",""
"107","CZK","CZK","203","00000000",""
"107","DEM","DEM","280","00000000","X"
"107","DEM3","DEM","280","00000000",""
"107","DJF","DJF","262","00000000",""
"107","DKK","DKK","208","00000000",""
"107","DOP","DOP","214","00000000",""
"107","DZD","DZD","012","00000000",""
"107","ECS","ECS","218","00000000",""
"107","EEK","EEK","233","00000000",""
"107","EGP","EGP","818","00000000",""
"107","ERN","ERN","232","00000000",""
"107","ESP","ESP","724","00000000",""
"107","ETB","ETB","230","00000000",""
"107","EUR","EUR","978","00000000",""
"107","FIM","FIM","246","00000000",""
"107","FJD","FJD","242","00000000",""
"107","FKP","FKP","238","00000000",""
"107","FRF","FRF","250","00000000",""
"107","GBP","GBP","826","00000000",""
"107","GEL","GEL","981","00000000",""
"107","GHC","GHC","288","00000000",""
"107","GIP","GIP","292","00000000",""
"107","GMD","GMD","270","00000000",""
"107","GNF","GNF","324","00000000",""
"107","GRD","GRD","300","00000000",""
"107","GTQ","GTQ","320","00000000",""
"107","GWP","GWP","624","00000000",""
"107","GYD","GYD","328","00000000",""
"107","HKD","HKD","344","00000000",""
"107","HNL","HNL","340","00000000",""
"107","HRK","HRK","191","00000000",""
"107","HTG","HTG","332","00000000",""
"107","HUF","HUF","348","00000000",""
"107","IDR","IDR","360","00000000",""
"107","IEP","IEP","372","00000000",""
"107","ILS","ILS","376","00000000",""
"107","INR","INR","356","00000000",""
"107","IQD","IQD","368","00000000",""
"107","IRR","IRR","364","00000000",""
"107","ISK","ISK","352","00000000",""
"107","ITL","ITL","380","00000000",""
"107","JMD","JMD","388","00000000",""
"103","BAM","BAM","977","00000000",""
"107","JOD","JOD","400","00000000",""
"103","BBD","BBD","052","00000000",""
"107","JPY","JPY","392","00000000",""
"103","BDT","BDT","050","00000000",""
"107","KES","KES","404","00000000",""
"103","BEF","BEF","056","00000000",""
"103","BGN","BGN","975","00000000",""
"107","KGS","KGS","417","00000000",""
"103","BHD","BHD","048","00000000",""
"107","KHR","KHR","116","00000000",""
"103","BIF","BIF","108","00000000",""
"107","KMF","KMF","174","00000000",""
"103","BMD","BMD","060","00000000",""
"103","BND","BND","096","00000000",""
"103","BOB","BOB","068","00000000",""
"103","BRL","BRL","986","00000000",""
"103","BSD","BSD","044","00000000",""
"103","BTN","BTN","064","00000000",""
"103","BWP","BWP","072","00000000",""
"103","BYB","BYB","112","00000000",""
"103","BZD","BZD","084","00000000",""
"103","CAD","CAD","124","00000000",""
"103","CFP","XPF","953","00000000",""
"103","CHF","CHF","756","00000000",""
"103","CLP","CLP","152","00000000",""
"103","CNY","CNY","156","00000000","X"
"103","COP","COP","170","00000000",""
"103","CRC","CRC","188","00000000",""
"103","CUP","CUP","192","00000000",""
"103","CVE","CVE","132","00000000",""
"103","CYP","CYP","196","00000000",""
"103","CZK","CZK","203","00000000",""
"103","DEM","DEM","280","00000000","X"
"103","DEM3","DEM","280","00000000",""
"103","DJF","DJF","262","00000000",""
"103","DKK","DKK","208","00000000",""
"103","DOP","DOP","214","00000000",""
"103","DZD","DZD","012","00000000",""
"103","ECS","ECS","218","00000000",""
"103","EEK","EEK","233","00000000",""
"103","EGP","EGP","818","00000000",""
"103","ERN","ERN","232","00000000",""
"103","ESP","ESP","724","00000000",""
"103","ETB","ETB","230","00000000",""
"103","EUR","EUR","978","00000000",""
"103","FIM","FIM","246","00000000",""
"103","FJD","FJD","242","00000000",""
"103","FKP","FKP","238","00000000",""
"103","FRF","FRF","250","00000000",""
"103","GBP","GBP","826","00000000",""
"103","GEL","GEL","981","00000000",""
"103","GHC","GHC","288","00000000",""
"103","GIP","GIP","292","00000000",""
"107","KPW","KPW","408","00000000",""
"103","GMD","GMD","270","00000000",""
"107","KRW","KRW","410","00000000",""
"103","GNF","GNF","324","00000000",""
"103","GRD","GRD","300","00000000",""
"107","KWD","KWD","414","00000000",""
"103","GTQ","GTQ","320","00000000",""
"107","KYD","KYD","136","00000000",""
"103","GWP","GWP","624","00000000",""
"107","KZT","KZT","398","00000000",""
"103","GYD","GYD","328","00000000",""
"107","LAK","LAK","418","00000000",""
"103","HKD","HKD","344","00000000",""
"107","LBP","LBP","422","00000000",""
"103","HNL","HNL","340","00000000",""
"107","LKR","LKR","144","00000000",""
"103","HRK","HRK","191","00000000",""
"107","LRD","LRD","430","00000000",""
"103","HTG","HTG","332","00000000",""
"107","LSL","LSL","426","00000000",""
"103","HUF","HUF","348","00000000",""
"107","LTL","LTL","440","00000000",""
"103","IDR","IDR","360","00000000",""
"107","LUF","LUF","442","00000000",""
"103","IEP","IEP","372","00000000",""
"107","LVL","LVL","428","00000000",""
"103","ILS","ILS","376","00000000",""
"107","LYD","LYD","434","00000000",""
"103","INR","INR","356","00000000",""
"107","MAD","MAD","504","00000000",""
"103","IQD","IQD","368","00000000",""
"107","MDL","MDL","498","00000000",""
"103","IRR","IRR","364","00000000",""
"103","ISK","ISK","352","00000000",""
"107","MGF","MGF","450","00000000",""
"103","ITL","ITL","380","00000000",""
"107","MKD","MKD","807","00000000",""
"103","JMD","JMD","388","00000000",""
"107","MMK","MMK","104","00000000",""
"103","JOD","JOD","400","00000000",""
"107","MNT","MNT","496","00000000",""
"103","JPY","JPY","392","00000000",""
"107","MOP","MOP","446","00000000",""
"103","KES","KES","404","00000000",""
"107","MRO","MRO","478","00000000",""
"103","KGS","KGS","417","00000000",""
"107","MTL","MTL","470","00000000",""
"103","KHR","KHR","116","00000000",""
"103","KMF","KMF","174","00000000",""
"107","MUR","MUR","480","00000000",""
"103","KPW","KPW","408","00000000",""
"107","MVR","MVR","462","00000000",""
"103","KRW","KRW","410","00000000",""
"107","MWK","MWK","454","00000000",""
"103","KWD","KWD","414","00000000",""
"107","MXN","MXN","484","00000000",""
"103","KYD","KYD","136","00000000",""
"107","MYR","MYR","458","00000000",""
"103","KZT","KZT","398","00000000",""
"107","MZM","MZM","508","00000000",""
"103","LAK","LAK","418","00000000",""
"107","NAD","NAD","516","00000000",""
"103","LBP","LBP","422","00000000",""
"103","LKR","LKR","144","00000000",""
"107","NGN","NGN","566","00000000",""
"103","LRD","LRD","430","00000000",""
"107","NIO","NIO","558","00000000",""
"103","LSL","LSL","426","00000000",""
"107","NLG","NLG","528","00000000",""
"103","LTL","LTL","440","00000000",""
"107","NOK","NOK","578","00000000",""
"103","LUF","LUF","442","00000000",""
"107","NPR","NPR","524","00000000",""
"103","LVL","LVL","428","00000000",""
"107","NZD","NZD","554","00000000",""
"103","LYD","LYD","434","00000000",""
"107","OMR","OMR","512","00000000",""
"103","MAD","MAD","504","00000000",""
"107","PAB","PAB","590","00000000",""
"103","MDL","MDL","498","00000000",""
"103","MGF","MGF","450","00000000",""
"107","PEN","PEN","604","00000000",""
"103","MKD","MKD","807","00000000",""
"107","PGK","PGK","598","00000000",""
"103","MMK","MMK","104","00000000",""
"107","PHP","PHP","608","00000000",""
"103","MNT","MNT","496","00000000",""
"107","PKR","PKR","586","00000000",""
"103","MOP","MOP","446","00000000",""
"107","PLN","PLN","985","00000000",""
"103","MRO","MRO","478","00000000",""
"107","PTE","PTE","620","00000000",""
"103","MTL","MTL","470","00000000",""
"107","PYG","PYG","600","00000000",""
"103","MUR","MUR","480","00000000",""
"107","QAR","QAR","634","00000000",""
"103","MVR","MVR","462","00000000",""
"107","RMB","CNY","156","00000000",""
"103","MWK","MWK","454","00000000",""
"107","ROL","ROL","642","00000000",""
"103","MXN","MXN","484","00000000",""
"107","RUB","RUB","643","00000000",""
"103","MYR","MYR","458","00000000",""
"107","RWF","RWF","646","00000000",""
"103","MZM","MZM","508","00000000",""
"107","SAR","SAR","682","00000000",""
"103","NAD","NAD","516","00000000",""
"107","SBD","SBD","090","00000000",""
"103","NGN","NGN","566","00000000",""
"107","SCR","SCR","690","00000000",""
"103","NIO","NIO","558","00000000",""
"107","SDP","SDP","736","00000000",""
"103","NLG","NLG","528","00000000",""
"107","SEK","SEK","752","00000000",""
"103","NOK","NOK","578","00000000",""
"107","SGD","SGD","702","00000000",""
"103","NPR","NPR","524","00000000",""
"107","SHP","SHP","654","00000000",""
"103","NZD","NZD","554","00000000",""
"107","SIT","SIT","705","00000000",""
"103","OMR","OMR","512","00000000",""
"107","SKK","SKK","703","00000000",""
"103","PAB","PAB","590","00000000",""
"107","SLL","SLL","694","00000000",""
"103","PEN","PEN","604","00000000",""
"107","SOS","SOS","706","00000000",""
"103","PGK","PGK","598","00000000",""
"107","SRG","SRG","740","00000000",""
"103","PHP","PHP","608","00000000",""
"107","STD","STD","678","00000000",""
"103","PKR","PKR","586","00000000",""
"107","SVC","SVC","222","00000000",""
"107","SYP","SYP","760","00000000",""
"107","SZL","SZL","748","00000000",""
"107","THB","THB","764","00000000",""
"107","TJR","TJR","762","00000000",""
"107","TMM","TMM","795","00000000",""
"107","TND","TND","788","00000000",""
"107","TOP","TOP","776","00000000",""
"107","TPE","TPE","626","00000000",""
"107","TRL","TRL","792","00000000",""
"107","TTD","TTD","780","00000000",""
"107","TWD","TWD","901","00000000",""
"107","TZS","TZS","834","00000000",""
"107","UAH","UAH","980","00000000",""
"107","UGX","UGX","800","00000000",""
"107","USD","USD","840","00000000","X"
"107","USDN","USD","840","00000000",""
"107","UYU","UYU","858","00000000",""
"107","UZS","UZS","860","00000000",""
"107","VEB","VEB","862","00000000",""
"107","VND","VND","704","00000000",""
"107","VUV","VUV","548","00000000",""
"107","WST","WST","882","00000000",""
"107","XAF","XAF","950","00000000",""
"107","XCD","XCD","951","00000000",""
"107","XDS","","","00000000",""
"107","XEU","XEU","954","00000000",""
"107","XOF","XOF","952","00000000",""
"107","XPF","XPF","953","00000000","X"
"107","YER","YER","886","00000000",""
"107","YUM","YUM","891","00000000",""
"107","ZAR","ZAR","710","00000000",""
"107","ZMK","ZMK","894","00000000",""
"107","ZRN","ZRN","180","00000000",""
"107","ZWD","ZWD","716","00000000",""
"108","ADP","ADP","020","00000000",""
"108","AED","AED","784","00000000",""
"108","AFA","AFA","004","00000000",""
"108","ALL","ALL","008","00000000",""
"108","AMD","AMD","051","00000000",""
"108","ANG","ANG","532","00000000",""
"103","PLN","PLN","985","00000000",""
"108","AON","AON","024","00000000",""
"103","PTE","PTE","620","00000000",""
"108","AOR","AOR","982","00000000",""
"103","PYG","PYG","600","00000000",""
"108","ARS","ARS","032","00000000",""
"103","QAR","QAR","634","00000000",""
"108","ATS","ATS","040","00000000",""
"103","RMB","CNY","156","00000000",""
"108","AUD","AUD","036","00000000",""
"103","ROL","ROL","642","00000000",""
"108","AWG","AWG","533","00000000",""
"103","RUB","RUB","643","00000000",""
"108","AZM","AZM","031","00000000",""
"103","RWF","RWF","646","00000000",""
"108","BAM","BAM","977","00000000",""
"103","SAR","SAR","682","00000000",""
"108","BBD","BBD","052","00000000",""
"103","SBD","SBD","090","00000000",""
"108","BDT","BDT","050","00000000",""
"103","SCR","SCR","690","00000000",""
"108","BEF","BEF","056","00000000",""
"103","SDP","SDP","736","00000000",""
"108","BGN","BGN","975","00000000",""
"103","SEK","SEK","752","00000000",""
"108","BHD","BHD","048","00000000",""
"103","SGD","SGD","702","00000000",""
"108","BIF","BIF","108","00000000",""
"103","SHP","SHP","654","00000000",""
"108","BMD","BMD","060","00000000",""
"103","SIT","SIT","705","00000000",""
"108","BND","BND","096","00000000",""
"103","SKK","SKK","703","00000000",""
"108","BOB","BOB","068","00000000",""
"103","SLL","SLL","694","00000000",""
"108","BRL","BRL","986","00000000",""
"103","SOS","SOS","706","00000000",""
"108","BSD","BSD","044","00000000",""
"103","SRG","SRG","740","00000000",""
"108","BTN","BTN","064","00000000",""
"103","STD","STD","678","00000000",""
"108","BWP","BWP","072","00000000",""
"103","SVC","SVC","222","00000000",""
"108","BYB","BYB","112","00000000",""
"103","SYP","SYP","760","00000000",""
"108","BZD","BZD","084","00000000",""
"103","SZL","SZL","748","00000000",""
"108","CAD","CAD","124","00000000",""
"103","THB","THB","764","00000000",""
"108","CFP","XPF","953","00000000",""
"103","TJR","TJR","762","00000000",""
"108","CHF","CHF","756","00000000",""
"103","TMM","TMM","795","00000000",""
"108","CLP","CLP","152","00000000",""
"103","TND","TND","788","00000000",""
"108","CNY","CNY","156","00000000","X"
"103","TOP","TOP","776","00000000",""
"108","COP","COP","170","00000000",""
"103","TPE","TPE","626","00000000",""
"108","CRC","CRC","188","00000000",""
"103","TRL","TRL","792","00000000",""
"108","CUP","CUP","192","00000000",""
"103","TTD","TTD","780","00000000",""
"108","CVE","CVE","132","00000000",""
"103","TWD","TWD","901","00000000",""
"108","CYP","CYP","196","00000000",""
"103","TZS","TZS","834","00000000",""
"108","CZK","CZK","203","00000000",""
"103","UAH","UAH","980","00000000",""
"108","DEM","DEM","280","00000000","X"
"103","UGX","UGX","800","00000000",""
"108","DEM3","DEM","280","00000000",""
"103","USD","USD","840","00000000","X"
"108","DJF","DJF","262","00000000",""
"103","USDN","USD","840","00000000",""
"108","DKK","DKK","208","00000000",""
"103","UYU","UYU","858","00000000",""
"108","DOP","DOP","214","00000000",""
"103","UZS","UZS","860","00000000",""
"108","DZD","DZD","012","00000000",""
"108","ECS","ECS","218","00000000",""
"103","VEB","VEB","862","00000000",""
"108","EEK","EEK","233","00000000",""
"103","VND","VND","704","00000000",""
"103","VUV","VUV","548","00000000",""
"108","EGP","EGP","818","00000000",""
"103","WST","WST","882","00000000",""
"108","ERN","ERN","232","00000000",""
"108","ESP","ESP","724","00000000",""
"103","XAF","XAF","950","00000000",""
"108","ETB","ETB","230","00000000",""
"103","XCD","XCD","951","00000000",""
"108","EUR","EUR","978","00000000",""
"103","XDS","","","00000000",""
"108","FIM","FIM","246","00000000",""
"103","XEU","XEU","954","00000000",""
"108","FJD","FJD","242","00000000",""
"103","XOF","XOF","952","00000000",""
"108","FKP","FKP","238","00000000",""
"103","XPF","XPF","953","00000000","X"
"108","FRF","FRF","250","00000000",""
"103","YER","YER","886","00000000",""
"108","GBP","GBP","826","00000000",""
"103","YUM","YUM","891","00000000",""
"108","GEL","GEL","981","00000000",""
"103","ZAR","ZAR","710","00000000",""
"108","GHC","GHC","288","00000000",""
"103","ZMK","ZMK","894","00000000",""
"108","GIP","GIP","292","00000000",""
"103","ZRN","ZRN","180","00000000",""
"108","GMD","GMD","270","00000000",""
"103","ZWD","ZWD","716","00000000",""
"108","GNF","GNF","324","00000000",""
"104","ADP","ADP","020","00000000",""
"108","GRD","GRD","300","00000000",""
"104","AED","AED","784","00000000",""
"108","GTQ","GTQ","320","00000000",""
"104","AFA","AFA","004","00000000",""
"108","GWP","GWP","624","00000000",""
"104","ALL","ALL","008","00000000",""
"108","GYD","GYD","328","00000000",""
"104","AMD","AMD","051","00000000",""
"104","ANG","ANG","532","00000000",""
"108","HKD","HKD","344","00000000",""
"108","HNL","HNL","340","00000000",""
"104","AON","AON","024","00000000",""
"108","HRK","HRK","191","00000000",""
"104","AOR","AOR","982","00000000",""
"108","HTG","HTG","332","00000000",""
"104","ARS","ARS","032","00000000",""
"108","HUF","HUF","348","00000000",""
"104","ATS","ATS","040","00000000",""
"108","IDR","IDR","360","00000000",""
"104","AUD","AUD","036","00000000",""
"108","IEP","IEP","372","00000000",""
"104","AWG","AWG","533","00000000",""
"108","ILS","ILS","376","00000000",""
"104","AZM","AZM","031","00000000",""
"108","INR","INR","356","00000000",""
"104","BAM","BAM","977","00000000",""
"108","IQD","IQD","368","00000000",""
"104","BBD","BBD","052","00000000",""
"108","IRR","IRR","364","00000000",""
"104","BDT","BDT","050","00000000",""
"108","ISK","ISK","352","00000000",""
"104","BEF","BEF","056","00000000",""
"104","BGN","BGN","975","00000000",""
"108","ITL","ITL","380","00000000",""
"104","BHD","BHD","048","00000000",""
"108","JMD","JMD","388","00000000",""
"104","BIF","BIF","108","00000000",""
"108","JOD","JOD","400","00000000",""
"104","BMD","BMD","060","00000000",""
"108","JPY","JPY","392","00000000",""
"104","BND","BND","096","00000000",""
"108","KES","KES","404","00000000",""
"104","BOB","BOB","068","00000000",""
"108","KGS","KGS","417","00000000",""
"104","BRL","BRL","986","00000000",""
"108","KHR","KHR","116","00000000",""
"104","BSD","BSD","044","00000000",""
"108","KMF","KMF","174","00000000",""
"104","BTN","BTN","064","00000000",""
"108","KPW","KPW","408","00000000",""
"104","BWP","BWP","072","00000000",""
"104","BYB","BYB","112","00000000",""
"104","BZD","BZD","084","00000000",""
"104","CAD","CAD","124","00000000",""
"104","CFP","XPF","953","00000000",""
"104","CHF","CHF","756","00000000",""
"104","CLP","CLP","152","00000000",""
"104","CNY","CNY","156","00000000","X"
"104","COP","COP","170","00000000",""
"104","CRC","CRC","188","00000000",""
"104","CUP","CUP","192","00000000",""
"104","CVE","CVE","132","00000000",""
"104","CYP","CYP","196","00000000",""
"104","CZK","CZK","203","00000000",""
"104","DEM","DEM","280","00000000","X"
"104","DEM3","DEM","280","00000000",""
"104","DJF","DJF","262","00000000",""
"104","DKK","DKK","208","00000000",""
"104","DOP","DOP","214","00000000",""
"104","DZD","DZD","012","00000000",""
"104","ECS","ECS","218","00000000",""
"104","EEK","EEK","233","00000000",""
"104","EGP","EGP","818","00000000",""
"104","ERN","ERN","232","00000000",""
"104","ESP","ESP","724","00000000",""
"104","ETB","ETB","230","00000000",""
"104","EUR","EUR","978","00000000",""
"104","FIM","FIM","246","00000000",""
"104","FJD","FJD","242","00000000",""
"104","FKP","FKP","238","00000000",""
"104","FRF","FRF","250","00000000",""
"104","GBP","GBP","826","00000000",""
"104","GEL","GEL","981","00000000",""
"104","GHC","GHC","288","00000000",""
"104","GIP","GIP","292","00000000",""
"104","GMD","GMD","270","00000000",""
"104","GNF","GNF","324","00000000",""
"104","GRD","GRD","300","00000000",""
"104","GTQ","GTQ","320","00000000",""
"104","GWP","GWP","624","00000000",""
"104","GYD","GYD","328","00000000",""
"104","HKD","HKD","344","00000000",""
"104","HNL","HNL","340","00000000",""
"104","HRK","HRK","191","00000000",""
"104","HTG","HTG","332","00000000",""
"104","HUF","HUF","348","00000000",""
"104","IDR","IDR","360","00000000",""
"104","IEP","IEP","372","00000000",""
"104","ILS","ILS","376","00000000",""
"104","INR","INR","356","00000000",""
"104","IQD","IQD","368","00000000",""
"104","IRR","IRR","364","00000000",""
"104","ISK","ISK","352","00000000",""
"104","ITL","ITL","380","00000000",""
"104","JMD","JMD","388","00000000",""
"104","JOD","JOD","400","00000000",""
"104","JPY","JPY","392","00000000",""
"104","KES","KES","404","00000000",""
"104","KGS","KGS","417","00000000",""
"104","KHR","KHR","116","00000000",""
"104","KMF","KMF","174","00000000",""
"104","KPW","KPW","408","00000000",""
"104","KRW","KRW","410","00000000",""
"104","KWD","KWD","414","00000000",""
"104","KYD","KYD","136","00000000",""
"104","KZT","KZT","398","00000000",""
"104","LAK","LAK","418","00000000",""
"104","LBP","LBP","422","00000000",""
"104","LKR","LKR","144","00000000",""
"104","LRD","LRD","430","00000000",""
"104","LSL","LSL","426","00000000",""
"104","LTL","LTL","440","00000000",""
"104","LUF","LUF","442","00000000",""
"104","LVL","LVL","428","00000000",""
"104","LYD","LYD","434","00000000",""
"104","MAD","MAD","504","00000000",""
"104","MDL","MDL","498","00000000",""
"104","MGF","MGF","450","00000000",""
"104","MKD","MKD","807","00000000",""
"104","MMK","MMK","104","00000000",""
"104","MNT","MNT","496","00000000",""
"104","MOP","MOP","446","00000000",""
"104","MRO","MRO","478","00000000",""
"104","MTL","MTL","470","00000000",""
"104","MUR","MUR","480","00000000",""
"104","MVR","MVR","462","00000000",""
"104","MWK","MWK","454","00000000",""
"104","MXN","MXN","484","00000000",""
"104","MYR","MYR","458","00000000",""
"104","MZM","MZM","508","00000000",""
"104","NAD","NAD","516","00000000",""
"104","NGN","NGN","566","00000000",""
"104","NIO","NIO","558","00000000",""
"104","NLG","NLG","528","00000000",""
"104","NOK","NOK","578","00000000",""
"104","NPR","NPR","524","00000000",""
"104","NZD","NZD","554","00000000",""
"104","OMR","OMR","512","00000000",""
"104","PAB","PAB","590","00000000",""
"104","PEN","PEN","604","00000000",""
"104","PGK","PGK","598","00000000",""
"104","PHP","PHP","608","00000000",""
"104","PKR","PKR","586","00000000",""
"104","PLN","PLN","985","00000000",""
