"516","J","2002","平均換算レート"
"538","D","B","Standardumrechnung zum Briefkurs"
"516","J","2003","取得時換算レート"
"538","D","EURO","Standardumrechnung für EWU"
"516","J","2004","前年度換算レート"
"516","J","B","電信売買売値"
"538","D","G","Standardumrechnung zum Geldkurs"
"800","P","B","Conversão standard com câmbio de venda"
"538","D","M","Standardumrechnung zum Mittelkurs"
"516","J","EURO","EMU 規定 固定換算レート"
"800","P","EURB","UME - convers.oferta venda/oferta compra"
"516","J","EURX","EMU 規定 変動換算レート"
"538","D","P","Standardumrechnung für die Kostenplanung"
"516","J","G","電信売買買値"
"800","P","EURG","UME - convers.oferta venda/oferta compra"
"538","E","100*","Reference value = group value"
"516","J","I","域内取引換算レートタイプ"
"800","P","EURO","UME - método de conversão"
"538","E","1001","Current exchange rate"
"516","J","M","電信売買仲値"
"538","E","1002","Average exchange rate"
"800","P","EURX","UME - método conversão não participante"
"108","V","2003","Historisk kurs"
"516","J","P","原価計画用標準標準換算レート"
"538","E","1003","Historical exchange rate"
"800","P","G","Conversão standard com câmbio de compra"
"519","D","100*","Referenzwert = Kreiswert"
"538","E","1004","Current exch. rate prior year"
"108","V","2004","Kurs för referensdag föreg.år"
"519","D","1001","Stichtagskurs"
"800","P","I","Categoria de taxa de câmbio IntraStat"
"108","V","B","Standardomräkning (säljkurs)"
"519","D","1002","Durchschnittskurs"
"538","E","200*","Reference value = group value"
"502","E","2001","Rate on key date"
"800","P","INT","Taxa interna de compensação"
"108","V","EURO","EMU-regel\, fasta kurser"
"519","D","1003","Historischer Kurs"
"538","E","2001","Current exchange rate"
"502","E","2002","Average rate"
"800","P","M","Conversão standard com câmbio médio"
"519","D","1004","Stichtagskurs des Vorjahres"
"108","V","EURX","EMU-regel\, variabla kurser"
"538","E","2002","Average exchange rate"
"502","E","2003","Historical rate"
"800","P","P","Conversão standard p/planejamento custos"
"538","E","2003","Historical exchange rate"
"519","D","200*","Referenzwert = Kreiswert"
"108","V","G","Standardomräkning (köpkurs)"
"502","E","2004","Rate on key date in previous year"
"800","Q","100*","Refer.hodnota = hodnota okruhu"
"108","V","I","Kurskategori IntraStat"
"519","D","2001","Stichtagskurs"
"502","E","2011","Rate on key date"
"538","E","2004","Current exch. rate prior year"
"800","Q","1001","Kurz k rozhod.dňu"
"502","E","2012","Average rate"
"108","V","M","Standardomräkning (genomsnittskurs)"
"538","E","B","Standard translation at bk.selling rate"
"800","Q","1002","Priemerný kurz"
"519","D","2002","Durchschnittskurs"
"502","E","2013","Historical rate"
"108","V","P","Standardomräkning för kostn.planeringen"
"800","Q","1003","Historický kurz"
"519","D","2003","Historischer Kurs"
"502","E","2014","Rate on key date in previous year"
"109","1","100*","参考值 = 组值"
"800","Q","1004","Kurz k rozh.dňu minulého roka"
"502","E","B","Standard conversion at bank selling rate"
"109","1","1001","当前兑换率"
"519","D","2004","Stichtagskurs des Vorjahres"
"109","1","1002","平均兑换率"
"800","Q","200*","Refer.hodnota = hodnota okruhu"
"502","E","G","Standard translation at bank buying rate"
"800","Q","2001","Kurz k rozhod.dňu"
"519","D","B","Standardumrechnung zum Briefkurs"
"109","1","1003","历史兑换率"
"502","E","M","Standard translation at average rate"
"800","Q","2002","Priemerný kurz"
"519","D","EURO","EWU-Vorschrift\, fixe Kurse"
"109","1","1004","前年的当前兑换率"
"502","E","P","Standard translation for cost planning"
"800","Q","2003","Historický kurz"
"109","1","200*","参考值 = 组值"
"502","F","1001","Cours du jour"
"519","D","EURX","EWU-Vorschrift\, variable Kurse"
"800","Q","2004","Kurz k rozh.dňu minulého roka"
"502","F","1002","Cours moyen"
"109","1","2001","当前兑换率"
"519","D","G","Standardumrechnung zum Geldkurs"
"800","Q","B","Štandardný prepočet za predajný kurz"
"109","1","2002","平均兑换率"
"502","F","1003","Cours historique"
"519","D","I","Kurstyp IntraStat"
"800","Q","EURO","Predpis EMÚ\, pevné kurzy"
"109","1","2003","历史兑换率"
"502","F","1004","Cours du jour de l'année précédente"
"519","D","M","Standardumrechnung zum Mittelkurs"
"800","Q","EURX","Predpis EMÚ\, variabilné kurzy"
"109","1","2004","前年的当前兑换率"
"502","F","1011","Cours du jour"
"519","D","P","Standardumrechnung für die Kostenplanung"
"800","Q","G","Štandardný prepočet za bank.nákup.kurz"
"109","1","B","在银行卖出率下的标准兑换"
"502","F","1012","Cours moyen"
"519","E","100*","Reference value = group value"
"800","Q","I","Typ kurzu IntraStat"
"109","1","EURO","EMU 规则，固定兑换率"
"502","F","1013","Cours historique"
"519","E","1001","Current exchange rate"
"800","Q","M","Štandardný prepočet za kurz stredu"
"109","1","EURX","EMU 规则，变化的兑换率"
"519","E","1002","Average exchange rate"
"800","Q","P","Štandard.prepočet pre plánovanie náklado"
"502","F","1014","Cours du jour de l'année précédente"
"109","1","G","在银行买入率下的标准兑换"
"519","E","1003","Historical exchange rate"
"800","R","001","Курс на отчетную дату"
"109","1","I","州内的汇率类型"
"502","F","2001","Cours de réf."
"800","R","0011","Курс на отчетную дату"
"519","E","1004","Current exch. rate prior year"
"109","1","M","在平均比率下的标准兑换"
"502","F","2002","Cours moyen"
"800","R","001D","Курс на отчетную дату"
"519","E","200*","Reference value = group value"
"109","1","P","对成本计划的标准换算"
"502","F","2003","Cours historique"
"109","3","100*","참조값 = 그룹값"
"800","R","0021","Курс на отчетную дату"
"519","E","2001","Current exchange rate"
"109","3","1001","현재환율"
"502","F","2004","Taux au jr arr.cpt. de l'ex. précédent"
"800","R","0022","Средний курс"
"109","3","1002","평균환율"
"519","E","2002","Average exchange rate"
"109","3","1003","이력환율"
"800","R","100*","СсылЗначение = значение в валюте ГКК"
"502","F","B","Conversion standard au cours 'vente'"
"519","E","2003","Historical exchange rate"
"109","3","1004","현재환율 이전연도"
"800","R","1001","Курс на отчетную дату"
"109","3","200*","참조값 = 그룹값"
"519","E","2004","Current exch. rate prior year"
"800","R","1002","Средний курс"
"502","F","G","Conversion standard au cours 'achat'"
"109","3","2001","현재환율"
"519","E","B","Standard translation at bk.selling rate"
"800","R","1003","Исторический курс"
"109","3","2002","평균환율"
"502","F","M","Conversion standard au cours moyen"
"519","E","EURO","EMU regulation\, fixed exchange rates"
"109","3","2003","이력환율"
"800","R","1004","Курс на отчетную дату предыдущего года"
"519","E","EURX","EMU regulation\, variable exchange rates"
"109","3","2004","현재환율 이전연도"
"502","F","P","Conversion standard pour planif. coûts"
"800","R","1011","Курс на отчетную дату"
"519","E","G","Standard translation at bank buying rate"
"109","3","B","은행매각율의 표준환산"
"800","R","1012","Средний курс"
"519","E","I","Intrastat exchange rate type"
"502","J","100*","参照値 = グループ値"
"109","3","EURO","EMU 규칙\, 고정환율"
"800","R","1013","Исторический курс"
"519","E","M","Standard translation at average rate"
"109","3","EURX","EMU 규칙\, 변동환율"
"502","J","1001","現換算レート"
"800","R","1014","Курс на отчетную дату предыдущего года"
"519","E","P","Standard translation for cost planning"
"109","3","G","은행매입율의 표준환산"
"800","R","200*","СсылЗначение = значение в валюте ГКК"
"109","3","I","Intrastat 환율유형"
"519","F","100*","Val. réf. = montants en devise périmètre"
"502","J","1002","平均換算レート"
"800","R","2001","Курс на отчетную дату"
"109","3","M","평균환율의 표준환산"
"519","F","1001","Cours du jour (de référence)"
"502","J","1003","取得時換算レート"
"800","R","2002","Средний курс"
"109","3","P","원가계획의 표준환산"
"519","F","1002","Cours moyen"
"502","J","1004","前年度換算レート"
"800","R","2003","Исторический курс"
"519","F","1003","Cours historique"
"502","J","200*","参照値 = グループ値"
"109","C","100*","Refer.hodnota = hodnota okruhu"
"800","R","2004","Курс на отчетную дату предыдущего года"
"502","J","2001","現換算レート"
"109","C","1001","Kurz rozhodného dne"
"519","F","1004","Cours du jour de l'exercice précédent"
"800","R","2011","Курс на отчетную дату"
"109","C","1002","Průměrný kurz"
"502","J","2002","平均換算レート"
"519","F","200*","Val. réf. = montants en devise périmètre"
"800","R","2012","Средний курс"
"109","C","1003","Historický kurz"
"519","F","2001","Cours du jour (de référence)"
"800","R","2013","Исторический курс"
"502","J","2003","取得時換算レート"
"109","C","1004","Kurz rozh.dne minulého roku"
"519","F","2002","Cours moyen"
"519","F","2003","Cours historique"
"800","R","2014","Курс на отчетную дату предыдущего года"
"109","C","200*","Refer.hodnota = hodnota okruhu"
"502","J","2004","前年度換算レート"
"109","C","2001","Kurz rozhodného dne"
"519","F","2004","Cours du jour de l'exercice précédent"
"800","R","B","Станд. пересчет по курсу продавца"
"502","J","B","電信売買売値"
"109","C","2002","Průměrný kurz"
"109","C","2003","Historický kurz"
"800","R","EURB","ЕВС - пересчет КПокуп/КПродав"
"519","F","B","conversion standard au cours VENTE"
"502","J","EURO","EMU 規定 固定換算レート"
"502","J","EURX","EMU 規定 変動換算レート"
"519","F","EURO","Règle UEM\, cours fixes"
"109","C","2004","Kurz rozh.dne minulého roku"
"800","R","EURG","ЕВС - пересчет КПокуп/КПродав"
"502","J","G","電信売買買値"
"109","C","B","Standard.přepočet k prodejnímu kurzu"
"519","F","EURX","Règles UEM\, cours variables"
"800","R","EURO","ЕВС - метод пересчета"
"502","J","I","域内取引換算レートタイプ"
"109","C","EURO","Předpis EMU\, fixní kurzy"
"800","R","EURX","ЕВС - метод пересчета - неучаств. валюты"
"502","J","M","電信売買仲値"
"519","F","G","conversion standard au cours ACHAT"
"109","C","EURX","Předpis EMU\, variabilní kurzy"
"800","R","G","Станд. пересчет по курсу покупателя"
"502","J","P","原価計画用標準標準換算レート"
"519","F","I","Type de cours IntraStat"
"109","C","G","Standard.přepočet k bank.nákup.kurzu"
"505","D","1001","Stichtagskurs"
"800","R","I","Тип курса: ИНТРАСТАТ"
"109","C","I","Typ kurzu IntraStat"
"519","F","M","conversion standard au cours MOYEN"
"505","D","1002","Durchschnittskurs"
"800","R","INT","Внутр. курс пересчета"
"505","D","1003","Historischer Kurs"
"109","C","M","Standard.přepočet ke kurzu střed"
"519","F","P","Conv. standard pr la budgét. des coûts"
"505","D","1004","Stichtagskurs des Vorjahres"
"800","R","M","СтандПересчет по средневзвешенному курсу"
"109","C","P","Standard.přepočet pro plánování nákladů"
"519","H","100*","Referenciaérték = kör értéke"
"505","D","1011","Stichtagskurs"
"800","R","P","СтандартПересчет для планирования затрат"
"505","D","1012","Durchschnittskurs"
"519","H","1001","Határnapi árfolyam"
"109","D","100*","Referenzwert = Kreiswert"
"800","S","001","T/C en fecha clave"
"519","H","1002","Átlagárfolyam"
"109","D","1001","Stichtagskurs"
"505","D","1013","Historischer Kurs"
"800","S","0011","T/C en fecha clave"
"519","H","1003","Történeti árfolyam"
"800","S","001D","T/C en fecha clave"
"109","D","1002","Durchschnittskurs"
"505","D","1014","Stichtagskurs des Vorjahres"
"109","D","1003","Historischer Kurs"
"800","S","0021","T/C en fecha clave"
"519","H","1004","Előző év határnapi árfolyama"
"505","D","2001","Stichtagskurs"
"800","S","0022","Cotización media"
"109","D","1004","Stichtagskurs des Vorjahres"
"519","H","200*","Referenciaérték = kör értéke"
"505","D","2002","Durchschnittskurs"
"800","S","100*","Vl.ref.=Vl.mon.ámb.consolidac."
"519","H","2001","Határnapi árfolyam"
"109","D","200*","Referenzwert = Kreiswert"
"800","S","1001","T/C en fecha clave"
"505","D","2003","Historischer Kurs"
"519","H","2002","Átlagárfolyam"
"109","D","2001","Stichtagskurs"
"800","S","1002","Cotización media"
"505","D","2004","Stichtagskurs des Vorjahres"
"800","S","1003","T/C histórico"
"519","H","2003","Történeti árfolyam"
"109","D","2002","Durchschnittskurs"
"505","D","2011","Stichtagskurs"
"109","D","2003","Historischer Kurs"
"800","S","1004","T/C en fecha clave ej.ant."
"519","H","2004","Előző év határnapi árfolyama"
"800","S","1011","T/C en fecha clave"
"505","D","2012","Durchschnittskurs"
"109","D","2004","Stichtagskurs des Vorjahres"
"800","S","1012","Cotización media"
"505","D","2013","Historischer Kurs"
"519","H","B","Standard átszámítás eladási árfolyamon"
"109","D","B","Standardumrechnung zum Briefkurs"
"800","S","1013","T/C histórico"
"519","H","EURO","EMU-előírás\, fix árfolyamok"
"800","S","1014","T/C en fecha clave ej.ant."
"109","D","CNTX","Standardumrechnung zum Mittelkurs"
"505","D","2014","Stichtagskurs des Vorjahres"
"519","H","EURX","EMU-előírás\, változó árfolyamok"
"800","S","200*","Vl.ref.=Vl.mon.ámb.consolidac."
"109","D","EURO","EWU-Vorschrift\, fixe Kurse"
"505","D","B","Standardumrechnung zum Briefkurs"
"800","S","2001","T/C en fecha clave"
"519","H","G","Standard átszámítás vételi árfolyamon"
"505","D","EURO","Standardumrechnung zum Mittelkurs"
"800","S","2002","Cotización media"
"109","D","EURX","EWU-Vorschrift\, variable Kurse"
"519","H","I","IntraStat árfolyamtípus"
"800","S","2003","T/C histórico"
"505","D","G","Standardumrechnung zum Geldkurs"
"109","D","G","Standardumrechnung zum Geldkurs"
"519","H","M","Standard átszámítás középárfolyamon"
"109","D","I","Kurstyp IntraStat"
"800","S","2004","T/C en fecha clave ej.ant."
"519","H","P","Standard átszámítás költségtervezéshez"
"800","S","2011","T/C en fecha clave"
"109","D","M","Standardumrechnung zum Mittelkurs"
"519","I","100*","Valore rif. = Valore cons."
"800","S","2012","Cotización media"
"109","D","P","Standardumrechnung für die Kostenplanung"
"800","S","2013","T/C histórico"
"519","I","1001","Cambio alla data chius. es."
"109","E","100*","Reference value = group value"
"519","I","1002","Cambio medio"
"800","S","2014","T/C en fecha clave ej.ant."
"505","D","M","Standardumrechnung zum Mittelkurs"
"519","I","1003","Cambio storico"
"109","E","1001","Current exchange rate"
"800","S","B","Conversión normal según T/C vendedor"
"505","D","P","Standardumrechnung für die Kostenplanung"
"519","I","1004","Cambio a data chius.es.preced."
"109","E","1002","Average exchange rate"
"505","E","1001","Rate on key date"
"800","S","EURB","UME: Conversión demanda/oferta"
"505","E","1002","Average rate"
"519","I","200*","Valore rif. = Valore cons."
"505","E","1003","Historical rate"
"800","S","EURG","UME: Conversión demanda/oferta"
"109","E","1003","Historical exchange rate"
"519","I","2001","Cambio alla data chius. es."
"505","E","1004","Rate on key date in previous year"
"519","I","2002","Cambio medio"
"800","S","EURO","UME: Método de conversión"
"109","E","1004","Current exch. rate prior year"
"519","I","2003","Cambio storico"
"505","E","1011","Rate on key date"
"109","E","200*","Reference value = group value"
"800","S","EURX","UME: Método de conversión no participa"
"505","E","1012","Average rate"
"519","I","2004","Cambio a data chius.es.preced."
"109","E","2001","Current exchange rate"
"505","E","1013","Historical rate"
"800","S","G","Conversión normal según T/C comprador"
"519","I","B","Conv. standard per cambio vendita"
"109","E","2002","Average exchange rate"
"519","I","EURO","Norma UME\, cambi fissi"
"800","S","I","Tipo de cotización IntraStat"
"505","E","1014","Rate on key date in previous year"
"505","E","2001","Rate on key date"
"519","I","EURX","Norma UME\, cambi variabili"
"109","E","2003","Historical exchange rate"
"800","S","INT","Tasa de compensación interna"
"505","E","2002","Average rate"
"519","I","G","Conv. standard per corso monetario"
"800","S","M","Conversión normal según T/C estándar"
"505","E","2003","Historical rate"
"109","E","2004","Current exch. rate prior year"
"519","I","I","Tipo di cambio IntraStat"
"800","S","P","Conversión estándar para planif.costes"
"505","E","2004","Rate on key date in previous year"
"109","E","B","Standard translation at bk.selling rate"
"519","I","M","Conv. standard per cambio medio"
"505","E","2011","Rate on key date"
"800","T","100*","Referans değer = Grup değeri"
"505","E","2012","Average rate"
"519","I","P","Conv. standard per pianif. dei costi"
"109","E","CNTX","Special exchange rate type for IIT (CN)"
"800","T","1001","Anahtar tarih kuru"
"505","E","2013","Historical rate"
"800","T","1002","Ortalama kur"
"519","J","100*","参照値 = グループ値"
"109","E","EURO","EMU regulation\, fixed exchange rates"
"505","E","2014","Rate on key date in previous year"
"800","T","1003","Tarihsel kur"
"519","J","1001","現換算レート"
"109","E","EURX","EMU regulation\, variable exchange rates"
"505","E","B","Standard conversion at bank selling rate"
"800","T","1004","Önceki yılın anahtar tarih kuru"
"519","J","1002","平均換算レート"
"505","E","EURO","Standard translation at average rate"
"109","E","G","Standard translation at bank buying rate"
"519","J","1003","取得時換算レート"
"800","T","200*","Referans değer = Grup değeri"
"505","E","G","Standard translation at bank buying rate"
"800","T","2001","Anahtar tarih kuru"
"109","E","I","Intrastat exchange rate type"
"519","J","1004","前年度換算レート"
"800","T","2002","Ortalama kur"
"505","E","M","Standard translation at average rate"
"109","E","M","Standard translation at average rate"
"519","J","200*","参照値 = グループ値"
"800","T","2003","Tarihsel kur"
"519","J","2001","現換算レート"
"505","E","P","Standard translation for cost planning"
"109","E","P","Standard translation for cost planning"
"800","T","2004","Önceki yılın anahtar tarih kuru"
"505","F","1001","Cours du jour"
"519","J","2002","平均換算レート"
"109","F","100*","Val. réf. = montants en devise périmètre"
"505","F","1002","Cours moyen"
"800","T","B","Satış kuru için standart çeviri"
"519","J","2003","取得時換算レート"
"505","F","1003","Cours historique"
"109","F","1001","Cours du jour (de référence)"
"800","T","EURO","APB talimatı\, kuru sabitle"
"519","J","2004","前年度換算レート"
"109","F","1002","Cours moyen"
"505","F","1004","Cours du jour de l'année précédente"
"519","J","B","電信売買売値"
"800","T","EURX","APB talimatı\, değişken kur"
"505","F","1011","Cours du jour"
"109","F","1003","Cours historique"
"505","F","1012","Cours moyen"
"519","J","EURO","EMU 規定 固定換算レート"
"800","T","G","Alış kuru için standart çeviri"
"505","F","1013","Cours historique"
"109","F","1004","Cours du jour de l'exercice précédent"
"800","T","I","IntraStat kurtipi"
"519","J","EURX","EMU 規定 変動換算レート"
"519","J","G","電信売買買値"
"505","F","1014","Cours du jour de l'année précédente"
"109","F","200*","Val. réf. = montants en devise périmètre"
"800","T","M","Ortalama kur için standart çeviri"
"505","F","2001","Cours de réf."
"519","J","I","域内取引換算レートタイプ"
"109","F","2001","Cours du jour (de référence)"
"505","F","2002","Cours moyen"
"800","T","P","Masraf planlaması için standart çeviri"
"519","J","M","電信売買仲値"
"505","F","2003","Cours historique"
"109","F","2002","Cours moyen"
"519","J","P","原価計画用標準標準換算レート"
"800","U","100*","Viitearvo = alueen arvo"
"109","F","2003","Cours historique"
"505","F","2004","Taux au jr arr.cpt. de l'ex. précédent"
"519","P","100*","Valor de referência = valor de área"
"800","U","1001","Määräpäivän kurssi"
"109","F","2004","Cours du jour de l'exercice précédent"
"505","F","B","Conversion standard au cours 'vente'"
"519","P","1001","Câmbio a data fixa"
"800","U","1002","Keskikurssi"
"519","P","1002","Câmbio médio"
"505","F","EURO","Conversion standard au cours moyen"
"800","U","1003","Historiallinen kurssi"
"109","F","B","conversion standard au cours VENTE"
"519","P","1003","Câmbio histórico"
"800","U","1004","Edellisen vuoden määräpäiväkurssi"
"505","F","G","Conversion standard au cours 'achat'"
"109","F","EURO","Règle UEM\, cours fixes"
"519","P","1004","Câmbio a data fixa do ano precedente"
"800","U","200*","Viitearvo = alueen arvo"
"505","F","M","Conversion standard au cours moyen"
"109","F","EURX","Règles UEM\, cours variables"
"519","P","200*","Valor de referência = valor de área"
"800","U","2001","Määräpäivän kurssi"
"505","F","P","Conversion standard pour planif. coûts"
"519","P","2001","Câmbio a data fixa"
"800","U","2002","Keskikurssi"
"109","F","G","conversion standard au cours ACHAT"
"505","J","1001","現換算レート"
"519","P","2002","Câmbio médio"
"800","U","2003","Historiallinen kurssi"
"109","F","I","Type de cours IntraStat"
"519","P","2003","Câmbio histórico"
"505","J","1002","平均換算レート"
"800","U","2004","Edellisen vuoden määräpäiväkurssi"
"519","P","2004","Câmbio a data fixa do ano precedente"
"109","F","M","conversion standard au cours MOYEN"
"505","J","1003","取得時換算レート"
"800","U","B","Vakiomuunto - myyntikurssi"
"519","P","B","Conversão standard com câmbio de venda"
"505","J","1004","前年度換算レート"
"109","F","P","Conv. standard pr la budgét. des coûts"
"800","U","EURO","EMU-säädös\, kiint. kurssit"
"505","J","2001","現換算レート"
"519","P","EURO","Norma UME\, taxas de câmbio fixas"
"505","J","2002","平均換算レート"
"109","H","100*","Referenciaérték = kör értéke"
"519","P","EURX","Norma UME\, taxas de câmbio variáveis"
"800","U","EURX","EMU-säädös\, muuttuvat kurssit"
"505","J","2003","取得時換算レート"
"519","P","G","Conversão standard com câmbio de compra"
"800","U","G","Vakiomuunto - ostokurssi"
"109","H","1001","Határnapi árfolyam"
"505","J","2004","前年度換算レート"
"519","P","I","Categoria de taxa de câmbio IntraStat"
"800","U","I","Kurssityyppi IntraStat"
"109","H","1002","Átlagárfolyam"
"505","J","B","電信売買売値"
"505","J","EURO","電信売買仲値"
"800","U","M","Vakiomuunto - keskikurssi"
"109","H","1003","Történeti árfolyam"
"519","P","M","Conversão standard com câmbio médio"
"505","J","G","電信売買買値"
"519","P","P","Conversão standard p/planejamento custos"
"505","J","M","電信売買仲値"
"800","U","P","Vakiomuunto kustannussuunnittelua varten"
"109","H","1004","Előző év határnapi árfolyama"
"800","V","100*","Referensvärde = KO-val.värde"
"519","S","100*","Vl.ref.=Vl.mon.ámb.consolidac."
"505","J","P","原価計画用標準標準換算レート"
"519","S","1001","T/C en fecha clave"
"109","H","200*","Referenciaérték = kör értéke"
"505","N","1001","Peildatumkoers"
"800","V","1001","Kurs för referensdag"
"519","S","1002","Cotización media"
"109","H","2001","Határnapi árfolyam"
"800","V","1002","Genomsnittskurs"
"519","S","1003","T/C histórico"
"505","N","1002","Gemiddelde koers"
"800","V","1003","Historisk kurs"
"505","N","1003","Historische koers"
"109","H","2002","Átlagárfolyam"
"519","S","1004","T/C en fecha clave ej.ant."
"800","V","1004","Kurs för referensdag föreg.år"
"109","H","2003","Történeti árfolyam"
"505","N","1004","Peildatumkoers van het afgelopen jaar"
"519","S","200*","Vl.ref.=Vl.mon.ámb.consolidac."
"800","V","200*","Referensvärde = KO-val.värde"
"505","N","2001","Peildatumkoers"
"519","S","2001","T/C en fecha clave"
"109","H","2004","Előző év határnapi árfolyama"
"800","V","2001","Kurs för referensdag"
"505","N","2002","Gemiddelde koers"
"519","S","2002","Cotización media"
"800","V","2002","Genomsnittskurs"
"519","S","2003","T/C histórico"
"800","V","2003","Historisk kurs"
"505","N","2003","Historische koers"
"109","H","B","Standard átszámítás eladási árfolyamon"
"505","N","2004","Peildatumkoers van het afgelopen jaar"
"109","H","EURO","EMU-előírás\, fix árfolyamok"
"800","V","2004","Kurs för referensdag föreg.år"
"519","S","2004","T/C en fecha clave ej.ant."
"505","N","B","Standaardomrekening tegen girale koers"
"800","V","B","Standardomräkning (säljkurs)"
"109","H","EURX","EMU-előírás\, változó árfolyamok"
"519","S","B","Conversión normal según T/C vendedor"
"505","N","EURO","Standaardomrekening tegen middenkoers"
"800","V","EURO","EMU-regel\, fasta kurser"
"519","S","EURO","Norma UME\, tipo de cambio fijo"
"109","H","G","Standard átszámítás vételi árfolyamon"
"800","V","EURX","EMU-regel\, variabla kurser"
"505","N","G","Standaardomrekening tegen chartale koers"
"800","V","G","Standardomräkning (köpkurs)"
"109","H","I","IntraStat árfolyamtípus"
"519","S","EURX","Nomra UME\, tipo de cambio variable"
"505","N","M","Standaardomrekening tegen middenkoers"
"800","V","I","Kurskategori IntraStat"
"109","H","M","Standard átszámítás középárfolyamon"
"519","S","G","Conversión normal según T/C comprador"
"505","N","P","Standaardomrekening voor kostenplanning"
"800","V","M","Standardomräkning (genomsnittskurs)"
"505","P","1001","Câmbio a data fixa"
"109","H","P","Standard átszámítás költségtervezéshez"
"519","S","I","Tipo de cotización IntraStat"
"800","V","P","Standardomräkning för kostn.planeringen"
"505","P","1002","Câmbio médio"
"800","Z","001","Current exchange rate"
"505","P","1003","Câmbio histórico"
"109","J","100*","参照値 = グループ値"
"519","S","M","Conversión normal según T/C estándar"
"800","Z","0011","Current exchange rate"
"109","J","1001","現換算レート"
"505","P","1004","Câmbio a data fixa do ano precedente"
"519","S","P","Conversión estándar para planif.costes"
"800","Z","001D","Current exchange rate"
"505","P","2001","Câmbio a data fixa"
"109","J","1002","平均換算レート"
"505","P","2002","Câmbio médio"
"519","V","100*","Referensvärde = KO-val.värde"
"800","Z","0021","Current exchange rate"
"109","J","1003","取得時換算レート"
"505","P","2003","Câmbio histórico"
"800","Z","0022","Average exchange rate"
"519","V","1001","Kurs för referensdag"
"109","J","1004","前年度換算レート"
"505","P","2004","Câmbio a data fixa do ano precedente"
"800","Z","100*","Reference value = group value"
"519","V","1002","Genomsnittskurs"
"109","J","200*","参照値 = グループ値"
"505","P","B","Conversão standard com câmbio de venda"
"800","Z","1001","Current exchange rate"
"519","V","1003","Historisk kurs"
"109","J","2001","現換算レート"
"505","P","EURO","Conversão standard com câmbio médio"
"800","Z","1002","Average rate"
"519","V","1004","Kurs för referensdag föreg.år"
"109","J","2002","平均換算レート"
"800","Z","1003","Historical rate"
"505","P","G","Conversão standard com câmbio de compra"
"800","Z","1004","Rate on key date in previous year"
"109","J","2003","取得時換算レート"
"505","P","M","Conversão standard com câmbio médio"
"519","V","200*","Referensvärde = KO-val.värde"
"800","Z","1011","Current exchange rate"
"109","J","2004","前年度換算レート"
"505","P","P","Conversão standard p/planejamento custos"
"519","V","2001","Kurs för referensdag"
"800","Z","1012","Average rate"
"505","S","1001","T/C en fecha clave"
"519","V","2002","Genomsnittskurs"
"800","Z","1013","Historical rate"
"109","J","B","電信売買売値"
"505","S","1002","T/C estándar"
"519","V","2003","Historisk kurs"
"505","S","1003","T/C histórico"
"109","J","EURO","EMU 規定 固定換算レート"
"800","Z","1014","Rate on key date in previous year"
"519","V","2004","Kurs för referensdag föreg.år"
"505","S","1004","T/C en fecha clave ej.ant."
"800","Z","200*","Reference value = group value"
"505","S","2001","T/C en fecha clave"
"109","J","EURX","EMU 規定 変動換算レート"
"519","V","B","Standardomräkning (säljkurs)"
"505","S","2002","T/C estándar"
"109","J","G","電信売買買値"
"800","Z","2001","Current exchange rate"
"505","S","2003","T/C histórico"
"519","V","EURO","EMU-regel\, fasta kurser"
"109","J","I","域内取引換算レートタイプ"
"800","Z","2002","Average rate"
"505","S","2004","T/C en fecha clave ej.ant."
"109","J","M","電信売買仲値"
"800","Z","2003","Historical rate"
"519","V","EURX","EMU-regel\, variabla kurser"
"519","V","G","Standardomräkning (köpkurs)"
"800","Z","2004","Rate on key date in previous year"
"109","J","P","原価計画用標準標準換算レート"
"519","V","I","Kurskategori IntraStat"
"800","Z","2011","Current exchange rate"
"109","L","100*","Wartość referencyjna = wartość grupy"
"505","S","B","Conversión normal según T/C vendedor"
"800","Z","2012","Average rate"
"519","V","M","Standardomräkning (genomsnittskurs)"
"109","L","1001","Kurs na dzień"
"505","S","EURO","Conversión normal según T/C estándar"
"800","Z","2013","Historical rate"
"109","L","1002","Średni kurs waluty"
"519","V","P","Standardomräkning för kostn.planeringen"
"505","S","G","Conversión normal según T/C comprador"
"800","Z","2014","Rate on key date in previous year"
"109","L","1003","Historyczny kurs waluty"
"522","1","100*","参考值 = 组值"
"505","S","M","Conversión normal según T/C estándar"
"800","Z","B","Standard conversion at bank selling rate"
"522","1","1001","当前兑换率"
"109","L","1004","Kurs określonego dnia z roku poprz."
"505","S","P","Conversión estándar para planif. costes"
"800","Z","EURB","EMU - Conversion Cash/Letter"
"522","1","1002","平均兑换率"
"109","L","200*","Wartość referencyjna = wartość grupy"
"506","1","100*","参考值 = 组值"
"522","1","1003","历史兑换率"
"800","Z","EURG","EMU - Conversion Cash/Letter"
"109","L","2001","Kurs na dzień"
"506","1","1001","当前兑换率"
"522","1","1004","前年的当前兑换率"
"800","Z","EURO","EMU - Conversion method"
"506","1","1002","平均兑换率"
"109","L","2002","Średni kurs waluty"
"522","1","200*","参考值 = 组值"
"506","1","1003","历史兑换率"
"800","Z","EURX","EWU - Conversion method not participant"
"109","L","2003","Historyczny kurs waluty"
"522","1","2001","当前兑换率"
"506","1","1004","前年的当前兑换率"
"522","1","2002","平均兑换率"
"800","Z","G","Standard translation at bank buying rate"
"109","L","2004","Kurs określonego dnia z roku poprz."
"506","1","200*","参考值 = 组值"
"522","1","2003","历史兑换率"
"800","Z","I","Intrastat exchange rate type"
"506","1","2001","当前兑换率"
"109","L","B","Przeliczenie stand. po kursie sprzedaży"
"522","1","2004","前年的当前兑换率"
"506","1","2002","平均兑换率"
"800","Z","INT","Internal clearing exchange rate"
"109","L","EURO","Przepis EMU\, kursy stałe"
"506","1","2003","历史兑换率"
"522","1","B","在银行卖出率下的标准兑换"
"800","Z","M","Standard translation at average rate"
"522","1","EURO","EMU 规则，固定兑换率"
"506","1","2004","前年的当前兑换率"
"109","L","EURX","Przepis EMU\, kursy zmienne"
"800","Z","P","Standard translation for cost planning"
"522","1","EURX","EMU 规则，变化的兑换率"
"506","1","B","在银行卖出率下的标准兑换"
"109","L","G","Przeliczenie stand. po kursie zakupu"
"812","2","100*","มูลค่าอ้างอิง = มูลค่ากลุ่ม"
"506","1","EURO","EMU 规则，固定兑换率"
"522","1","G","在银行买入率下的标准兑换"
"109","L","I","Typ kursu IntraStat"
"506","1","EURX","EMU 规则，变化的兑换率"
"812","2","1001","อัตราแลกเปลี่ยนปัจจุบัน"
"522","1","GTSC","GTS 海关处理的贸易税率类型"
"109","L","M","Przeliczenie stand. po kursie średnim"
"522","1","I","州内的汇率类型"
"506","1","G","在银行买入率下的标准兑换"
"812","2","1002","อัตราแลกเปลี่ยนเฉลี่ย"
"506","1","I","州内的汇率类型"
"109","L","P","Przeliczenie stand. do plan. kosztów"
"522","1","M","在平均比率下的标准兑换"
"812","2","1003","ประวัติอัตราแลกเปลี่ยน"
"506","1","M","在平均比率下的标准兑换"
"109","M","100*","參考值 = 集團值"
"522","1","P","对成本计划的标准换算"
"109","M","1001","現行匯率"
"506","1","P","对成本计划的标准换算"
"812","2","1004","อัตราแลกเปลี่ยนปัจจุบันเมื่อปีที่แล้ว"
"109","M","1002","平均匯率"
"506","3","100*","참조값 = 그룹값"
"522","2","100*","มูลค่าอ้างอิง = มูลค่ากลุ่ม"
"109","M","1003","歷史匯率"
"506","3","1001","현재환율"
"812","2","200*","มูลค่าอ้างอิง = มูลค่ากลุ่ม"
"506","3","1002","평균환율"
"522","2","1001","อัตราแลกเปลี่ยนปัจจุบัน"
"109","M","1004","前一年現行匯率"
"506","3","1003","이력환율"
"812","2","2001","อัตราแลกเปลี่ยนปัจจุบัน"
"109","M","200*","參考值 = 集團值"
"522","2","1002","อัตราแลกเปลี่ยนเฉลี่ย"
"506","3","1004","현재환율 이전연도"
"109","M","2001","現行匯率"
"812","2","2002","อัตราแลกเปลี่ยนเฉลี่ย"
"506","3","200*","참조값 = 그룹값"
"522","2","1003","ประวัติอัตราแลกเปลี่ยน"
"109","M","2002","平均匯率"
"506","3","2001","현재환율"
"812","2","2003","ประวัติอัตราแลกเปลี่ยน"
"506","3","2002","평균환율"
"109","M","2003","歷史匯率"
"522","2","1004","อัตราแลกเปลี่ยนปัจจุบันเมื่อปีที่แล้ว"
"506","3","2003","이력환율"
"812","2","2004","อัตราแลกเปลี่ยนปัจจุบันเมื่อปีที่แล้ว"
"109","M","2004","前一年現行匯率"
"506","3","2004","현재환율 이전연도"
"522","2","200*","มูลค่าอ้างอิง = มูลค่ากลุ่ม"
"506","3","B","은행매각율의 표준환산"
"812","2","B","การแปลงมาตรฐานที่อัตราขายของธนาคาร"
"109","M","B","銀行賣出匯率的標準換算"
"506","3","EURO","EMU 규칙\, 고정환율"
"522","2","2001","อัตราแลกเปลี่ยนปัจจุบัน"
"812","2","EURO","ข้อบังคับ EMU\,อัตราแลกเปลี่ยนคงที่"
"506","3","EURX","EMU 규칙\, 변동환율"
"109","M","EURO","EMU 規定；固定匯率"
"522","2","2002","อัตราแลกเปลี่ยนเฉลี่ย"
"506","3","G","은행매입율의 표준환산"
"109","M","EURX","EMU 規定；變動匯率"
"506","3","I","Intrastat 환율유형"
"522","2","2003","ประวัติอัตราแลกเปลี่ยน"
"812","2","EURX","ข้อบังคับ EMU\,อัตราแลกเปลี่ยนเปลี่ยนแปลง"
"506","3","M","평균환율의 표준환산"
"109","M","G","銀行買入匯率的標準換算"
"506","3","P","원가계획의 표준환산"
"522","2","2004","อัตราแลกเปลี่ยนปัจจุบันเมื่อปีที่แล้ว"
"812","2","G","การแปลงมาตรฐานที่อัตราซื้อของธนาคาร"
"506","D","001","Stichtagskurs"
"109","M","I","歐盟會員國匯率類型"
"506","D","0011","Stichtagskurs"
"506","D","001D","Stichtagskurs"
"812","2","I","ประเภทอัตราแลกเปลี่ยน Intrastat"
"109","M","M","平均匯率的標準匯率"
"522","2","B","การแปลงมาตรฐานที่อัตราขายของธนาคาร"
"506","D","0021","Stichtagskurs"
"506","D","0022","Durchschnittskurs"
"109","M","P","成本計劃的標準換算"
"812","2","M","การแปลงมาตรฐานที่อัตราเฉลี่ย"
"506","D","1001","Stichtagskurs"
"522","2","EURO","ข้อบังคับ EMU\,อัตราแลกเปลี่ยนคงที่"
"506","D","1002","Durchschnittskurs"
"812","2","P","การแปลงมาตรฐานสำหรับการวางแผนต้นทุน"
"506","D","1003","Historischer Kurs"
"506","D","1004","Stichtagskurs des Vorjahres"
"812","D","100*","Referenzwert = Kreiswert"
"522","2","EURX","ข้อบังคับ EMU\,อัตราแลกเปลี่ยนเปลี่ยนแปลง"
"506","D","1005","Stichtagskurs Consolidation"
"812","D","1001","Stichtagskurs"
"522","2","G","การแปลงมาตรฐานที่อัตราซื้อของธนาคาร"
"812","D","1002","Durchschnittskurs"
"506","D","1006","Durchschnittskurs Cons."
"506","D","1011","Stichtagskurs"
"812","D","1003","Historischer Kurs"
"522","2","I","ประเภทอัตราแลกเปลี่ยน Intrastat"
"506","D","1012","Durchschnittskurs"
"538","E","EURO","Standard translation for EMU"
"812","D","1004","Stichtagskurs des Vorjahres"
"506","D","1013","Historischer Kurs"
"538","E","EURX","EMU regulation\, variable exchange rates"
"812","D","200*","Referenzwert = Kreiswert"
"506","D","1014","Stichtagskurs des Vorjahres"
"522","2","M","การแปลงมาตรฐานที่อัตราเฉลี่ย"
"506","D","2001","Stichtagskurs"
"538","E","G","Standard translation at bank buying rate"
"812","D","2001","Stichtagskurs"
"506","D","2002","Durchschnittskurs"
"812","D","2002","Durchschnittskurs"
"538","E","I","Intrastat exchange rate type"
"522","2","P","การแปลงมาตรฐานสำหรับการวางแผนต้นทุน"
"506","D","2003","Historischer Kurs"
"522","3","100*","참조값 = 그룹값"
"812","D","2003","Historischer Kurs"
"538","E","M","Standard translation at average rate"
"506","D","2004","Stichtagskurs des Vorjahres"
"522","3","1001","현재환율"
"506","D","2011","Stichtagskurs"
"538","E","P","Standard translation for cost planning"
"812","D","2004","Stichtagskurs des Vorjahres"
"522","3","1002","평균환율"
"506","D","2012","Durchschnittskurs"
"506","D","2013","Historischer Kurs"
"538","F","100*","Val. réf. = montant en devise étrang."
"812","D","B","Standardumrechnung zum Briefkurs"
"522","3","1003","이력환율"
"538","F","1001","Cours de réf."
"506","D","2014","Stichtagskurs des Vorjahres"
"522","3","1004","현재환율 이전연도"
"812","D","EURO","Standardumrechnung für EWU"
"538","F","1002","Cours moyen"
"538","F","1003","Cours historique"
"506","D","B","Standardumrechnung zum Briefkurs"
"522","3","200*","참조값 = 그룹값"
"812","D","G","Standardumrechnung zum Geldkurs"
"538","F","1004","Taux au jr arr.cpt. de l'ex. précédent"
"812","D","I","Kurstyp IntraStat"
"506","D","EURB","EWU - Umrechnung Geld/Brief"
"522","3","2001","현재환율"
"538","F","200*","Val. réf. = montant en devise étrang."
"506","D","EURG","EWU - Umrechnung Geld/Brief"
"522","3","2002","평균환율"
"812","D","M","Standardumrechnung zum Mittelkurs"
"538","F","2001","Cours de réf."
"522","3","2003","이력환율"
"506","D","EURO","EWU - Umrechnungsmethode"
"538","F","2002","Cours moyen"
"812","D","P","Standardumrechnung für die Kostenplanung"
"538","F","2003","Cours historique"
"506","D","EURX","EWU - Umrechnungsmethode nicht Teilnehme"
"522","3","2004","현재환율 이전연도"
"812","E","100*","Reference value = group value"
"538","F","2004","Taux au jr arr.cpt. de l'ex. précédent"
"506","D","G","Standardumrechnung zum Geldkurs"
"522","3","B","은행매각율의 표준환산"
"812","E","1001","Current exchange rate"
"506","D","INT","Interner Verrechnungskurs"
"538","F","B","conversion standard au cours VENTE"
"522","3","EURO","EMU 규칙\, 고정환율"
"812","E","1002","Average exchange rate"
"506","D","M","Standardumrechnung zum Mittelkurs"
"538","F","EURO","Conversion standard pour UEM"
"522","3","EURX","EMU 규칙\, 변동환율"
"812","E","1003","Historical exchange rate"
"538","F","EURX","Règles UEM\, cours variables"
"812","E","1004","Current exch. rate prior year"
"506","D","P","Standardumrechnung für die Kostenplanung"
"522","3","G","은행매입율의 표준환산"
"538","F","G","conversion standard au cours ACHAT"
"812","E","200*","Reference value = group value"
"506","E","001","Current exchange rate"
"538","F","I","Type de cours IntraStat"
"522","3","I","Intrastat 환율유형"
"506","E","0011","Current exchange rate"
"812","E","2001","Current exchange rate"
"538","F","M","conversion standard au cours MOYEN"
"522","3","M","평균환율의 표준환산"
"538","F","P","Conv. standard pr la budgét. des coûts"
"506","E","001D","Current exchange rate"
"812","E","2002","Average exchange rate"
"522","3","P","원가계획의 표준환산"
"538","J","100*","参照値 = グループ値"
"812","E","2003","Historical exchange rate"
"522","C","100*","Refer.hodnota = hodnota okruhu"
"506","E","0021","Current exchange rate"
"538","J","1001","現換算レート"
"522","C","1001","Kurz rozhodného dne"
"538","J","1002","平均換算レート"
"812","E","2004","Current exch. rate prior year"
"506","E","0022","Average exchange rate"
"522","C","1002","Průměrný kurz"
"538","J","1003","取得時換算レート"
"812","E","B","Standard translation at bk.selling rate"
"506","E","100*","Reference value = group value"
"522","C","1003","Historický kurz"
"538","J","1004","前年度換算レート"
"812","E","EURO","Standard translation for EMU"
"506","E","1001","Current exchange rate"
"522","C","1004","Kurz rozh.dne minulého roku"
"538","J","200*","参照値 = グループ値"
"506","E","1002","Average rate"
"812","E","G","Standard translation at bank buying rate"
"538","J","2001","現換算レート"
"522","C","200*","Refer.hodnota = hodnota okruhu"
"506","E","1003","Historical rate"
"812","E","I","Intrastat exchange rate type"
"522","C","2001","Kurz rozhodného dne"
"538","J","2002","平均換算レート"
"506","E","1004","Rate on key date in previous year"
"522","C","2002","Průměrný kurz"
"538","J","2003","取得時換算レート"
"812","E","M","Standard translation at average rate"
"522","C","2003","Historický kurz"
"538","J","2004","前年度換算レート"
"506","E","1011","Current exchange rate"
"812","E","P","Standard translation for cost planning"
"538","J","B","電信売買売値"
"506","E","1012","Average rate"
"522","C","2004","Kurz rozh.dne minulého roku"
"812","F","100*","Val. réf. = montant en devise étrang."
"538","J","EURO","EMU 標準換算"
"506","E","1013","Historical rate"
"522","C","B","Standard.přepočet k prodejnímu kurzu"
"812","F","1001","Cours de réf."
"506","E","1014","Rate on key date in previous year"
"538","J","EURX","EMU 規定 変動換算レート"
"522","C","EURO","Předpis EMU\, fixní kurzy"
"812","F","1002","Cours moyen"
"538","J","G","電信売買買値"
"506","E","200*","Reference value = group value"
"522","C","EURX","Předpis EMU\, variabilní kurzy"
"812","F","1003","Cours historique"
"538","J","I","域内取引換算レートタイプ"
"506","E","2001","Current exchange rate"
"522","C","G","Standard.přepočet k bank.nákup.kurzu"
"538","J","M","電信売買仲値"
"812","F","1004","Taux au jr arr.cpt. de l'ex. précédent"
"506","E","2002","Average rate"
"522","C","GTSC","Typ kurzu GTS - celní řízení"
"506","E","2003","Historical rate"
"812","F","200*","Val. réf. = montant en devise étrang."
"538","J","P","原価計画用標準標準換算レート"
"522","C","I","Typ kurzu IntraStat"
"812","F","2001","Cours de réf."
"538","P","100*","Valor de referência = valor de área"
"812","F","2002","Cours moyen"
"506","E","2004","Rate on key date in previous year"
"522","C","M","Standard.přepočet ke kurzu střed"
"538","P","1001","Câmbio a data fixa"
"812","F","2003","Cours historique"
"506","E","2011","Current exchange rate"
"522","C","P","Standard.přepočet pro plánování nákladů"
"538","P","1002","Câmbio médio"
"506","E","2012","Average rate"
"812","F","2004","Taux au jr arr.cpt. de l'ex. précédent"
"522","D","100*","Referenzwert = Kreiswert"
"538","P","1003","Câmbio histórico"
"506","E","2013","Historical rate"
"812","F","B","conversion standard au cours VENTE"
"522","D","1001","Stichtagskurs"
"538","P","1004","Câmbio a data fixa do ano precedente"
"812","F","EURO","Conversion standard pour UEM"
"522","D","1002","Durchschnittskurs"
"506","E","2014","Rate on key date in previous year"
"538","P","200*","Valor de referência = valor de área"
"522","D","1003","Historischer Kurs"
"812","F","G","conversion standard au cours ACHAT"
"812","F","I","Type de cours IntraStat"
"538","P","2001","Câmbio a data fixa"
"522","D","1004","Stichtagskurs des Vorjahres"
"506","E","B","Standard conversion at bank selling rate"
"538","P","2002","Câmbio médio"
"812","F","M","conversion standard au cours MOYEN"
"506","E","EURB","EMU - Conversion Cash/Letter"
"538","P","2003","Câmbio histórico"
"522","D","200*","Referenzwert = Kreiswert"
"812","F","P","Conv. standard pr la budgét. des coûts"
"522","D","2001","Stichtagskurs"
"538","P","2004","Câmbio a data fixa do ano precedente"
"506","E","EURG","EMU - Conversion Cash/Letter"
"522","D","2002","Durchschnittskurs"
"812","J","100*","参照値 = グループ値"
"522","D","2003","Historischer Kurs"
"812","J","1001","現換算レート"
"538","P","B","Conversão standard com câmbio de venda"
"506","E","EURO","EMU - Conversion method"
"522","D","2004","Stichtagskurs des Vorjahres"
"812","J","1002","平均換算レート"
"538","P","EURO","Conversão standard para UME"
"506","E","EURX","EWU - Conversion method not participant"
"522","D","B","Standardumrechnung zum Briefkurs"
"812","J","1003","取得時換算レート"
"538","P","EURX","Norma UME\, taxas de câmbio variáveis"
"522","D","CNTX","Standardumrechnung zum Mittelkurs"
"506","E","G","Standard translation at bank buying rate"
"812","J","1004","前年度換算レート"
"538","P","G","Conversão standard com câmbio de compra"
"522","D","EURO","EWU-Vorschrift\, fixe Kurse"
"812","J","200*","参照値 = グループ値"
"506","E","I","Intrastat exchange rate type"
"538","P","I","Categoria de taxa de câmbio IntraStat"
"522","D","EURX","EWU-Vorschrift\, variable Kurse"
"812","J","2001","現換算レート"
"506","E","INT","Internal clearing exchange rate"
"812","J","2002","平均換算レート"
"538","P","M","Conversão standard com câmbio médio"
"522","D","G","Standardumrechnung zum Geldkurs"
"812","J","2003","取得時換算レート"
"538","P","P","Conversão standard p/planejamento custos"
"522","D","GTSC","GTS-Kurstyp Zollabwicklung"
"812","J","2004","前年度換算レート"
"506","E","M","Standard translation at average rate"
"538","S","100*","Vl.ref.=Vl.mon.ámb.consolidac."
"522","D","I","Kurstyp IntraStat"
"812","J","B","電信売買売値"
"538","S","1001","T/C en fecha clave"
"812","J","EURO","EMU 標準換算"
"522","D","M","Standardumrechnung zum Mittelkurs"
"506","E","P","Standard translation for cost planning"
"538","S","1002","T/C estándar"
"538","S","1003","T/C histórico"
"522","D","P","Standardumrechnung für die Kostenplanung"
"812","J","EURX","EMU 規定 変動換算レート"
"506","F","001","Cours du jour (de référence)"
"812","J","G","電信売買買値"
"538","S","1004","T/C en fecha clave ej.ant."
"812","J","I","域内取引換算レートタイプ"
"538","S","200*","Vl.ref.=Vl.mon.ámb.consolidac."
"506","F","0011","Cours du jour (de référence)"
"812","J","M","電信売買仲値"
"538","S","2001","T/C en fecha clave"
"538","S","2002","T/C estándar"
"506","F","001D","Cours du jour (de référence)"
"812","J","P","原価計画用標準標準換算レート"
"538","S","2003","T/C histórico"
"812","P","100*","Valor de referência = valor de área"
"506","F","0021","Cours du jour (de référence)"
"538","S","2004","T/C en fecha clave ej.ant."
"812","P","1001","Câmbio a data fixa"
"506","F","0022","Cours moyen"
"538","S","B","Conversión normal según T/C vendedor"
"812","P","1002","Câmbio médio"
"538","S","EURO","Conversión estándar para UME"
"812","P","1003","Câmbio histórico"
"506","F","100*","Val. réf. = montants en devise périmètre"
"538","S","EURX","Nomra UME\, tipo de cambio variable"
"812","P","1004","Câmbio a data fixa do ano precedente"
"506","F","1001","Cours du jour (de référence)"
"538","S","G","Conversión normal según T/C comprador"
"812","P","200*","Valor de referência = valor de área"
"538","S","I","Tipo de cotización IntraStat"
"506","F","1002","Cours moyen"
"106","D","CNTX","Standardumrechnung zum Mittelkurs"
"812","P","2001","Câmbio a data fixa"
"506","F","1003","Cours historique"
"538","S","M","Conversión normal según T/C estándar"
"812","P","2002","Câmbio médio"
"106","D","EURO","EWU-Vorschrift\, fixe Kurse"
"812","P","2003","Câmbio histórico"
"538","S","P","Conversión estándar para planif. costes"
"506","F","1004","Cours du jour de l'exercice précédent"
"106","D","EURX","EWU-Vorschrift\, variable Kurse"
"506","F","1011","Cours du jour (de référence)"
"540","1","100*","参考值 = 组值"
"812","P","2004","Câmbio a data fixa do ano precedente"
"506","F","1012","Cours moyen"
"106","D","G","Standardumrechnung zum Geldkurs"
"540","1","1001","当前兑换率"
"506","F","1013","Cours historique"
"812","P","B","Conversão standard com câmbio de venda"
"106","D","I","Kurstyp IntraStat"
"540","1","1002","平均兑换率"
"812","P","EURO","Conversão standard para UME"
"506","F","1014","Cours du jour de l'exercice précédent"
"540","1","1003","历史兑换率"
"106","D","M","Standardumrechnung zum Mittelkurs"
"812","P","G","Conversão standard com câmbio de compra"
"506","F","200*","Val. réf. = montants en devise périmètre"
"540","1","1004","前年的当前兑换率"
"106","D","P","Standardumrechnung für die Kostenplanung"
"812","P","I","Categoria de taxa de câmbio IntraStat"
"506","F","2001","Cours du jour (de référence)"
"540","1","200*","参考值 = 组值"
"106","E","100*","Reference value = group value"
"540","1","2001","当前兑换率"
"506","F","2002","Cours moyen"
"812","P","M","Conversão standard com câmbio médio"
"540","1","2002","平均兑换率"
"506","F","2003","Cours historique"
"106","E","1001","Current exchange rate"
"540","1","2003","历史兑换率"
"812","P","P","Conversão standard p/planejamento custos"
"506","F","2004","Cours du jour de l'exercice précédent"
"106","E","1002","Average exchange rate"
"540","1","2004","前年的当前兑换率"
"506","F","2011","Cours du jour (de référence)"
"812","S","100*","Vl.ref.=Vl.mon.ámb.consolidac."
"540","1","B","在银行卖出率下的标准兑换"
"506","F","2012","Cours moyen"
"106","E","1003","Historical exchange rate"
"812","S","1001","T/C en fecha clave"
"506","F","2013","Cours historique"
"540","1","EURO","EMU 规则，固定兑换率"
"106","E","1004","Current exch. rate prior year"
"812","S","1002","T/C estándar"
"540","1","EURX","EMU 规则，变化的兑换率"
"506","F","2014","Cours du jour de l'exercice précédent"
"106","E","200*","Reference value = group value"
"812","S","1003","T/C histórico"
"540","1","G","在银行买入率下的标准兑换"
"506","F","B","Conversion standard au cours \"vente\""
"106","E","2001","Current exchange rate"
"812","S","1004","T/C en fecha clave ej.ant."
"540","1","GTSC","GTS 海关处理的贸易税率类型"
"506","F","EURB","UEM - Conversion achat/vente"
"540","1","I","州内的汇率类型"
"812","S","200*","Vl.ref.=Vl.mon.ámb.consolidac."
"106","E","2002","Average exchange rate"
"506","F","EURG","UEM - Conversion achat/vente"
"812","S","2001","T/C en fecha clave"
"540","1","M","在平均比率下的标准兑换"
"106","E","2003","Historical exchange rate"
"506","F","EURO","UME - Méthode de conversion"
"812","S","2002","T/C estándar"
"540","1","P","对成本计划的标准换算"
"106","E","2004","Current exch. rate prior year"
"812","S","2003","T/C histórico"
"506","F","EURX","UEM - Méthode conversion non particip."
"540","2","100*","มูลค่าอ้างอิง = มูลค่ากลุ่ม"
"106","E","B","Standard translation at bk.selling rate"
"812","S","2004","T/C en fecha clave ej.ant."
"506","F","G","Conversion standard au cours 'achat'"
"540","2","1001","อัตราแลกเปลี่ยนปัจจุบัน"
"506","F","I","Type de cours IntraStat"
"106","E","CNTX","Special exchange rate type for IIT (CN)"
"812","S","B","Conversión normal según T/C vendedor"
"506","F","INT","Taux de conversion interne"
"540","2","1002","อัตราแลกเปลี่ยนเฉลี่ย"
"812","S","EURO","Conversión estándar para UME"
"506","F","M","Conversion standard au cours moyen"
"106","E","EURO","EMU regulation\, fixed exchange rates"
"540","2","1003","ประวัติอัตราแลกเปลี่ยน"
"812","S","G","Conversión normal según T/C comprador"
"506","F","P","Conversion standard pour planif. coûts"
"106","E","EURX","EMU regulation\, variable exchange rates"
"812","S","I","Tipo de cotización IntraStat"
"506","H","100*","Referenciaérték = kör értéke"
"540","2","1004","อัตราแลกเปลี่ยนปัจจุบันเมื่อปีที่แล้ว"
"106","E","G","Standard translation at bank buying rate"
"506","H","1001","Határnapi árfolyam"
"812","S","M","Conversión normal según T/C estándar"
"506","H","1002","Átlagárfolyam"
"106","E","I","Intrastat exchange rate type"
"522","E","100*","Reference value = group value"
"540","2","200*","มูลค่าอ้างอิง = มูลค่ากลุ่ม"
"812","S","P","Conversión estándar para planif. costes"
"506","H","1003","Történeti árfolyam"
"522","E","1001","Current exchange rate"
"106","E","M","Standard translation at average rate"
"540","2","2001","อัตราแลกเปลี่ยนปัจจุบัน"
"506","H","1004","Előző év határnapi árfolyama"
"812","U","100*","Viitearvo = alueen arvo"
"106","E","P","Standard translation for cost planning"
"522","E","1002","Average exchange rate"
"540","2","2002","อัตราแลกเปลี่ยนเฉลี่ย"
"506","H","200*","Referenciaérték = kör értéke"
"812","U","1001","Määräpäivän kurssi"
"522","E","1003","Historical exchange rate"
"506","H","2001","Határnapi árfolyam"
"106","F","100*","Val. réf. = montants en devise périmètre"
"812","U","1002","Keskikurssi"
"540","2","2003","ประวัติอัตราแลกเปลี่ยน"
"522","E","1004","Current exch. rate prior year"
"506","H","2002","Átlagárfolyam"
"106","F","1001","Cours du jour (de référence)"
"812","U","1003","Historiallinen kurssi"
"506","H","2003","Történeti árfolyam"
"106","F","1002","Cours moyen"
"522","E","200*","Reference value = group value"
"540","2","2004","อัตราแลกเปลี่ยนปัจจุบันเมื่อปีที่แล้ว"
"812","U","1004","Edellisen vuoden määräpäiväkurssi"
"506","H","2004","Előző év határnapi árfolyama"
"106","F","1003","Cours historique"
"522","E","2001","Current exchange rate"
"540","2","B","การแปลงมาตรฐานที่อัตราขายของธนาคาร"
"812","U","200*","Viitearvo = alueen arvo"
"506","H","B","Standard átszámítás eladási árfolyamon"
"522","E","2002","Average exchange rate"
"106","F","1004","Cours du jour de l'exercice précédent"
"812","U","2001","Määräpäivän kurssi"
"506","H","EURO","EMU-előírás\, fix árfolyamok"
"522","E","2003","Historical exchange rate"
"540","2","EURO","ข้อบังคับ EMU\,อัตราแลกเปลี่ยนคงที่"
"812","U","2002","Keskikurssi"
"522","E","2004","Current exch. rate prior year"
"106","F","200*","Val. réf. = montants en devise périmètre"
"506","H","EURX","EMU-előírás\, változó árfolyamok"
"812","U","2003","Historiallinen kurssi"
"522","E","B","Standard translation at bk.selling rate"
"506","H","G","Standard átszámítás vételi árfolyamon"
"106","F","2001","Cours du jour (de référence)"
"540","2","EURX","ข้อบังคับ EMU\,อัตราแลกเปลี่ยนเปลี่ยนแปลง"
"812","U","2004","Edellisen vuoden määräpäiväkurssi"
"522","E","CNTX","Special exchange rate type for IIT (CN)"
"506","H","I","IntraStat árfolyamtípus"
"106","F","2002","Cours moyen"
"812","U","B","Vakiomuunto - myyntikurssi"
"106","F","2003","Cours historique"
"522","E","EURO","EMU regulation\, fixed exchange rates"
"506","H","M","Standard átszámítás középárfolyamon"
"812","U","EURO","EMU-säädös\, kiint. kurssit"
"540","2","G","การแปลงมาตรฐานที่อัตราซื้อของธนาคาร"
"106","F","2004","Cours du jour de l'exercice précédent"
"522","E","EURX","EMU regulation\, variable exchange rates"
"506","H","P","Standard átszámítás költségtervezéshez"
"812","U","EURX","EMU-säädös\, muuttuvat kurssit"
"540","2","I","ประเภทอัตราแลกเปลี่ยน Intrastat"
"506","J","001","現換算レート"
"522","E","G","Standard translation at bank buying rate"
"106","F","B","conversion standard au cours VENTE"
"812","U","G","Vakiomuunto - ostokurssi"
"506","J","0011","現換算レート"
"106","F","EURO","Règle UEM\, cours fixes"
"522","E","GTSC","GTS exchange rate type for customs proc."
"812","U","I","Kurssityyppi IntraStat"
"540","2","M","การแปลงมาตรฐานที่อัตราเฉลี่ย"
"506","J","0012","平均レート"
"522","E","I","Intrastat exchange rate type"
"506","J","0013","取得時レート"
"812","U","M","Vakiomuunto - keskikurssi"
"106","F","EURX","Règles UEM\, cours variables"
"540","2","P","การแปลงมาตรฐานสำหรับการวางแผนต้นทุน"
"522","E","M","Standard translation at average rate"
"506","J","0014","前年度基準日のレート"
"812","U","P","Vakiomuunto kustannussuunnittelua varten"
"106","F","G","conversion standard au cours ACHAT"
"506","J","001D","現換算レート"
"540","3","100*","참조값 = 그룹값"
"522","E","P","Standard translation for cost planning"
"812","V","100*","Referensvärde = KO-val.värde"
"506","J","0021","現換算レート"
"106","F","I","Type de cours IntraStat"
"540","3","1001","현재환율"
"522","F","100*","Val. réf. = montants en devise périmètre"
"506","J","0022","平均換算レート"
"812","V","1001","Kurs för referensdag"
"540","3","1002","평균환율"
"106","F","M","conversion standard au cours MOYEN"
"506","J","0023","取得時レート"
"812","V","1002","Genomsnittskurs"
"522","F","1001","Cours du jour (de référence)"
"540","3","1003","이력환율"
"522","F","1002","Cours moyen"
"506","J","0024","前年度基準日のレート"
"812","V","1003","Historisk kurs"
"106","F","P","Conv. standard pr la budgét. des coûts"
"540","3","1004","현재환율 이전연도"
"506","J","100*","参照値 = グループ値"
"522","F","1003","Cours historique"
"812","V","1004","Kurs för referensdag föreg.år"
"540","3","200*","참조값 = 그룹값"
"106","H","100*","Referenciaérték = kör értéke"
"506","J","1001","現換算レート"
"540","3","2001","현재환율"
"812","V","200*","Referensvärde = KO-val.värde"
"522","F","1004","Cours du jour de l'exercice précédent"
"506","J","1002","平均レート"
"106","H","1001","Határnapi árfolyam"
"540","3","2002","평균환율"
"506","J","1003","取得時レート"
"812","V","2001","Kurs för referensdag"
"522","F","200*","Val. réf. = montants en devise périmètre"
"540","3","2003","이력환율"
"106","H","1002","Átlagárfolyam"
"812","V","2002","Genomsnittskurs"
"522","F","2001","Cours du jour (de référence)"
"506","J","1004","前年度基準日のレート"
"106","H","1003","Történeti árfolyam"
"540","3","2004","현재환율 이전연도"
"812","V","2003","Historisk kurs"
"506","J","1011","現換算レート"
"522","F","2002","Cours moyen"
"106","H","1004","Előző év határnapi árfolyama"
"506","J","1012","平均レート"
"522","F","2003","Cours historique"
"540","3","B","은행매각율의 표준환산"
"812","V","2004","Kurs för referensdag föreg.år"
"106","H","200*","Referenciaérték = kör értéke"
"506","J","1013","取得時レート"
"522","F","2004","Cours du jour de l'exercice précédent"
"540","3","EURO","EMU 규칙\, 고정환율"
"812","V","B","Standardomräkning (säljkurs)"
"106","H","2001","Határnapi árfolyam"
"506","J","1014","前年度基準日のレート"
"522","F","B","conversion standard au cours VENTE"
"540","3","EURX","EMU 규칙\, 변동환율"
"812","V","EURO","EMU-regel\, fasta kurser"
"106","H","2002","Átlagárfolyam"
"506","J","200*","参照値 = グループ値"
"540","3","G","은행매입율의 표준환산"
"522","F","EURO","Règle UEM\, cours fixes"
"812","V","EURX","EMU-regel\, variabla kurser"
"506","J","2001","現換算レート"
"106","H","2003","Történeti árfolyam"
"540","3","I","Intrastat 환율유형"
"522","F","EURX","Règles UEM\, cours variables"
"506","J","2002","平均レート"
"109","N","100*","Referentiewaarde = concernwaarde"
"812","V","G","Standardomräkning (köpkurs)"
"540","3","M","평균환율의 표준환산"
"106","H","2004","Előző év határnapi árfolyama"
"506","J","2003","取得時レート"
"522","F","G","conversion standard au cours ACHAT"
"812","V","I","Kurskategori IntraStat"
"109","N","1001","Koers op balansdatum"
"540","3","P","원가계획의 표준환산"
"106","H","B","Standard átszámítás eladási árfolyamon"
"812","V","M","Standardomräkning (genomsnittskurs)"
"506","J","2004","前年度基準日のレート"
"109","N","1002","Gemiddelde koers"
"522","F","GTSC","Type cours GTS Gestion droits de douane"
"540","C","100*","Refer.hodnota = hodnota okruhu"
"522","F","I","Type de cours IntraStat"
"506","J","2011","現換算レート"
"109","N","1003","Historische koers"
"812","V","P","Standardomräkning för kostn.planeringen"
"106","H","EURO","EMU-előírás\, fix árfolyamok"
"540","C","1001","Kurz rozhodného dne"
"506","J","2012","平均レート"
"900","1","100*","参考值 = 组值"
"109","N","1004","Koers op balansdatum vorig jaar"
"522","F","M","conversion standard au cours MOYEN"
"106","H","EURX","EMU-előírás\, változó árfolyamok"
"900","1","1001","当前兑换率"
"506","J","2013","取得時レート"
"540","C","1002","Průměrný kurz"
"109","N","200*","Referentiewaarde = concernwaarde"
"540","C","1003","Historický kurz"
"900","1","1002","平均兑换率"
"106","H","G","Standard átszámítás vételi árfolyamon"
"109","N","2001","Koers op balansdatum"
"522","F","P","Conv. standard pr la budgét. des coûts"
"506","J","2014","前年度基準日のレート"
"540","C","1004","Kurz rozh.dne minulého roku"
"900","1","1003","历史兑换率"
"106","H","I","IntraStat árfolyamtípus"
"522","H","100*","Referenciaérték = kör értéke"
"506","J","B","標準換算 (電信売買売値)"
"109","N","2002","Gemiddelde koers"
"900","1","1004","前年的当前兑换率"
"540","C","200*","Refer.hodnota = hodnota okruhu"
"522","H","1001","Határnapi árfolyam"
"106","H","M","Standard átszámítás középárfolyamon"
"109","N","2003","Historische koers"
"506","J","EURB","EMU - 換算資金/連絡文書"
"900","1","200*","参考值 = 组值"
"540","C","2001","Kurz rozhodného dne"
"522","H","1002","Átlagárfolyam"
"106","H","P","Standard átszámítás költségtervezéshez"
"109","N","2004","Koers op balansdatum vorig jaar"
"900","1","2001","当前兑换率"
"506","J","EURG","EMU - 換算資金/連絡文書"
"540","C","2002","Průměrný kurz"
"522","H","1003","Történeti árfolyam"
"900","1","2002","平均兑换率"
"506","J","EURO","EMU - 換算方法"
"540","C","2003","Historický kurz"
"522","H","1004","Előző év határnapi árfolyama"
"106","J","100*","参照値 = グループ値"
"109","N","B","Standaardomrekening tegen girale koers"
"900","1","2003","历史兑换率"
"506","J","EURX","EWU - 換算方法無関係"
"106","J","1001","現換算レート"
"540","C","2004","Kurz rozh.dne minulého roku"
"522","H","200*","Referenciaérték = kör értéke"
"506","J","G","電信売買買値"
"109","N","EURO","EMU-voorschrift\, vaste koersen"
"900","1","2004","前年的当前兑换率"
"522","H","2001","Határnapi árfolyam"
"106","J","1002","平均換算レート"
"506","J","I","域内取引換算レートタイプ"
"540","C","B","Standard.přepočet k prodejnímu kurzu"
"522","H","2002","Átlagárfolyam"
"900","1","B","在银行卖出率下的标准兑换"
"109","N","EURX","EMU-voorschrift\, variabele koersen"
"522","H","2003","Történeti árfolyam"
"540","C","EURO","Předpis EMU\, fixní kurzy"
"106","J","1003","取得時換算レート"
"506","J","INT","内部決済換算レート"
"900","1","EURO","EMU 规则，固定兑换率"
"109","N","G","Standaardomrekening tegen chartale koers"
"522","H","2004","Előző év határnapi árfolyama"
"506","J","M","電信売買仲値"
"540","C","EURX","Předpis EMU\, variabilní kurzy"
"900","1","EURX","EMU 规则，变化的兑换率"
"109","N","I","Koerstype Intrastat"
"106","J","1004","前年度換算レート"
"522","H","B","Standard átszámítás eladási árfolyamon"
"506","J","P","原価計画用標準標準換算レート"
"540","C","G","Standard.přepočet k bank.nákup.kurzu"
"900","1","G","在银行买入率下的标准兑换"
"109","N","M","Standaardomrekening tegen middenkoers"
"506","L","100*","Wartość referencyjna = wartość grupy"
"522","H","EURO","EMU-előírás\, fix árfolyamok"
"106","J","200*","参照値 = グループ値"
"540","C","GTSC","Typ kurzu GTS - celní řízení"
"900","1","I","州内的汇率类型"
"506","L","1001","Kurs na dzień"
"106","J","2001","現換算レート"
"109","N","P","Standaardomrekening voor kostenplanning"
"522","H","EURX","EMU-előírás\, változó árfolyamok"
"540","C","I","Typ kurzu IntraStat"
"506","L","1002","Średni kurs waluty"
"900","1","M","在平均比率下的标准兑换"
"522","H","G","Standard átszámítás vételi árfolyamon"
"106","J","2002","平均換算レート"
"109","O","100*","Referanseverdi = gruppeverdi"
"540","C","M","Standard.přepočet ke kurzu střed"
"506","L","1003","Historyczny kurs waluty"
"900","1","P","对成本计划的标准换算"
"522","H","GTSC","GTS-árfolyamtípus vámlebonyolításhoz"
"109","O","1001","Kurs for referansedato"
"106","J","2003","取得時換算レート"
"540","C","P","Standard.přepočet pro plánování nákladů"
"506","L","1004","Kurs określonego dnia z roku poprz."
"522","H","I","IntraStat árfolyamtípus"
"109","O","1002","Gjennomsnittskurs"
"900","2","100*","มูลค่าอ้างอิง = มูลค่ากลุ่ม"
"540","D","100*","Referenzwert = Kreiswert"
"106","J","2004","前年度換算レート"
"506","L","200*","Wartość referencyjna = wartość grupy"
"522","H","M","Standard átszámítás középárfolyamon"
"109","O","1003","Historisk kurs"
"506","L","2001","Kurs na dzień"
"540","D","1001","Stichtagskurs"
"106","J","B","電信売買売値"
"522","H","P","Standard átszámítás költségtervezéshez"
"109","O","1004","Kurs for ref.dato\, forrige år"
"506","L","2002","Średni kurs waluty"
"900","2","1001","อัตราแลกเปลี่ยนปัจจุบัน"
"522","I","100*","Valore rif. = Valore cons."
"540","D","1002","Durchschnittskurs"
"506","L","2003","Historyczny kurs waluty"
"106","J","EURO","EMU 規定 固定換算レート"
"522","I","1001","Cambio alla data chius. es."
"109","O","200*","Referanseverdi = gruppeverdi"
"540","D","1003","Historischer Kurs"
"506","L","2004","Kurs określonego dnia z roku poprz."
"522","I","1002","Cambio medio"
"900","2","1002","อัตราแลกเปลี่ยนเฉลี่ย"
"106","J","EURX","EMU 規定 変動換算レート"
"109","O","2001","Kurs for referansedato"
"540","D","1004","Stichtagskurs des Vorjahres"
"522","I","1003","Cambio storico"
"506","L","B","Przeliczenie stand. po kursie sprzedaży"
"106","J","G","電信売買買値"
"109","O","2002","Gjennomsnittskurs"
"540","D","200*","Referenzwert = Kreiswert"
"522","I","1004","Cambio a data chius.es.preced."
"900","2","1003","ประวัติอัตราแลกเปลี่ยน"
"506","L","EURO","Przepis EMU\, kursy stałe"
"540","D","2001","Stichtagskurs"
"109","O","2003","Historisk kurs"
"106","J","I","域内取引換算レートタイプ"
"522","I","200*","Valore rif. = Valore cons."
"540","D","2002","Durchschnittskurs"
"506","L","EURX","Przepis EMU\, kursy zmienne"
"106","J","M","電信売買仲値"
"109","O","2004","Kurs for ref.dato\, forrige år"
"522","I","2001","Cambio alla data chius. es."
"506","L","G","Przeliczenie stand. po kursie zakupu"
"540","D","2003","Historischer Kurs"
"522","I","2002","Cambio medio"
"109","O","B","Standardomregning for selgerkurs"
"106","J","P","原価計画用標準標準換算レート"
"900","2","1004","อัตราแลกเปลี่ยนปัจจุบันเมื่อปีที่แล้ว"
"506","L","I","Typ kursu IntraStat"
"540","D","2004","Stichtagskurs des Vorjahres"
"522","I","2003","Cambio storico"
"109","O","EURO","ØMU-forskr.\, faste kurser"
"506","L","M","Przeliczenie stand. po kursie średnim"
"106","L","100*","Wartość referencyjna = wartość grupy"
"522","I","2004","Cambio a data chius.es.preced."
"540","D","B","Standardumrechnung zum Briefkurs"
"506","L","P","Przeliczenie stand. do plan. kosztów"
"522","I","B","Conv. standard per cambio vendita"
"540","D","CNTX","Standardumrechnung zum Mittelkurs"
"900","2","200*","มูลค่าอ้างอิง = มูลค่ากลุ่ม"
"106","L","1001","Kurs na dzień"
"109","O","EURX","ØMU-forskrift\, variable kurser"
"506","M","100*","參考值 = 集團值"
"522","I","EURO","Norma UME\, cambi fissi"
"506","M","1001","現行匯率"
"540","D","EURO","EWU-Vorschrift\, fixe Kurse"
"522","I","EURX","Norma UME\, cambi variabili"
"106","L","1002","Średni kurs waluty"
"506","M","1002","平均匯率"
"900","2","2001","อัตราแลกเปลี่ยนปัจจุบัน"
"540","D","EURX","EWU-Vorschrift\, variable Kurse"
"506","M","1003","歷史匯率"
"522","I","G","Conv. standard per corso monetario"
"106","L","1003","Historyczny kurs waluty"
"506","M","1004","前一年現行匯率"
"900","2","2002","อัตราแลกเปลี่ยนเฉลี่ย"
"540","D","G","Standardumrechnung zum Geldkurs"
"522","I","GTSC","Tipo di cambio GTS: sdoganamento"
"106","L","1004","Kurs określonego dnia z roku poprz."
"506","M","200*","參考值 = 集團值"
"522","I","I","Tipo di cambio IntraStat"
"506","M","2001","現行匯率"
"900","2","2003","ประวัติอัตราแลกเปลี่ยน"
"540","D","GTSC","GTS-Kurstyp Zollabwicklung"
"106","L","200*","Wartość referencyjna = wartość grupy"
"506","M","2002","平均匯率"
"522","I","M","Conv. standard per cambio medio"
"540","D","I","Kurstyp IntraStat"
"106","L","2001","Kurs na dzień"
"506","M","2003","歷史匯率"
"900","2","2004","อัตราแลกเปลี่ยนปัจจุบันเมื่อปีที่แล้ว"
"522","I","P","Conv. standard per pianif. dei costi"
"540","D","M","Standardumrechnung zum Mittelkurs"
"506","M","2004","前一年現行匯率"
"522","J","100*","参照値 = グループ値"
"106","L","2002","Średni kurs waluty"
"540","D","P","Standardumrechnung für die Kostenplanung"
"900","2","B","การแปลงมาตรฐานที่อัตราขายของธนาคาร"
"506","M","B","銀行賣出匯率的標準換算"
"522","J","1001","現換算レート"
"106","L","2003","Historyczny kurs waluty"
"540","E","100*","Reference value = group value"
"522","J","1002","平均換算レート"
"506","M","EURO","EMU 規定；固定匯率"
"900","2","EURO","ข้อบังคับ EMU\,อัตราแลกเปลี่ยนคงที่"
"540","E","1001","Current exchange rate"
"106","L","2004","Kurs określonego dnia z roku poprz."
"506","M","EURX","EMU 規定；變動匯率"
"522","J","1003","取得時換算レート"
"540","E","1002","Average exchange rate"
"506","M","G","銀行買入匯率的標準換算"
"900","2","EURX","ข้อบังคับ EMU\,อัตราแลกเปลี่ยนเปลี่ยนแปลง"
"106","L","B","Przeliczenie stand. po kursie sprzedaży"
"522","J","1004","前年度換算レート"
"540","E","1003","Historical exchange rate"
"506","M","I","歐盟會員國匯率類型"
"540","E","1004","Current exch. rate prior year"
"106","L","EURO","Przepis EMU\, kursy stałe"
"506","M","M","平均匯率的標準匯率"
"522","J","200*","参照値 = グループ値"
"900","2","G","การแปลงมาตรฐานที่อัตราซื้อของธนาคาร"
"540","E","200*","Reference value = group value"
"522","J","2001","現換算レート"
"506","M","P","成本計劃的標準換算"
"106","L","EURX","Przepis EMU\, kursy zmienne"
"109","O","G","Standardomregning for kjøperkurs"
"900","2","I","ประเภทอัตราแลกเปลี่ยน Intrastat"
"506","P","001","Câmbio a data fixa"
"522","J","2002","平均換算レート"
"540","E","2001","Current exchange rate"
"106","L","G","Przeliczenie stand. po kursie zakupu"
"109","O","I","Kurstype - intrastat"
"506","P","0011","Câmbio a data fixa"
"522","J","2003","取得時換算レート"
"540","E","2002","Average exchange rate"
"506","P","001D","Câmbio a data fixa"
"109","O","M","Standardomregning for gjennomsnittskurs"
"106","L","I","Typ kursu IntraStat"
"900","2","M","การแปลงมาตรฐานที่อัตราเฉลี่ย"
"522","J","2004","前年度換算レート"
"506","P","0021","Câmbio a data fixa"
"540","E","2003","Historical exchange rate"
"522","J","B","電信売買売値"
"109","O","P","Standardomregning for kostnadsbudsjett"
"106","L","M","Przeliczenie stand. po kursie średnim"
"506","P","0022","Taxa de câmbio média"
"540","E","2004","Current exch. rate prior year"
"900","2","P","การแปลงมาตรฐานสำหรับการวางแผนต้นทุน"
"522","J","EURO","EMU 規定 固定換算レート"
"109","P","100*","Valor de referência = valor de área"
"506","P","100*","Valor de referência = valor de área"
"106","L","P","Przeliczenie stand. do plan. kosztów"
"540","E","B","Standard translation at bk.selling rate"
"109","P","1001","Câmbio a data fixa"
"900","3","100*","참조값 = 그룹값"
"522","J","EURX","EMU 規定 変動換算レート"
"506","P","1001","Câmbio a data fixa"
"106","M","100*","參考值 = 集團值"
"109","P","1002","Câmbio médio"
"540","E","CNTX","Special exchange rate type for IIT (CN)"
"522","J","G","電信売買買値"
"506","P","1002","Taxa de câmbio média"
"109","P","1003","Câmbio histórico"
"900","3","1001","현재환율"
"106","M","1001","現行匯率"
"540","E","EURO","EMU regulation\, fixed exchange rates"
"506","P","1003","Câmbio histórico"
"522","J","GTSC","通関手続の GTS 換算レートタイプ"
"109","P","1004","Câmbio a data fixa do ano precedente"
"900","3","1002","평균환율"
"106","M","1002","平均匯率"
"540","E","EURX","EMU regulation\, variable exchange rates"
"506","P","1004","Taxa câmbio data fixada exerc.anterior"
"522","J","I","域内取引換算レートタイプ"
"106","M","1003","歷史匯率"
"900","3","1003","이력환율"
"522","J","M","電信売買仲値"
"109","P","200*","Valor de referência = valor de área"
"540","E","G","Standard translation at bank buying rate"
"506","P","1011","Câmbio a data fixa"
"106","M","1004","前一年現行匯率"
"109","P","2001","Câmbio a data fixa"
"522","J","P","原価計画用標準標準換算レート"
"900","3","1004","현재환율 이전연도"
"540","E","GTSC","GTS exchange rate type for customs proc."
"506","P","1012","Taxa de câmbio média"
"106","M","200*","參考值 = 集團值"
"109","P","2002","Câmbio médio"
"506","P","1013","Câmbio histórico"
"540","E","I","Intrastat exchange rate type"
"522","K","100*","Referenceværdi = gruppeværdi"
"900","3","200*","참조값 = 그룹값"
"106","M","2001","現行匯率"
"109","P","2003","Câmbio histórico"
"522","K","1001","Skæringsdatokurs"
"540","E","M","Standard translation at average rate"
"900","3","2001","현재환율"
"106","M","2002","平均匯率"
"522","K","1002","Middelkurs"
"540","E","P","Standard translation for cost planning"
"900","3","2002","평균환율"
"106","M","2003","歷史匯率"
"109","P","2004","Câmbio a data fixa do ano precedente"
"522","K","1003","Historisk kurs"
"900","3","2003","이력환율"
"106","M","2004","前一年現行匯率"
"540","F","100*","Val. réf. = montants en devise périmètre"
"522","K","1004","Skæringsdagskurs\,foregående år"
"900","3","2004","현재환율 이전연도"
"106","M","B","銀行賣出匯率的標準換算"
"540","F","1001","Cours du jour (de référence)"
"522","K","200*","Referenceværdi = gruppeværdi"
"506","P","1014","Taxa câmbio data fixada exerc.anterior"
"106","M","EURO","EMU 規定；固定匯率"
"540","F","1002","Cours moyen"
"900","3","B","은행매각율의 표준환산"
"522","K","2001","Skæringsdatokurs"
"506","P","200*","Valor de referência = valor de área"
"522","K","2002","Middelkurs"
"106","M","EURX","EMU 規定；變動匯率"
"540","F","1003","Cours historique"
"506","P","2001","Câmbio a data fixa"
"522","K","2003","Historisk kurs"
"109","P","B","Conversão standard com câmbio de venda"
"900","3","EURO","EMU 규칙\, 고정환율"
"506","P","2002","Taxa de câmbio média"
"106","M","G","銀行買入匯率的標準換算"
"540","F","1004","Cours du jour de l'exercice précédent"
"522","K","2004","Skæringsdagskurs\,foregående år"
"109","P","CNTX","Conversão standard com câmbio médio"
"506","P","2003","Câmbio histórico"
"106","M","I","歐盟會員國匯率類型"
"900","3","EURX","EMU 규칙\, 변동환율"
"522","K","B","Standardomregning til salgskurs"
"540","F","200*","Val. réf. = montants en devise périmètre"
"506","P","2004","Taxa câmbio data fixada exerc.anterior"
"106","M","M","平均匯率的標準匯率"
"109","P","EURO","Norma UME\, taxas de câmbio fixas"
"900","3","G","은행매입율의 표준환산"
"540","F","2001","Cours du jour (de référence)"
"506","P","2011","Câmbio a data fixa"
"106","M","P","成本計劃的標準換算"
"900","3","I","Intrastat 환율유형"
"522","K","EURO","ØMU-regel\, faste kurser"
"109","P","EURX","Norma UME\, taxas de câmbio variáveis"
"540","F","2002","Cours moyen"
"900","3","M","평균환율의 표준환산"
"506","P","2012","Taxa de câmbio média"
"522","K","EURX","ØMU-regel\, variable kurser"
"109","P","G","Conversão standard com câmbio de compra"
"106","N","100*","Referentiewaarde = concernwaarde"
"540","F","2003","Cours historique"
"900","3","P","원가계획의 표준환산"
"506","P","2013","Câmbio histórico"
"106","N","1001","Koers op balansdatum"
"109","P","I","Categoria de taxa de câmbio IntraStat"
"540","F","2004","Cours du jour de l'exercice précédent"
"522","K","G","Standardomregning til købskurs"
"900","C","001","Current exchange rate"
"506","P","2014","Taxa câmbio data fixada exerc.anterior"
"106","N","1002","Gemiddelde koers"
"109","P","M","Conversão standard com câmbio médio"
"522","K","GTSC","GTS-kurstype toldbehandling"
"106","N","1003","Historische koers"
"540","F","B","conversion standard au cours VENTE"
"900","C","0011","Current exchange rate"
"506","P","B","Conversão standard com câmbio de venda"
"522","K","I","Kurstype\, intrastat"
"109","P","P","Conversão standard p/planejamento custos"
"540","F","EURO","Règle UEM\, cours fixes"
"900","C","001D","Current exchange rate"
"522","K","M","Standardomregning til middelkurs"
"506","P","EURB","UME - convers.oferta venda/oferta compra"
"106","N","1004","Koers op balansdatum vorig jaar"
"109","Q","100*","Refer.hodnota = hodnota okruhu"
"900","C","0021","Current exchange rate"
"540","F","EURX","Règles UEM\, cours variables"
"522","K","P","Standardomregning for omkostningsplanl."
"506","P","EURG","UME - convers.oferta venda/oferta compra"
"109","Q","1001","Kurz k rozhod.dňu"
"900","C","0022","Average exchange rate"
"106","N","200*","Referentiewaarde = concernwaarde"
"540","F","G","conversion standard au cours ACHAT"
"522","L","100*","Wartość referencyjna = wartość grupy"
"109","Q","1002","Priemerný kurz"
"506","P","EURO","UME - método de conversão"
"900","C","100*","Refer.hodnota = hodnota okruhu"
"522","L","1001","Kurs na dzień"
"109","Q","1003","Historický kurz"
"106","N","2001","Koers op balansdatum"
"540","F","GTSC","Type cours GTS Gestion droits de douane"
"506","P","EURX","UME - método conversão não participante"
"522","L","1002","Średni kurs waluty"
"900","C","1001","Kurz rozhodného dne"
"106","N","2002","Gemiddelde koers"
"540","F","I","Type de cours IntraStat"
"109","Q","1004","Kurz k rozh.dňu minulého roka"
"506","P","G","Conversão standard com câmbio de compra"
"106","N","2003","Historische koers"
"900","C","1002","Average rate"
"522","L","1003","Historyczny kurs waluty"
"109","Q","200*","Refer.hodnota = hodnota okruhu"
"540","F","M","conversion standard au cours MOYEN"
"506","P","I","Categoria de taxa de câmbio IntraStat"
"106","N","2004","Koers op balansdatum vorig jaar"
"109","Q","2001","Kurz k rozhod.dňu"
"522","L","1004","Kurs określonego dnia z roku poprz."
"900","C","1003","Historical rate"
"540","F","P","Conv. standard pr la budgét. des coûts"
"109","Q","2002","Priemerný kurz"
"506","P","INT","Taxa interna de compensação"
"106","N","B","Standaardomrekening tegen girale koers"
"522","L","200*","Wartość referencyjna = wartość grupy"
"540","H","100*","Referenciaérték = kör értéke"
"900","C","1004","Rate on key date in previous year"
"109","Q","2003","Historický kurz"
"522","L","2001","Kurs na dzień"
"106","N","EURO","EMU-voorschrift\, vaste koersen"
"506","P","M","Conversão standard com câmbio médio"
"540","H","1001","Határnapi árfolyam"
"109","Q","2004","Kurz k rozh.dňu minulého roka"
"900","C","1011","Current exchange rate"
"522","L","2002","Średni kurs waluty"
"106","N","EURX","EMU-voorschrift\, variabele koersen"
"540","H","1002","Átlagárfolyam"
"506","P","P","Conversão standard p/planejamento custos"
"900","C","1012","Average rate"
"109","Q","B","Štandardný prepočet za predajný kurz"
"522","L","2003","Historyczny kurs waluty"
"540","H","1003","Történeti árfolyam"
"900","C","1013","Historical rate"
"106","N","G","Standaardomrekening tegen chartale koers"
"506","Q","100*","Refer.hodnota = hodnota okruhu"
"109","Q","EURO","Predpis EMÚ\, pevné kurzy"
"522","L","2004","Kurs określonego dnia z roku poprz."
"540","H","1004","Előző év határnapi árfolyama"
"506","Q","1001","Kurz k rozhod.dňu"
"106","N","I","Koerstype Intrastat"
"109","Q","EURX","Predpis EMÚ\, variabilné kurzy"
"900","C","1014","Rate on key date in previous year"
"522","L","B","Przeliczenie stand. po kursie sprzedaży"
"540","H","200*","Referenciaérték = kör értéke"
"506","Q","1002","Priemerný kurz"
"106","N","M","Standaardomrekening tegen middenkoers"
"109","Q","G","Štandardný prepočet za bank.nákup.kurz"
"522","L","EURO","Przepis EMU\, kursy stałe"
"506","Q","1003","Historický kurz"
"540","H","2001","Határnapi árfolyam"
"900","C","200*","Refer.hodnota = hodnota okruhu"
"106","N","P","Standaardomrekening voor kostenplanning"
"109","Q","I","Typ kurzu IntraStat"
"540","H","2002","Átlagárfolyam"
"522","L","EURX","Przepis EMU\, kursy zmienne"
"506","Q","1004","Kurz k rozh.dňu minulého roka"
"106","O","100*","Referanseverdi = gruppeverdi"
"109","Q","M","Štandardný prepočet za kurz stredu"
"900","C","2001","Kurz rozhodného dne"
"540","H","2003","Történeti árfolyam"
"106","O","1001","Kurs for referansedato"
"506","Q","200*","Refer.hodnota = hodnota okruhu"
"522","L","G","Przeliczenie stand. po kursie zakupu"
"109","Q","P","Štandard.prepočet pre plánovanie náklado"
"506","Q","2001","Kurz k rozhod.dňu"
"540","H","2004","Előző év határnapi árfolyama"
"900","C","2002","Average rate"
"106","O","1002","Gjennomsnittskurs"
"522","L","GTSC","GTS: Typ kursu - obsł. procesów celnych"
"506","Q","2002","Priemerný kurz"
"109","R","100*","СсылЗначение = значение в валюте ГКК"
"900","C","2003","Historical rate"
"522","L","I","Typ kursu IntraStat"
"540","H","B","Standard átszámítás eladási árfolyamon"
"506","Q","2003","Historický kurz"
"106","O","1003","Historisk kurs"
"109","R","1001","Курс на отчетную дату"
"522","L","M","Przeliczenie stand. po kursie średnim"
"506","Q","2004","Kurz k rozh.dňu minulého roka"
"900","C","2004","Rate on key date in previous year"
"540","H","EURO","EMU-előírás\, fix árfolyamok"
"106","O","1004","Kurs for ref.dato\, forrige år"
"109","R","1002","Средний курс"
"522","L","P","Przeliczenie stand. do plan. kosztów"
"506","Q","B","Štandardný prepočet za predajný kurz"
"109","R","1003","Исторический курс"
"900","C","2011","Current exchange rate"
"540","H","EURX","EMU-előírás\, változó árfolyamok"
"106","O","200*","Referanseverdi = gruppeverdi"
"506","Q","EURO","Predpis EMÚ\, pevné kurzy"
"522","M","100*","參考值 = 集團值"
"540","H","G","Standard átszámítás vételi árfolyamon"
"109","R","1004","Курс на отчётную дату предыдущего года"
"900","C","2012","Average rate"
"522","M","1001","現行匯率"
"506","Q","EURX","Predpis EMÚ\, variabilné kurzy"
"106","O","2001","Kurs for referansedato"
"540","H","GTSC","GTS-árfolyamtípus vámlebonyolításhoz"
"522","M","1002","平均匯率"
"900","C","2013","Historical rate"
"109","R","200*","СсылЗначение = значение в валюте ГКК"
"506","Q","G","Štandardný prepočet za bank.nákup.kurz"
"106","O","2002","Gjennomsnittskurs"
"522","M","1003","歷史匯率"
"540","H","I","IntraStat árfolyamtípus"
"506","Q","I","Typ kurzu IntraStat"
"109","R","2001","Курс на отчетную дату"
"106","O","2003","Historisk kurs"
"900","C","2014","Rate on key date in previous year"
"522","M","1004","前一年現行匯率"
"540","H","M","Standard átszámítás középárfolyamon"
"506","Q","M","Štandardný prepočet za kurz stredu"
"109","R","2002","Средний курс"
"522","M","200*","參考值 = 集團值"
"106","O","2004","Kurs for ref.dato\, forrige år"
"900","C","B","Standard conversion at bank selling rate"
"540","H","P","Standard átszámítás költségtervezéshez"
"522","M","2001","現行匯率"
"109","R","2003","Исторический курс"
"506","Q","P","Štandard.prepočet pre plánovanie náklado"
"106","O","B","Standardomregning for selgerkurs"
"540","I","100*","Valore rif. = Valore cons."
"522","M","2002","平均匯率"
"506","R","001","Курс на отчетную дату"
"900","C","BPS","Exchange rates for TBW45 Course"
"109","R","2004","Курс на отчётную дату предыдущего года"
"522","M","2003","歷史匯率"
"106","O","EURO","ØMU-forskr.\, faste kurser"
"540","I","1001","Cambio alla data chius. es."
"506","R","0011","Курс на отчетную дату"
"540","I","1002","Cambio medio"
"900","C","EURB","EMU - Conversion Cash/Letter"
"109","R","B","Станд. пересчет по курсу продавца"
"522","M","2004","前一年現行匯率"
"106","O","EURX","ØMU-forskrift\, variable kurser"
"540","I","1003","Cambio storico"
"506","R","001D","Курс на отчетную дату"
"522","M","B","銀行賣出匯率的標準換算"
"106","O","G","Standardomregning for kjøperkurs"
"900","C","EURG","EMU - Conversion Cash/Letter"
"109","R","EURO","Правило ЕВС\, фикс. курсы"
"540","I","1004","Cambio a data chius.es.preced."
"506","R","0021","Курс на отчетную дату"
"106","O","I","Kurstype - intrastat"
"522","M","EURO","EMU 規定；固定匯率"
"900","C","EURO","EMU - Conversion method"
"540","I","200*","Valore rif. = Valore cons."
"109","R","EURX","Правило ЕВС\, переменные курсы"
"506","R","0022","Средний курс"
"106","O","M","Standardomregning for gjennomsnittskurs"
"540","I","2001","Cambio alla data chius. es."
"522","M","EURX","EMU 規定；變動匯率"
"900","C","EURX","EWU - Conversion method not participant"
"109","R","G","Станд. пересчет по курсу покупателя"
"506","R","100*","СсылЗначение = значение в валюте ГКК"
"106","O","P","Standardomregning for kostnadsbudsjett"
"540","I","2002","Cambio medio"
"522","M","G","銀行買入匯率的標準換算"
"900","C","G","Standard.přepočet k bank.nákup.kurzu"
"506","R","1001","Курс на отчетную дату"
"109","R","I","Тип курса: ИНТРАСТАТ"
"540","I","2003","Cambio storico"
"106","P","100*","Valor de referência = valor de área"
"522","M","I","歐盟會員國匯率類型"
"900","C","I","Typ kurzu IntraStat"
"506","R","1002","Средний курс"
"106","P","1001","Câmbio a data fixa"
"540","I","2004","Cambio a data chius.es.preced."
"109","R","M","СтандПересчет по средневзвешенному курсу"
"522","M","M","平均匯率的標準匯率"
"506","R","1003","Исторический курс"
"900","C","INT","Internal clearing exchange rate"
"540","I","B","Conv. standard per cambio vendita"
"106","P","1002","Câmbio médio"
"522","M","P","成本規劃的標準換算"
"109","R","P","СтандартПересчет для планирования затрат"
"106","P","1003","Câmbio histórico"
"506","R","1004","Курс на отчетную дату предыдущего года"
"540","I","EURO","Norma UME\, cambi fissi"
"900","C","M","Standard.přepočet ke kurzu střed"
"522","N","100*","Referentiewaarde = concernwaarde"
"109","S","100*","Vl.ref.=Vl.mon.ámb.consolidac."
"506","R","1011","Курс на отчетную дату"
"540","I","EURX","Norma UME\, cambi variabili"
"522","N","1001","Koers op balansdatum"
"900","C","P","Standard.přepočet pro plánování nákladů"
"106","P","1004","Câmbio a data fixa do ano precedente"
"109","S","1001","T/C en fecha clave"
"506","R","1012","Средний курс"
"522","N","1002","Gemiddelde koers"
"900","D","001","Stichtagskurs"
"109","S","1002","Cotización media"
"540","I","G","Conv. standard per corso monetario"
"506","R","1013","Исторический курс"
"106","P","200*","Valor de referência = valor de área"
"522","N","1003","Historische koers"
"900","D","0011","Stichtagskurs"
"109","S","1003","T/C histórico"
"106","P","2001","Câmbio a data fixa"
"540","I","GTSC","Tipo di cambio GTS: sdoganamento"
"522","N","1004","Koers op balansdatum vorig jaar"
"506","R","1014","Курс на отчетную дату предыдущего года"
"900","D","001D","Stichtagskurs"
"109","S","1004","T/C en fecha clave ej.ant."
"106","P","2002","Câmbio médio"
"540","I","I","Tipo di cambio IntraStat"
"900","D","0021","Stichtagskurs"
"109","S","200*","Vl.ref.=Vl.mon.ámb.consolidac."
"506","R","200*","СсылЗначение = значение в валюте ГКК"
"522","N","200*","Referentiewaarde = concernwaarde"
"900","D","0022","Durchschnittskurs"
"106","P","2003","Câmbio histórico"
"540","I","M","Conv. standard per cambio medio"
"109","S","2001","T/C en fecha clave"
"900","D","1001","Stichtagskurs"
"506","R","2001","Курс на отчетную дату"
"522","N","2001","Koers op balansdatum"
"109","S","2002","Cotización media"
"540","I","P","Conv. standard per pianif. dei costi"
"106","P","2004","Câmbio a data fixa do ano precedente"
"900","D","1002","Durchschnittskurs"
"522","N","2002","Gemiddelde koers"
"109","S","2003","T/C histórico"
"506","R","2002","Средний курс"
"540","J","100*","参照値 = グループ値"
"900","D","1003","Historischer Kurs"
"106","P","B","Conversão standard com câmbio de venda"
"522","N","2003","Historische koers"
"109","S","2004","T/C en fecha clave ej.ant."
"540","J","1001","現換算レート"
"506","R","2003","Исторический курс"
"900","D","1004","Stichtagskurs des Vorjahres"
"522","N","2004","Koers op balansdatum vorig jaar"
"106","P","CNTX","Conversão standard com câmbio médio"
"109","S","B","Conversión normal según T/C vendedor"
"540","J","1002","平均換算レート"
"506","R","2004","Курс на отчетную дату предыдущего года"
"900","D","1005","Stichtagskurs Consolidation"
"522","N","B","Standaardomrekening tegen girale koers"
"540","J","1003","取得時換算レート"
"106","P","EURO","Norma UME\, taxas de câmbio fixas"
"109","S","CNTX","Conversión normal según T/C estándar"
"900","D","1006","Durchschnittskurs Cons."
"506","R","2011","Курс на отчетную дату"
"540","J","1004","前年度換算レート"
"109","S","EURO","Norma UME\, tipo de cambio fijo"
"900","D","1011","Stichtagskurs"
"522","N","EURO","EMU-voorschrift\, vaste koersen"
"106","P","EURX","Norma UME\, taxas de câmbio variáveis"
"506","R","2012","Средний курс"
"540","J","200*","参照値 = グループ値"
"900","D","1012","Durchschnittskurs"
"109","S","EURX","Nomra UME\, tipo de cambio variable"
"506","R","2013","Исторический курс"
"522","N","EURX","EMU-voorschrift\, variabele koersen"
"540","J","2001","現換算レート"
"900","D","1013","Historischer Kurs"
"106","P","G","Conversão standard com câmbio de compra"
"109","S","G","Conversión normal según T/C comprador"
"506","R","2014","Курс на отчетную дату предыдущего года"
"522","N","G","Standaardomrekening tegen chartale koers"
"109","S","I","Tipo de cotización IntraStat"
"540","J","2002","平均換算レート"
"900","D","1014","Stichtagskurs des Vorjahres"
"106","P","I","Categoria de taxa de câmbio IntraStat"
"900","D","2001","Stichtagskurs"
"522","N","GTSC","GTS-koerstype douaneafhandeling"
"109","S","M","Conversión normal según T/C estándar"
"540","J","2003","取得時換算レート"
"506","R","B","Станд. пересчет по курсу продавца"
"106","P","M","Conversão standard com câmbio médio"
"900","D","2002","Durchschnittskurs"
"522","N","I","Koerstype Intrastat"
"109","S","P","Conversión estándar para planif.costes"
"900","D","2003","Historischer Kurs"
"506","R","EURB","ЕВС - пересчет КПокуп/КПродав"
"540","J","2004","前年度換算レート"
"109","T","100*","Referans değer = Grup değeri"
"522","N","M","Standaardomrekening tegen middenkoers"
"106","P","P","Conversão standard p/planejamento custos"
"900","D","2004","Stichtagskurs des Vorjahres"
"506","R","EURG","ЕВС - пересчет КПокуп/КПродав"
"540","J","B","電信売買売値"
"109","T","1001","Anahtar tarih kuru"
"522","N","P","Standaardomrekening voor kostenplanning"
"900","D","2011","Stichtagskurs"
"109","T","1002","Ortalama kur"
"506","R","EURO","ЕВС - метод пересчета"
"106","Q","100*","Refer.hodnota = hodnota okruhu"
"540","J","EURO","EMU 規定 固定換算レート"
"109","T","1003","Tarihsel kur"
"522","O","100*","Referanseverdi = kons. verdi"
"900","D","2012","Durchschnittskurs"
"106","Q","1001","Kurz k rozhod.dňu"
"506","R","EURX","ЕВС - метод пересчета - неучаств. валюты"
"540","J","EURX","EMU 規定 変動換算レート"
"522","O","1001","Kurs for referansedato"
"109","T","1004","Önceki yılın anahtar tarih kuru"
"900","D","2013","Historischer Kurs"
"106","Q","1002","Priemerný kurz"
"506","R","G","Станд. пересчет по курсу покупателя"
"522","O","1002","Gjennomsnittskurs"
"106","Q","1003","Historický kurz"
"109","T","200*","Referans değer = Grup değeri"
"900","D","2014","Stichtagskurs des Vorjahres"
"506","R","I","Тип курса: ИНТРАСТАТ"
"522","O","1003","Historisk kurs"
"109","T","2001","Anahtar tarih kuru"
"106","Q","1004","Kurz k rozh.dňu minulého roka"
"506","R","INT","Внутр. курс пересчета"
"900","D","B","Standardumrechnung zum Briefkurs"
"522","O","1004","Kurs for ref.dato\, forrige år"
"109","T","2002","Ortalama kur"
"106","Q","200*","Refer.hodnota = hodnota okruhu"
"522","O","200*","Referanseverdi = kons. verdi"
"506","R","M","СтандПересчет по средневзвешенному курсу"
"900","D","EURB","EWU - Umrechnung Geld/Brief"
"109","T","2003","Tarihsel kur"
"106","Q","2001","Kurz k rozhod.dňu"
"522","O","2001","Kurs for referansedato"
"109","T","2004","Önceki yılın anahtar tarih kuru"
"522","O","2002","Gjennomsnittskurs"
"106","Q","2002","Priemerný kurz"
"506","R","P","СтандартПересчет для планирования затрат"
"900","D","EURG","EWU - Umrechnung Geld/Brief"
"522","O","2003","Historisk kurs"
"106","Q","2003","Historický kurz"
"506","S","001","T/C en fecha clave"
"109","T","B","Satış kuru için standart çeviri"
"900","D","EURO","EWU - Umrechnungsmethode"
"522","O","2004","Kurs for ref.dato\, forrige år"
"506","S","0011","T/C en fecha clave"
"106","Q","2004","Kurz k rozh.dňu minulého roka"
"109","T","EURO","APB talimatı\, kuru sabitle"
"506","S","001D","T/C en fecha clave"
"900","D","EURX","EWU - Umrechnungsmethode nicht Teilnehme"
"522","O","B","Standardomregning for selgerkurs"
"109","T","EURX","APB talimatı\, değişken kur"
"506","S","0021","T/C en fecha clave"
"106","Q","B","Štandardný prepočet za predajný kurz"
"900","D","G","Standardumrechnung zum Geldkurs"
"522","O","EURO","ØMU-forskr.\, faste kurser"
"109","T","G","Alış kuru için standart çeviri"
"506","S","0022","Cotización media"
"106","Q","EURO","Predpis EMÚ\, pevné kurzy"
"109","T","I","IntraStat kurtipi"
"900","D","ICBP","IHC primäre Briefkurse"
"522","O","EURX","ØMU-forskrift\, variable kurser"
"506","S","100*","Vl.ref.=Vl.mon.ámb.consolidac."
"106","Q","EURX","Predpis EMÚ\, variabilné kurzy"
"900","D","ICBS","IHC sekundäre Briefkurse"
"109","T","M","Ortalama kur için standart çeviri"
"506","S","1001","T/C en fecha clave"
"522","O","G","Standardomregning for kjøperkurs"
"506","S","1002","Cotización media"
"109","T","P","Masraf planlaması için standart çeviri"
"900","D","ICGP","IHC primäre Geldkurse"
"106","Q","G","Štandardný prepočet za bank.nákup.kurz"
"506","S","1003","T/C histórico"
"522","O","GTSC","GTS-kurstype tollbehandling"
"109","V","100*","Referensvärde = KO-val.värde"
"522","O","I","Kurstype - intrastat"
"106","Q","I","Typ kurzu IntraStat"
"506","S","1004","T/C en fecha clave ej.ant."
"900","D","ICGS","IHC sekundäre Geldkurse"
"109","V","1001","Kurs för referensdag"
"506","S","1011","T/C en fecha clave"
"522","O","M","Standardomregning for gjennomsnittskurs"
"106","Q","M","Štandardný prepočet za kurz stredu"
"900","D","ICMP","IHC primärer Mittelkurs"
"506","S","1012","Cotización media"
"109","V","1002","Genomsnittskurs"
"106","Q","P","Štandard.prepočet pre plánovanie náklado"
"506","S","1013","T/C histórico"
"522","O","P","Standardomregning for kostnadsbudsjett"
"109","V","1003","Historisk kurs"
"900","D","ICMS","IHC sekundärer Mittelkurs"
"506","S","1014","T/C en fecha clave ej.ant."
"522","P","100*","Valor de referência = valor de área"
"106","R","100*","СсылЗначение = значение в валюте ГКК"
"900","D","INT","Interner Verrechnungskurs"
"109","V","1004","Kurs för referensdag föreg.år"
"506","S","200*","Vl.ref.=Vl.mon.ámb.consolidac."
"522","P","1001","Câmbio a data fixa"
"506","S","2001","T/C en fecha clave"
"106","R","1001","Курс на отчетную дату"
"900","D","M","Standardumrechnung zum Mittelkurs"
"109","V","200*","Referensvärde = KO-val.värde"
"506","S","2002","Cotización media"
"522","P","1002","Câmbio médio"
"106","R","1002","Средний курс"
"900","D","P","Standardumrechnung für die Kostenplanung"
"506","S","2003","T/C histórico"
"109","V","2001","Kurs för referensdag"
"522","P","1003","Câmbio histórico"
"106","R","1003","Исторический курс"
"900","E","001","Current exchange rate"
"506","S","2004","T/C en fecha clave ej.ant."
"109","V","2002","Genomsnittskurs"
"522","P","1004","Câmbio a data fixa do ano precedente"
"506","S","2011","T/C en fecha clave"
"109","V","2003","Historisk kurs"
"900","E","0011","Current exchange rate"
"522","P","200*","Valor de referência = valor de área"
"106","R","1004","Курс на отчётную дату предыдущего года"
"506","S","2012","Cotización media"
"109","V","2004","Kurs för referensdag föreg.år"
"522","P","2001","Câmbio a data fixa"
"506","S","2013","T/C histórico"
"900","E","001D","Current exchange rate"
"109","V","B","Standardomräkning (säljkurs)"
"522","P","2002","Câmbio médio"
"506","S","2014","T/C en fecha clave ej.ant."
"106","R","200*","СсылЗначение = значение в валюте ГКК"
"900","E","0021","Current exchange rate"
"522","P","2003","Câmbio histórico"
"506","S","B","Conversión normal según T/C vendedor"
"900","E","0022","Average exchange rate"
"109","V","EURO","EMU-regel\, fasta kurser"
"106","R","2001","Курс на отчетную дату"
"506","S","EURB","UME: Conversión demanda/oferta"
"522","P","2004","Câmbio a data fixa do ano precedente"
"900","E","100*","Reference value = group value"
"109","V","EURX","EMU-regel\, variabla kurser"
"106","R","2002","Средний курс"
"506","S","EURG","UME: Conversión demanda/oferta"
"522","P","B","Conversão standard com câmbio de venda"
"900","E","1001","Current exchange rate"
"109","V","G","Standardomräkning (köpkurs)"
"506","S","EURO","UME: Método de conversión"
"106","R","2003","Исторический курс"
"900","E","1002","Average rate"
"109","V","I","Kurskategori IntraStat"
"522","P","CNTX","Conversão standard com câmbio médio"
"506","S","EURX","UME: Método de conversión no participa"
"900","E","1003","Historical rate"
"106","R","2004","Курс на отчётную дату предыдущего года"
"109","V","M","Standardomräkning (genomsnittskurs)"
"506","S","G","Conversión normal según T/C comprador"
"900","E","1004","Rate on key date in previous year"
"522","P","EURO","Norma UME\, taxas de câmbio fixas"
"506","S","I","Tipo de cotización IntraStat"
"109","V","P","Standardomräkning för kostn.planeringen"
"106","R","B","Станд. пересчет по курсу продавца"
"900","E","1011","Current exchange rate"
"522","P","EURX","Norma UME\, taxas de câmbio variáveis"
"110","1","100*","参考值 = 组值"
"506","S","INT","Tasa de compensación interna"
"900","E","1012","Average rate"
"106","R","EURO","Правило ЕВС\, фикс. курсы"
"110","1","1001","当前兑换率"
"506","S","M","Conversión normal según T/C estándar"
"900","E","1013","Historical rate"
"522","P","G","Conversão standard com câmbio de compra"
"110","1","1002","平均兑换率"
"106","R","EURX","Правило ЕВС\, переменные курсы"
"506","S","P","Conversión estándar para planif.costes"
"110","1","1003","历史兑换率"
"900","E","1014","Rate on key date in previous year"
"506","T","100*","Referans değer = Grup değeri"
"522","P","GTSC","Ctg.taxa câmbio GTS procmto.alfandegário"
"106","R","G","Станд. пересчет по курсу покупателя"
"110","1","1004","前年的当前兑换率"
"506","T","1001","Anahtar tarih kuru"
"900","E","200*","Reference value = group value"
"110","1","200*","参考值 = 组值"
"506","T","1002","Ortalama kur"
"106","R","I","Тип курса: ИНТРАСТАТ"
"522","P","I","Categoria de taxa de câmbio IntraStat"
"900","E","2001","Current exchange rate"
"110","1","2001","当前兑换率"
"506","T","1003","Tarihsel kur"
"900","E","2002","Average rate"
"110","1","2002","平均兑换率"
"106","R","M","СтандПересчет по средневзвешенному курсу"
"506","T","1004","Önceki yılın anahtar tarih kuru"
"522","P","M","Conversão standard com câmbio médio"
"900","E","2003","Historical rate"
"110","1","2003","历史兑换率"
"506","T","200*","Referans değer = Grup değeri"
"900","E","2004","Rate on key date in previous year"
"506","T","2001","Anahtar tarih kuru"
"106","R","P","СтандартПересчет для планирования затрат"
"522","P","P","Conversão standard p/planejamento custos"
"110","1","2004","前年的当前兑换率"
"506","T","2002","Ortalama kur"
"106","S","100*","Vl.ref.=Vl.mon.ámb.consolidac."
"900","E","2011","Current exchange rate"
"506","T","2003","Tarihsel kur"
"110","1","B","在银行卖出率下的标准兑换"
"522","Q","100*","Refer.hodnota = hodnota okruhu"
"106","S","1001","T/C en fecha clave"
"900","E","2012","Average rate"
"506","T","2004","Önceki yılın anahtar tarih kuru"
"110","1","EURO","EMU 规则，固定兑换率"
"106","S","1002","Cotización media"
"900","E","2013","Historical rate"
"506","T","B","Satış kuru için standart çeviri"
"522","Q","1001","Kurz k rozhod.dňu"
"110","1","EURX","EMU 规则，变化的兑换率"
"106","S","1003","T/C histórico"
"506","T","EURO","APB talimatı\, kuru sabitle"
"900","E","2014","Rate on key date in previous year"
"110","1","G","在银行买入率下的标准兑换"
"522","Q","1002","Priemerný kurz"
"106","S","1004","T/C en fecha clave ej.ant."
"110","1","I","州内的汇率类型"
"522","Q","1003","Historický kurz"
"900","E","B","Standard conversion at bank selling rate"
"506","T","EURX","APB talimatı\, değişken kur"
"110","1","M","在平均比率下的标准兑换"
"106","S","200*","Vl.ref.=Vl.mon.ámb.consolidac."
"522","Q","1004","Kurz k rozh.dňu minulého roka"
"506","T","G","Alış kuru için standart çeviri"
"900","E","BPS","Exchange rates for TBW45 Course"
"110","1","P","对成本计划的标准换算"
"106","S","2001","T/C en fecha clave"
"506","T","I","IntraStat kurtipi"
"522","Q","200*","Refer.hodnota = hodnota okruhu"
"900","E","EURB","EMU - Conversion Cash/Letter"
"110","3","100*","참조값 = 그룹값"
"106","S","2002","Cotización media"
"506","T","M","Ortalama kur için standart çeviri"
"522","Q","2001","Kurz k rozhod.dňu"
"110","3","1001","현재환율"
"106","S","2003","T/C histórico"
"900","E","EURG","EMU - Conversion Cash/Letter"
"506","T","P","Masraf planlaması için standart çeviri"
"522","Q","2002","Priemerný kurz"
"110","3","1002","평균환율"
"106","S","2004","T/C en fecha clave ej.ant."
"900","E","EURO","EMU - Conversion method"
"522","Q","2003","Historický kurz"
"110","3","1003","이력환율"
"506","V","100*","Referensvärde = KO-val.värde"
"106","S","B","Conversión normal según T/C vendedor"
"900","E","EURX","EWU - Conversion method not participant"
"506","V","1001","Kurs för referensdag"
"522","Q","2004","Kurz k rozh.dňu minulého roka"
"900","E","EZB","EZB rates EUR"
"110","3","1004","현재환율 이전연도"
"106","S","CNTX","Conversión normal según T/C estándar"
"110","3","200*","참조값 = 그룹값"
"522","Q","B","Štandardný prepočet za predajný kurz"
"900","E","G","Standard translation at bank buying rate"
"106","S","EURO","Norma UME\, tipo de cambio fijo"
"110","3","2001","현재환율"
"522","Q","EURO","Predpis EMÚ\, pevné kurzy"
"110","3","2002","평균환율"
"900","E","I","Intrastat exchange rate type"
"106","S","EURX","Nomra UME\, tipo de cambio variable"
"110","3","2003","이력환율"
"522","Q","EURX","Predpis EMÚ\, variabilné kurzy"
"540","J","G","電信売買買値"
"900","E","INT","Internal clearing exchange rate"
"106","S","G","Conversión normal según T/C comprador"
"110","3","2004","현재환율 이전연도"
"522","Q","G","Štandardný prepočet za bank.nákup.kurz"
"540","J","GTSC","通関手続の GTS 換算レートタイプ"
"900","E","M","Standard translation at average rate"
"110","3","B","은행매각율의 표준환산"
"106","S","I","Tipo de cotización IntraStat"
"540","J","I","域内取引換算レートタイプ"
"900","E","P","Standard translation for cost planning"
"110","3","EURO","EMU 규칙\, 고정환율"
"522","Q","GTSC","Typ kurz GTS - colné vybavenie"
"106","S","M","Conversión normal según T/C estándar"
"540","J","M","電信売買仲値"
"522","Q","I","Typ kurzu IntraStat"
"110","3","EURX","EMU 규칙\, 변동환율"
"900","F","001","Cours du jour (de référence)"
"106","S","P","Conversión estándar para planif.costes"
"540","J","P","原価計画用標準標準換算レート"
"110","3","G","은행매입율의 표준환산"
"900","F","0011","Cours du jour (de référence)"
"522","Q","M","Štandardný prepočet za kurz stredu"
"106","T","100*","Referans değer = Grup değeri"
"540","K","100*","Referenceværdi = gruppeværdi"
"110","3","I","Intrastat 환율유형"
"900","F","001D","Cours du jour (de référence)"
"522","Q","P","Štandard.prepočet pre plánovanie náklado"
"106","T","1001","Anahtar tarih kuru"
"540","K","1001","Skæringsdatokurs"
"110","3","M","평균환율의 표준환산"
"106","T","1002","Ortalama kur"
"540","K","1002","Middelkurs"
"900","F","0021","Cours du jour (de référence)"
"110","3","P","원가계획의 표준환산"
"522","R","100*","СсылЗначение = значение в валюте ГКК"
"540","K","1003","Historisk kurs"
"106","T","1003","Tarihsel kur"
"900","F","0022","Cours moyen"
"110","C","100*","Refer.hodnota = hodnota okruhu"
"522","R","1001","Курс на отчетную дату"
"540","K","1004","Skæringsdagskurs\,foregående år"
"106","T","1004","Önceki yılın anahtar tarih kuru"
"900","F","100*","Val. réf. = montants en devise périmètre"
"110","C","1001","Kurz rozhodného dne"
"522","R","1002","Средний курс"
"540","K","200*","Referenceværdi = gruppeværdi"
"110","C","1002","Průměrný kurz"
"106","T","200*","Referans değer = Grup değeri"
"900","F","1001","Cours du jour (de référence)"
"540","K","2001","Skæringsdatokurs"
"110","C","1003","Historický kurz"
"106","T","2001","Anahtar tarih kuru"
"522","R","1003","Исторический курс"
"540","K","2002","Middelkurs"
"900","F","1002","Cours moyen"
"110","C","1004","Kurz rozh.dne minulého roku"
"106","T","2002","Ortalama kur"
"540","K","2003","Historisk kurs"
"900","F","1003","Cours historique"
"522","R","1004","Курс на отчётную дату предыдущего года"
"106","T","2003","Tarihsel kur"
"110","C","200*","Refer.hodnota = hodnota okruhu"
"540","K","2004","Skæringsdagskurs\,foregående år"
"110","C","2001","Kurz rozhodného dne"
"900","F","1004","Cours du jour de l'exercice précédent"
"106","T","2004","Önceki yılın anahtar tarih kuru"
"522","R","200*","СсылЗначение = значение в валюте ГКК"
"540","K","B","Standardomregning til salgskurs"
"110","C","2002","Průměrný kurz"
"900","F","1011","Cours du jour (de référence)"
"106","T","B","Satış kuru için standart çeviri"
"540","K","EURO","ØMU-regel\, faste kurser"
"522","R","2001","Курс на отчетную дату"
"110","C","2003","Historický kurz"
"900","F","1012","Cours moyen"
"540","K","EURX","ØMU-regel\, variable kurser"
"110","C","2004","Kurz rozh.dne minulého roku"
"522","R","2002","Средний курс"
"900","F","1013","Cours historique"
"106","T","EURO","APB talimatı\, kuru sabitle"
"540","K","G","Standardomregning til købskurs"
"110","C","B","Standard.přepočet k prodejnímu kurzu"
"522","R","2003","Исторический курс"
"106","T","EURX","APB talimatı\, değişken kur"
"900","F","1014","Cours du jour de l'exercice précédent"
"540","K","GTSC","GTS-kurstype toldbehandling"
"110","C","EURO","Předpis EMU\, fixní kurzy"
"106","T","G","Alış kuru için standart çeviri"
"540","K","I","Kurstype\, intrastat"
"522","R","2004","Курс на отчётную дату предыдущего года"
"110","C","EURX","Předpis EMU\, variabilní kurzy"
"900","F","200*","Val. réf. = montants en devise périmètre"
"106","T","I","IntraStat kurtipi"
"540","K","M","Standardomregning til middelkurs"
"522","R","B","Станд. пересчет по курсу предлож."
"106","T","M","Ortalama kur için standart çeviri"
"540","K","P","Standardomregning for omkostningsplanl."
"110","C","G","Standard.přepočet k bank.nákup.kurzu"
"900","F","2001","Cours du jour (de référence)"
"522","R","EURO","Правило ЕВС\, фикс. курсы"
"110","C","I","Typ kurzu IntraStat"
"106","T","P","Masraf planlaması için standart çeviri"
"540","L","100*","Wartość referencyjna = wartość grupy"
"900","F","2002","Cours moyen"
"522","R","EURX","Правило ЕВС\, переменные курсы"
"540","L","1001","Kurs na dzień"
"110","C","M","Standard.přepočet ke kurzu střed"
"900","F","2003","Cours historique"
"106","V","100*","Referensvärde = KO-val.värde"
"540","L","1002","Średni kurs waluty"
"110","C","P","Standard.přepočet pro plánování nákladů"
"522","R","G","Станд. пересчет по курсу покупки"
"900","F","2004","Cours du jour de l'exercice précédent"
"106","V","1001","Kurs för referensdag"
"106","V","1002","Genomsnittskurs"
"110","D","100*","Referenzwert = Kreiswert"
"900","F","2011","Cours du jour (de référence)"
"522","R","GTSC","Тип курса GTS: таможенная обработка"
"106","V","1003","Historisk kurs"
"900","F","2012","Cours moyen"
"110","D","1001","Stichtagskurs"
"522","R","I","Тип курса: ИНТРАСТАТ"
"900","F","2013","Cours historique"
"110","D","1002","Durchschnittskurs"
"106","V","1004","Kurs för referensdag föreg.år"
"110","D","1003","Historischer Kurs"
"900","F","2014","Cours du jour de l'exercice précédent"
"106","V","200*","Referensvärde = KO-val.värde"
"522","R","M","СтандПересчет по средневзвешенному курсу"
"540","L","1003","Historyczny kurs waluty"
"110","D","1004","Stichtagskurs des Vorjahres"
"900","F","B","Conversion standard au cours \"vente\""
"106","V","2001","Kurs för referensdag"
"110","D","200*","Referenzwert = Kreiswert"
"522","R","P","СтандартПересчет для планирования затрат"
"106","V","2002","Genomsnittskurs"
"900","F","BPS","Exchange rates for TBW45 Course"
"540","L","1004","Kurs określonego dnia z roku poprz."
"106","V","2003","Historisk kurs"
"110","D","2001","Stichtagskurs"
"900","F","EURB","UEM - Conversion achat/vente"
"540","L","200*","Wartość referencyjna = wartość grupy"
"522","S","100*","Vl.ref.=Vl.mon.ámb.consolidac."
"110","D","2002","Durchschnittskurs"
"106","V","2004","Kurs för referensdag föreg.år"
"540","L","2001","Kurs na dzień"
"900","F","EURG","UEM - Conversion achat/vente"
"110","D","2003","Historischer Kurs"
"522","S","1001","T/C en fecha clave"
"540","L","2002","Średni kurs waluty"
"900","F","EURO","UME - Méthode de conversion"
"106","V","B","Standardomräkning (säljkurs)"
"110","D","2004","Stichtagskurs des Vorjahres"
"522","S","1002","Cotización media"
"540","L","2003","Historyczny kurs waluty"
"106","V","EURO","EMU-regel\, fasta kurser"
"900","F","EURX","UEM - Méthode conversion non particip."
"110","D","B","Standardumrechnung zum Briefkurs"
"522","S","1003","T/C histórico"
"106","V","EURX","EMU-regel\, variabla kurser"
"540","L","2004","Kurs określonego dnia z roku poprz."
"110","D","CNTX","Standardumrechnung zum Mittelkurs"
"106","V","G","Standardomräkning (köpkurs)"
"110","D","EURO","EWU-Vorschrift\, fixe Kurse"
"540","L","B","Przeliczenie stand. po kursie sprzedaży"
"522","S","1004","T/C en fecha clave ej.ant."
"106","V","I","Kurskategori IntraStat"
"540","L","EURO","Przepis EMU\, kursy stałe"
"110","D","EURX","EWU-Vorschrift\, variable Kurse"
"106","V","M","Standardomräkning (genomsnittskurs)"
"522","S","200*","Vl.ref.=Vl.mon.ámb.consolidac."
"540","L","EURX","Przepis EMU\, kursy zmienne"
"110","D","G","Standardumrechnung zum Geldkurs"
"106","V","P","Standardomräkning för kostn.planeringen"
"522","S","2001","T/C en fecha clave"
"110","D","I","Kurstyp IntraStat"
"540","L","G","Przeliczenie stand. po kursie zakupu"
"107","1","100*","参考值 = 组值"
"522","S","2002","Cotización media"
"110","D","M","Standardumrechnung zum Mittelkurs"
"540","L","GTSC","GTS: Typ kursu - obsł. procesów celnych"
"107","1","1001","当前兑换率"
"107","1","1002","平均兑换率"
"540","L","I","Typ kursu IntraStat"
"110","D","P","Standardumrechnung für die Kostenplanung"
"107","1","1003","历史兑换率"
"522","S","2003","T/C histórico"
"540","L","M","Przeliczenie stand. po kursie średnim"
"110","E","100*","Reference value = group value"
"107","1","1004","前年的当前兑换率"
"540","L","P","Przeliczenie stand. do plan. kosztów"
"522","S","2004","T/C en fecha clave ej.ant."
"110","E","1001","Current exchange rate"
"107","1","200*","参考值 = 组值"
"540","M","100*","參考值 = 集團值"
"110","E","1002","Average exchange rate"
"107","1","2001","当前兑换率"
"522","S","B","Conversión normal según T/C vendedor"
"506","V","1002","Genomsnittskurs"
"540","M","1001","現行匯率"
"110","E","1003","Historical exchange rate"
"107","1","2002","平均兑换率"
"506","V","1003","Historisk kurs"
"540","M","1002","平均匯率"
"110","E","1004","Current exch. rate prior year"
"522","S","CNTX","Conversión normal según T/C estándar"
"107","1","2003","历史兑换率"
"506","V","1004","Kurs för referensdag föreg.år"
"540","M","1003","歷史匯率"
"110","E","200*","Reference value = group value"
"540","M","1004","前一年現行匯率"
"107","1","2004","前年的当前兑换率"
"506","V","200*","Referensvärde = KO-val.värde"
"110","E","2001","Current exchange rate"
"506","V","2001","Kurs för referensdag"
"522","S","EURO","Norma UME\, tipo de cambio fijo"
"540","M","200*","參考值 = 集團值"
"107","1","B","在银行卖出率下的标准兑换"
"110","E","2002","Average exchange rate"
"506","V","2002","Genomsnittskurs"
"540","M","2001","現行匯率"
"540","M","2002","平均匯率"
"522","S","EURX","Nomra UME\, tipo de cambio variable"
"506","V","2003","Historisk kurs"
"107","1","EURO","EMU 规则，固定兑换率"
"110","E","2003","Historical exchange rate"
"540","M","2003","歷史匯率"
"506","V","2004","Kurs för referensdag föreg.år"
"110","E","2004","Current exch. rate prior year"
"107","1","EURX","EMU 规则，变化的兑换率"
"522","S","G","Conversión normal según T/C comprador"
"540","M","2004","前一年現行匯率"
"506","V","B","Standardomräkning (säljkurs)"
"107","1","G","在银行买入率下的标准兑换"
"110","E","B","Standard translation at bk.selling rate"
"540","M","B","銀行賣出匯率的標準換算"
"506","V","EURO","EMU-regel\, fasta kurser"
"522","S","GTSC","Tipo cotización GTS\, despacho aduanas"
"107","1","I","州内的汇率类型"
"540","M","EURO","EMU 規定；固定匯率"
"110","E","CNTX","Special exchange rate type for IIT (CN)"
"506","V","EURX","EMU-regel\, variabla kurser"
"107","1","M","在平均比率下的标准兑换"
"540","M","EURX","EMU 規定；變動匯率"
"110","E","EURO","EMU regulation\, fixed exchange rates"
"522","S","I","Tipo de cotización IntraStat"
"506","V","G","Standardomräkning (köpkurs)"
"107","1","P","对成本计划的标准换算"
"540","M","G","銀行買入匯率的標準換算"
"506","V","I","Kurskategori IntraStat"
"110","E","EURX","EMU regulation\, variable exchange rates"
"107","3","100*","참조값 = 그룹값"
"540","M","I","歐盟會員國匯率類型"
"522","S","M","Conversión normal según T/C estándar"
"506","V","M","Standardomräkning (genomsnittskurs)"
"110","E","G","Standard translation at bank buying rate"
"107","3","1001","현재환율"
"540","M","M","平均匯率的標準匯率"
"506","V","P","Standardomräkning för kostn.planeringen"
"110","E","I","Intrastat exchange rate type"
"522","S","P","Conversión estándar para planif.costes"
"107","3","1002","평균환율"
"506","Z","001","Current exchange rate"
"540","M","P","成本規劃的標準換算"
"107","3","1003","이력환율"
"110","E","M","Standard translation at average rate"
"506","Z","0011","Current exchange rate"
"522","T","100*","Referans değer = Grup değeri"
"540","N","100*","Referentiewaarde = concernwaarde"
"110","E","P","Standard translation for cost planning"
"107","3","1004","현재환율 이전연도"
"506","Z","001D","Current exchange rate"
"540","N","1001","Koers op balansdatum"
"107","3","200*","참조값 = 그룹값"
"110","F","100*","Val. réf. = montants en devise périmètre"
"522","T","1001","Anahtar tarih kuru"
"506","Z","0021","Current exchange rate"
"540","N","1002","Gemiddelde koers"
"107","3","2001","현재환율"
"540","N","1003","Historische koers"
"110","F","1001","Cours du jour (de référence)"
"506","Z","0022","Average exchange rate"
"107","3","2002","평균환율"
"522","T","1002","Ortalama kur"
"110","F","1002","Cours moyen"
"107","3","2003","이력환율"
"540","N","1004","Koers op balansdatum vorig jaar"
"506","Z","100*","Reference value = group value"
"110","F","1003","Cours historique"
"522","T","1003","Tarihsel kur"
"540","N","200*","Referentiewaarde = concernwaarde"
"107","3","2004","현재환율 이전연도"
"506","Z","1001","Current exchange rate"
"110","F","1004","Cours du jour de l'exercice précédent"
"540","N","2001","Koers op balansdatum"
"522","T","1004","Önceki yılın anahtar tarih kuru"
"506","Z","1002","Average rate"
"107","3","B","은행매각율의 표준환산"
"110","F","200*","Val. réf. = montants en devise périmètre"
"540","N","2002","Gemiddelde koers"
"506","Z","1003","Historical rate"
"107","3","EURO","EMU 규칙\, 고정환율"
"522","T","200*","Referans değer = Grup değeri"
"110","F","2001","Cours du jour (de référence)"
"540","N","2003","Historische koers"
"506","Z","1004","Rate on key date in previous year"
"110","F","2002","Cours moyen"
"107","3","EURX","EMU 규칙\, 변동환율"
"540","N","2004","Koers op balansdatum vorig jaar"
"506","Z","1011","Current exchange rate"
"110","F","2003","Cours historique"
"107","3","G","은행매입율의 표준환산"
"506","Z","1012","Average rate"
"540","N","B","Standaardomrekening tegen girale koers"
"110","F","2004","Cours du jour de l'exercice précédent"
"107","3","I","Intrastat 환율유형"
"506","Z","1013","Historical rate"
"540","N","EURO","EMU-voorschrift\, vaste koersen"
"110","F","B","conversion standard au cours VENTE"
"107","3","M","평균환율의 표준환산"
"506","Z","1014","Rate on key date in previous year"
"110","F","EURO","Règle UEM\, cours fixes"
"540","N","EURX","EMU-voorschrift\, variabele koersen"
"107","3","P","원가계획의 표준환산"
"506","Z","200*","Reference value = group value"
"110","F","EURX","Règles UEM\, cours variables"
"506","Z","2001","Current exchange rate"
"540","N","G","Standaardomrekening tegen chartale koers"
"107","C","100*","Refer.hodnota = hodnota okruhu"
"110","F","G","conversion standard au cours ACHAT"
"540","N","GTSC","GTS-koerstype douaneafhandeling"
"506","Z","2002","Average rate"
"110","F","I","Type de cours IntraStat"
"107","C","1001","Kurz rozhodného dne"
"540","N","I","Koerstype Intrastat"
"506","Z","2003","Historical rate"
"107","C","1002","Průměrný kurz"
"110","F","M","conversion standard au cours MOYEN"
"540","N","M","Standaardomrekening tegen middenkoers"
"506","Z","2004","Rate on key date in previous year"
"107","C","1003","Historický kurz"
"540","N","P","Standaardomrekening voor kostenplanning"
"110","F","P","Conv. standard pr la budgét. des coûts"
"506","Z","2011","Current exchange rate"
"107","C","1004","Kurz rozh.dne minulého roku"
"506","Z","2012","Average rate"
"540","O","100*","Referanseverdi = kons. verdi"
"110","H","100*","Referenciaérték = kör értéke"
"506","Z","2013","Historical rate"
"107","C","200*","Refer.hodnota = hodnota okruhu"
"540","O","1001","Kurs for referansedato"
"110","H","1001","Határnapi árfolyam"
"110","H","1002","Átlagárfolyam"
"540","O","1002","Gjennomsnittskurs"
"506","Z","2014","Rate on key date in previous year"
"107","C","2001","Kurz rozhodného dne"
"110","H","1003","Történeti árfolyam"
"540","O","1003","Historisk kurs"
"506","Z","B","Standard conversion at bank selling rate"
"107","C","2002","Průměrný kurz"
"110","H","1004","Előző év határnapi árfolyama"
"506","Z","EURB","EMU - Conversion Cash/Letter"
"107","C","2003","Historický kurz"
"540","O","1004","Kurs for ref.dato\, forrige år"
"110","H","200*","Referenciaérték = kör értéke"
"540","O","200*","Referanseverdi = kons. verdi"
"107","C","2004","Kurz rozh.dne minulého roku"
"110","H","2001","Határnapi árfolyam"
"506","Z","EURG","EMU - Conversion Cash/Letter"
"110","H","2002","Átlagárfolyam"
"540","O","2001","Kurs for referansedato"
"506","Z","EURO","EMU - Conversion method"
"107","C","B","Standard.přepočet k prodejnímu kurzu"
"110","H","2003","Történeti árfolyam"
"540","O","2002","Gjennomsnittskurs"
"506","Z","EURX","EWU - Conversion method not participant"
"107","C","EURO","Předpis EMU\, fixní kurzy"
"540","O","2003","Historisk kurs"
"110","H","2004","Előző év határnapi árfolyama"
"506","Z","G","Standard translation at bank buying rate"
"107","C","EURX","Předpis EMU\, variabilní kurzy"
"540","O","2004","Kurs for ref.dato\, forrige år"
"110","H","B","Standard átszámítás eladási árfolyamon"
"900","F","G","Conversion standard au cours 'achat'"
"506","Z","I","Intrastat exchange rate type"
"110","H","EURO","EMU-előírás\, fix árfolyamok"
"540","O","B","Standardomregning for selgerkurs"
"107","C","G","Standard.přepočet k bank.nákup.kurzu"
"900","F","I","Type de cours IntraStat"
"506","Z","INT","Internal clearing exchange rate"
"540","O","EURO","ØMU-forskr.\, faste kurser"
"107","C","I","Typ kurzu IntraStat"
"900","F","INT","Taux de conversion interne"
"110","H","EURX","EMU-előírás\, változó árfolyamok"
"506","Z","M","Standard translation at average rate"
"540","O","EURX","ØMU-forskrift\, variable kurser"
"107","C","M","Standard.přepočet ke kurzu střed"
"900","F","M","Conversion standard au cours moyen"
"110","H","G","Standard átszámítás vételi árfolyamon"
"506","Z","P","Standard translation for cost planning"
"540","O","G","Standardomregning for kjøperkurs"
"900","F","P","Conversion standard pour planif. coûts"
"110","H","I","IntraStat árfolyamtípus"
"507","D","1001","Stichtagskurs"
"107","C","P","Standard.přepočet pro plánování nákladů"
"507","D","1002","Durchschnittskurs"
"110","H","M","Standard átszámítás középárfolyamon"
"540","O","GTSC","GTS-kurstype tollbehandling"
"107","D","100*","Referenzwert = Kreiswert"
"900","I","100*","Valore rif. = Valore cons."
"507","D","1003","Historischer Kurs"
"540","O","I","Kurstype - intrastat"
"110","H","P","Standard átszámítás költségtervezéshez"
"900","I","1001","Cambio alla data chius. es."
"507","D","1004","Stichtagskurs des Vorjahres"
"107","D","1001","Stichtagskurs"
"110","J","100*","参照値 = グループ値"
"900","I","1002","Cambio medio"
"507","D","1011","Stichtagskurs"
"540","O","M","Standardomregning for gjennomsnittskurs"
"110","J","1001","現換算レート"
"900","I","1003","Cambio storico"
"507","D","1012","Durchschnittskurs"
"107","D","1002","Durchschnittskurs"
"540","O","P","Standardomregning for kostnadsbudsjett"
"110","J","1002","平均換算レート"
"507","D","1013","Historischer Kurs"
"900","I","1004","Cambio a data chius.es.preced."
"107","D","1003","Historischer Kurs"
"110","J","1003","取得時換算レート"
"540","P","100*","Valor de referência = valor de área"
"507","D","1014","Stichtagskurs des Vorjahres"
"900","I","200*","Valore rif. = Valore cons."
"107","D","1004","Stichtagskurs des Vorjahres"
"540","P","1001","Câmbio a data fixa"
"110","J","1004","前年度換算レート"
"507","D","2001","Stichtagskurs"
"900","I","2001","Cambio alla data chius. es."
"540","P","1002","Câmbio médio"
"507","D","2002","Durchschnittskurs"
"107","D","200*","Referenzwert = Kreiswert"
"110","J","200*","参照値 = グループ値"
"540","P","1003","Câmbio histórico"
"507","D","2003","Historischer Kurs"
"107","D","2001","Stichtagskurs"
"110","J","2001","現換算レート"
"900","I","2002","Cambio medio"
"540","P","1004","Câmbio a data fixa do ano precedente"
"507","D","2004","Stichtagskurs des Vorjahres"
"107","D","2002","Durchschnittskurs"
"900","I","2003","Cambio storico"
"110","J","2002","平均換算レート"
"507","D","2011","Stichtagskurs"
"540","P","200*","Valor de referência = valor de área"
"107","D","2003","Historischer Kurs"
"507","D","2012","Durchschnittskurs"
"540","P","2001","Câmbio a data fixa"
"900","I","2004","Cambio a data chius.es.preced."
"507","D","2013","Historischer Kurs"
"107","D","2004","Stichtagskurs des Vorjahres"
"110","J","2003","取得時換算レート"
"540","P","2002","Câmbio médio"
"507","D","2014","Stichtagskurs des Vorjahres"
"110","J","2004","前年度換算レート"
"900","I","B","Conv. standard per cambio vendita"
"107","D","B","Standardumrechnung zum Briefkurs"
"110","J","B","電信売買売値"
"540","P","2003","Câmbio histórico"
"507","D","B","Standardumrechnung zum Briefkurs"
"900","I","EURO","Norma UME\, cambi fissi"
"107","D","CNTX","Standardumrechnung zum Mittelkurs"
"110","J","EURO","EMU 規定 固定換算レート"
"540","P","2004","Câmbio a data fixa do ano precedente"
"507","D","G","Standardumrechnung zum Geldkurs"
"107","D","EURO","EWU-Vorschrift\, fixe Kurse"
"110","J","EURX","EMU 規定 変動換算レート"
"900","I","EURX","Norma UME\, cambi variabili"
"540","P","B","Conversão standard com câmbio de venda"
"507","D","M","Standardumrechnung zum Mittelkurs"
"110","J","G","電信売買買値"
"540","P","CNTX","Conversão standard com câmbio médio"
"507","D","P","Standardumrechnung für die Kostenplanung"
"107","D","EURX","EWU-Vorschrift\, variable Kurse"
"900","I","G","Conv. standard per corso monetario"
"110","J","I","域内取引換算レートタイプ"
"507","E","1001","Rate on key date"
"540","P","EURO","Norma UME\, taxas de câmbio fixas"
"900","I","I","Tipo di cambio IntraStat"
"110","J","M","電信売買仲値"
"507","E","1002","Average rate"
"107","D","G","Standardumrechnung zum Geldkurs"
"900","I","M","Conv. standard per cambio medio"
"107","D","I","Kurstyp IntraStat"
"507","E","1003","Historical rate"
"540","P","EURX","Norma UME\, taxas de câmbio variáveis"
"110","J","P","原価計画用標準標準換算レート"
"900","I","P","Conv. standard per pianif. dei costi"
"507","E","1004","Rate on key date in previous year"
"110","L","100*","Wartość referencyjna = wartość grupy"
"540","P","G","Conversão standard com câmbio de compra"
"107","D","M","Standardumrechnung zum Mittelkurs"
"507","E","1011","Rate on key date"
"900","J","001","現換算レート"
"110","L","1001","Kurs na dzień"
"507","E","1012","Average rate"
"540","P","GTSC","Ctg.taxa câmbio GTS procmto.alfandegário"
"900","J","0011","現換算レート"
"110","L","1002","Średni kurs waluty"
"107","D","P","Standardumrechnung für die Kostenplanung"
"507","E","1013","Historical rate"
"900","J","001D","現換算レート"
"540","P","I","Categoria de taxa de câmbio IntraStat"
"110","L","1003","Historyczny kurs waluty"
"507","E","1014","Rate on key date in previous year"
"900","J","0021","現換算レート"
"107","E","100*","Reference value = group value"
"540","P","M","Conversão standard com câmbio médio"
"110","L","1004","Kurs określonego dnia z roku poprz."
"507","E","2001","Rate on key date"
"900","J","0022","平均換算レート"
"107","E","1001","Current exchange rate"
"507","E","2002","Average rate"
"540","P","P","Conversão standard p/planejamento custos"
"900","J","100*","参照値 = グループ値"
"110","L","200*","Wartość referencyjna = wartość grupy"
"507","E","2003","Historical rate"
"107","E","1002","Average exchange rate"
"110","L","2001","Kurs na dzień"
"900","J","1001","現換算レート"
"540","Q","100*","Refer.hodnota = hodnota okruhu"
"507","E","2004","Rate on key date in previous year"
"110","L","2002","Średni kurs waluty"
"107","E","1003","Historical exchange rate"
"900","J","1002","平均レート"
"540","Q","1001","Kurz k rozhod.dňu"
"507","E","2011","Rate on key date"
"110","L","2003","Historyczny kurs waluty"
"900","J","1003","取得時レート"
"107","E","1004","Current exch. rate prior year"
"507","E","2012","Average rate"
"540","Q","1002","Priemerný kurz"
"110","L","2004","Kurs określonego dnia z roku poprz."
"507","E","2013","Historical rate"
"900","J","1004","前年度基準日のレート"
"540","Q","1003","Historický kurz"
"107","E","200*","Reference value = group value"
"110","L","B","Przeliczenie stand. po kursie sprzedaży"
"900","J","1011","現換算レート"
"507","E","2014","Rate on key date in previous year"
"540","Q","1004","Kurz k rozh.dňu minulého roka"
"110","L","EURO","Przepis EMU\, kursy stałe"
"107","E","2001","Current exchange rate"
"900","J","1012","平均レート"
"507","E","B","Standard conversion at bank selling rate"
"110","L","EURX","Przepis EMU\, kursy zmienne"
"540","Q","200*","Refer.hodnota = hodnota okruhu"
"107","E","2002","Average exchange rate"
"900","J","1013","取得時レート"
"507","E","G","Standard translation at bank buying rate"
"110","L","G","Przeliczenie stand. po kursie zakupu"
"540","Q","2001","Kurz k rozhod.dňu"
"900","J","1014","前年度基準日のレート"
"107","E","2003","Historical exchange rate"
"507","E","M","Standard translation at average rate"
"110","L","I","Typ kursu IntraStat"
"540","Q","2002","Priemerný kurz"
"540","Q","2003","Historický kurz"
"507","E","P","Standard translation for cost planning"
"110","L","M","Przeliczenie stand. po kursie średnim"
"107","E","2004","Current exch. rate prior year"
"507","F","1001","Cours du jour"
"540","Q","2004","Kurz k rozh.dňu minulého roka"
"110","L","P","Przeliczenie stand. do plan. kosztów"
"507","F","1002","Cours moyen"
"507","F","1003","Cours historique"
"107","E","B","Standard translation at bk.selling rate"
"110","M","100*","參考值 = 集團值"
"540","Q","B","Štandardný prepočet za predajný kurz"
"507","F","1004","Cours du jour de l'année précédente"
"110","M","1001","現行匯率"
"540","Q","EURO","Predpis EMÚ\, pevné kurzy"
"507","F","1011","Cours du jour"
"107","E","CNTX","Special exchange rate type for IIT (CN)"
"110","M","1002","平均匯率"
"507","F","1012","Cours moyen"
"110","M","1003","歷史匯率"
"540","Q","EURX","Predpis EMÚ\, variabilné kurzy"
"107","E","EURO","EMU regulation\, fixed exchange rates"
"507","F","1013","Cours historique"
"110","M","1004","前一年現行匯率"
"540","Q","G","Štandardný prepočet za bank.nákup.kurz"
"107","E","EURX","EMU regulation\, variable exchange rates"
"110","M","200*","參考值 = 集團值"
"507","F","1014","Cours du jour de l'année précédente"
"540","Q","GTSC","Typ kurz GTS - colné vybavenie"
"107","E","G","Standard translation at bank buying rate"
"507","F","B","Conversion standard au cours 'vente'"
"110","M","2001","現行匯率"
"540","Q","I","Typ kurzu IntraStat"
"110","M","2002","平均匯率"
"507","F","G","Conversion standard au cours 'achat'"
"107","E","I","Intrastat exchange rate type"
"110","M","2003","歷史匯率"
"540","Q","M","Štandardný prepočet za kurz stredu"
"507","F","M","Conversion standard au cours moyen"
"110","M","2004","前一年現行匯率"
"107","E","M","Standard translation at average rate"
"540","Q","P","Štandard.prepočet pre plánovanie náklado"
"507","F","P","Conversion standard pour planif. coûts"
"110","M","B","銀行賣出匯率的標準換算"
"508","D","1001","Stichtagskurs"
"540","R","100*","СсылЗначение = значение в валюте ГКК"
"107","E","P","Standard translation for cost planning"
"110","M","EURO","EMU 規定；固定匯率"
"508","D","1002","Durchschnittskurs"
"540","R","1001","Курс на отчетную дату"
"110","M","EURX","EMU 規定；變動匯率"
"107","F","100*","Val. réf. = montants en devise périmètre"
"508","D","1003","Historischer Kurs"
"540","R","1002","Средний курс"
"110","M","G","銀行買入匯率的標準換算"
"508","D","1004","Stichtagskurs des Vorjahres"
"107","F","1001","Cours du jour (de référence)"
"110","M","I","歐盟會員國匯率類型"
"508","D","1011","Stichtagskurs"
"540","R","1003","Исторический курс"
"107","F","1002","Cours moyen"
"110","M","M","平均匯率的標準匯率"
"508","D","1012","Durchschnittskurs"
"107","F","1003","Cours historique"
"540","R","1004","Курс на отчётную дату предыдущего года"
"508","D","1013","Historischer Kurs"
"110","M","P","成本計劃的標準換算"
"508","D","1014","Stichtagskurs des Vorjahres"
"107","F","1004","Cours du jour de l'exercice précédent"
"110","N","100*","Referentiewaarde = concernwaarde"
"540","R","200*","СсылЗначение = значение в валюте ГКК"
"522","T","2001","Anahtar tarih kuru"
"508","D","2001","Stichtagskurs"
"110","N","1001","Koers op balansdatum"
"508","D","2002","Durchschnittskurs"
"107","F","200*","Val. réf. = montants en devise périmètre"
"540","R","2001","Курс на отчетную дату"
"110","N","1002","Gemiddelde koers"
"522","T","2002","Ortalama kur"
"508","D","2003","Historischer Kurs"
"110","N","1003","Historische koers"
"540","R","2002","Средний курс"
"107","F","2001","Cours du jour (de référence)"
"508","D","2004","Stichtagskurs des Vorjahres"
"522","T","2003","Tarihsel kur"
"110","N","1004","Koers op balansdatum vorig jaar"
"540","R","2003","Исторический курс"
"107","F","2002","Cours moyen"
"508","D","2011","Stichtagskurs"
"110","N","200*","Referentiewaarde = concernwaarde"
"508","D","2012","Durchschnittskurs"
"107","F","2003","Cours historique"
"540","R","2004","Курс на отчётную дату предыдущего года"
"522","T","2004","Önceki yılın anahtar tarih kuru"
"508","D","2013","Historischer Kurs"
"110","N","2001","Koers op balansdatum"
"110","N","2002","Gemiddelde koers"
"540","R","B","Станд. пересчет по курсу предлож."
"508","D","2014","Stichtagskurs des Vorjahres"
"107","F","2004","Cours du jour de l'exercice précédent"
"110","N","2003","Historische koers"
"522","T","B","Satış kuru için standart çeviri"
"508","D","B","Standardumrechnung zum Briefkurs"
"540","R","EURO","Правило ЕВС\, фикс. курсы"
"107","F","B","conversion standard au cours VENTE"
"110","N","2004","Koers op balansdatum vorig jaar"
"508","D","G","Standardumrechnung zum Geldkurs"
"540","R","EURX","Правило ЕВС\, переменные курсы"
"110","N","B","Standaardomrekening tegen girale koers"
"508","D","M","Standardumrechnung zum Mittelkurs"
"522","T","EURO","APB talimatı\, kuru sabitle"
"107","F","EURO","Règle UEM\, cours fixes"
"540","R","G","Станд. пересчет по курсу покупки"
"110","N","EURO","EMU-voorschrift\, vaste koersen"
"107","F","EURX","Règles UEM\, cours variables"
"508","D","P","Standardumrechnung für die Kostenplanung"
"900","J","200*","参照値 = グループ値"
"110","N","EURX","EMU-voorschrift\, variabele koersen"
"540","R","GTSC","Тип курса GTS: таможенная обработка"
"522","T","EURX","APB talimatı\, değişken kur"
"508","E","1001","Rate on key date"
"900","J","2001","現換算レート"
"110","N","G","Standaardomrekening tegen chartale koers"
"508","E","1002","Average rate"
"107","F","G","conversion standard au cours ACHAT"
"900","J","2002","平均レート"
"540","R","I","Тип курса: ИНТРАСТАТ"
"110","N","I","Koerstype Intrastat"
"508","E","1003","Historical rate"
"522","T","G","Alış kuru için standart çeviri"
"900","J","2003","取得時レート"
"107","F","I","Type de cours IntraStat"
"110","N","M","Standaardomrekening tegen middenkoers"
"540","R","M","СтандПересчет по средневзвешенному курсу"
"508","E","1004","Rate on key date in previous year"
"900","J","2004","前年度基準日のレート"
"522","T","I","IntraStat kurtipi"
"508","E","1011","Rate on key date"
"110","N","P","Standaardomrekening voor kostenplanning"
"107","F","M","conversion standard au cours MOYEN"
"540","R","P","СтандартПересчет для планирования затрат"
"900","J","2011","現換算レート"
"508","E","1012","Average rate"
"110","O","100*","Referanseverdi = gruppeverdi"
"508","E","1013","Historical rate"
"540","S","100*","Vl.ref.=Vl.mon.ámb.consolidac."
"900","J","2012","平均レート"
"522","T","M","Ortalama kur için standart çeviri"
"107","F","P","Conv. standard pr la budgét. des coûts"
"110","O","1001","Kurs for referansedato"
"540","S","1001","T/C en fecha clave"
"508","E","1014","Rate on key date in previous year"
"900","J","2013","取得時レート"
"110","O","1002","Gjennomsnittskurs"
"540","S","1002","Cotización media"
"508","E","2001","Rate on key date"
"110","O","1003","Historisk kurs"
"900","J","2014","前年度基準日のレート"
"522","T","P","Masraf planlaması için standart çeviri"
"107","H","100*","Referenciaérték = kör értéke"
"540","S","1003","T/C histórico"
"508","E","2002","Average rate"
"900","J","B","標準換算 (電信売買売値)"
"107","H","1001","Határnapi árfolyam"
"508","E","2003","Historical rate"
"540","S","1004","T/C en fecha clave ej.ant."
"107","H","1002","Átlagárfolyam"
"522","U","100*","Viitearvo = alueen arvo"
"508","E","2004","Rate on key date in previous year"
"900","J","BPS","Exchange rates for TBW45 Course"
"540","S","200*","Vl.ref.=Vl.mon.ámb.consolidac."
"107","H","1003","Történeti árfolyam"
"508","E","2011","Rate on key date"
"900","J","EURB","EMU - 換算資金/連絡文書"
"540","S","2001","T/C en fecha clave"
"508","E","2012","Average rate"
"522","U","1001","Määräpäivän kurssi"
"540","S","2002","Cotización media"
"508","E","2013","Historical rate"
"900","J","EURG","EMU - 換算資金/連絡文書"
"107","H","1004","Előző év határnapi árfolyama"
"522","U","1002","Keskikurssi"
"540","S","2003","T/C histórico"
"900","J","EURO","EMU - 換算方法"
"508","E","2014","Rate on key date in previous year"
"107","H","200*","Referenciaérték = kör értéke"
"540","S","2004","T/C en fecha clave ej.ant."
"900","J","EURX","EWU - 換算方法無関係"
"107","H","2001","Határnapi árfolyam"
"522","U","1003","Historiallinen kurssi"
"508","E","B","Standard conversion at bank selling rate"
"900","J","G","電信売買買値"
"107","H","2002","Átlagárfolyam"
"540","S","B","Conversión normal según T/C vendedor"
"508","E","G","Standard translation at bank buying rate"
"900","J","I","域内取引換算レートタイプ"
"107","H","2003","Történeti árfolyam"
"508","E","M","Standard translation at average rate"
"540","S","CNTX","Conversión normal según T/C estándar"
"522","U","1004","Edellisen vuoden määräpäiväkurssi"
"900","J","INT","内部決済換算レート"
"107","H","2004","Előző év határnapi árfolyama"
"900","J","M","電信売買仲値"
"508","E","P","Standard translation for cost planning"
"540","S","EURO","Norma UME\, tipo de cambio fijo"
"508","F","1001","Cours du jour"
"522","U","200*","Viitearvo = alueen arvo"
"107","H","B","Standard átszámítás eladási árfolyamon"
"900","J","P","原価計画用標準標準換算レート"
"540","S","EURX","Nomra UME\, tipo de cambio variable"
"508","F","1002","Cours moyen"
"508","F","1003","Cours historique"
"900","K","100*","Referenceværdi = gruppeværdi"
"540","S","G","Conversión normal según T/C comprador"
"107","H","EURO","EMU-előírás\, fix árfolyamok"
"522","U","2001","Määräpäivän kurssi"
"900","K","1001","Skæringsdagskurs"
"508","F","1004","Cours du jour de l'année précédente"
"540","S","GTSC","Tipo cotización GTS\, despacho aduanas"
"107","H","EURX","EMU-előírás\, változó árfolyamok"
"900","K","1002","Middelkurs"
"522","U","2002","Keskikurssi"
"508","F","1011","Cours du jour"
"540","S","I","Tipo de cotización IntraStat"
"900","K","1003","Historisk kurs"
"508","F","1012","Cours moyen"
"107","H","G","Standard átszámítás vételi árfolyamon"
"540","S","M","Conversión normal según T/C estándar"
"900","K","1004","Skæringsdagskurs\,foregående år"
"508","F","1013","Cours historique"
"522","U","2003","Historiallinen kurssi"
"107","H","I","IntraStat árfolyamtípus"
"900","K","200*","Referenceværdi = gruppeværdi"
"540","S","P","Conversión estándar para planif.costes"
"508","F","1014","Cours du jour de l'année précédente"
"107","H","M","Standard átszámítás középárfolyamon"
"900","K","2001","Skæringsdagskurs"
"522","U","2004","Edellisen vuoden määräpäiväkurssi"
"540","T","100*","Referans değer = Grup değeri"
"900","K","2002","Middelkurs"
"508","F","B","Conversion standard au cours 'vente'"
"540","T","1001","Anahtar tarih kuru"
"107","H","P","Standard átszámítás költségtervezéshez"
"900","K","2003","Historisk kurs"
"508","F","G","Conversion standard au cours 'achat'"
"522","U","B","Vakiomuunto - myyntikurssi"
"540","T","1002","Ortalama kur"
"900","K","2004","Skæringsdagskurs\,foregående år"
"107","J","100*","参照値 = グループ値"
"508","F","M","Conversion standard au cours moyen"
"540","T","1003","Tarihsel kur"
"900","K","B","Standardomregning til salgskurs"
"107","J","1001","現換算レート"
"522","U","EURO","EMU-säädös\, kiint. kurssit"
"900","K","EURO","ØMU-regel\, faste kurser"
"540","T","1004","Önceki yılın anahtar tarih kuru"
"508","F","P","Conversion standard pour planif. coûts"
"107","J","1002","平均換算レート"
"900","K","EURX","ØMU-regel\, variable kurser"
"540","T","200*","Referans değer = Grup değeri"
"522","U","EURX","EMU-säädös\, muuttuvat kurssit"
"508","J","100*","参照値 = グループ値"
"900","K","G","Standardomregning til købskurs"
"107","J","1003","取得時換算レート"
"540","T","2001","Anahtar tarih kuru"
"508","J","1001","現換算レート"
"900","K","I","Kurstype\, intrastat"
"107","J","1004","前年度換算レート"
"522","U","G","Vakiomuunto - ostokurssi"
"508","J","1002","平均換算レート"
"900","K","M","Standardomregning til middelkurs"
"540","T","2002","Ortalama kur"
"107","J","200*","参照値 = グループ値"
"508","J","1003","取得時換算レート"
"900","K","P","Standardomregning for omkostningsplanl."
"540","T","2003","Tarihsel kur"
"522","U","GTSC","GTS-kurssityyppi - tullikäsittely"
"107","J","2001","現換算レート"
"508","J","1004","前年度換算レート"
"900","L","100*","Wartość referencyjna = wartość grupy"
"540","T","2004","Önceki yılın anahtar tarih kuru"
"522","U","I","Kurssityyppi IntraStat"
"107","J","2002","平均換算レート"
"900","L","1001","Kurs na dzień"
"508","J","200*","参照値 = グループ値"
"540","T","B","Satış kuru için standart çeviri"
"900","L","1002","Średni kurs waluty"
"508","J","2001","現換算レート"
"107","J","2003","取得時換算レート"
"522","U","M","Vakiomuunto - keskikurssi"
"540","T","EURO","APB talimatı\, kuru sabitle"
"508","J","2002","平均換算レート"
"900","L","1003","Historyczny kurs waluty"
"107","J","2004","前年度換算レート"
"540","T","EURX","APB talimatı\, değişken kur"
"522","U","P","Vakiomuunto kustannussuunnittelua varten"
"508","J","2003","取得時換算レート"
"900","L","1004","Kurs określonego dnia z roku poprz."
"107","J","B","電信売買売値"
"540","T","G","Alış kuru için standart çeviri"
"508","J","2004","前年度換算レート"
"522","V","100*","Referensvärde = KO-val.värde"
"900","L","200*","Wartość referencyjna = wartość grupy"
"540","T","I","IntraStat kurtipi"
"508","J","B","電信売買売値"
"107","J","EURO","EMU 規定 固定換算レート"
"900","L","2001","Kurs na dzień"
"522","V","1001","Kurs för referensdag"
"540","T","M","Ortalama kur için standart çeviri"
"508","J","EURO","EMU 規定 固定換算レート"
"107","J","EURX","EMU 規定 変動換算レート"
"900","L","2002","Średni kurs waluty"
"522","V","1002","Genomsnittskurs"
"540","T","P","Masraf planlaması için standart çeviri"
"508","J","EURX","EMU 規定 変動換算レート"
"900","L","2003","Historyczny kurs waluty"
"522","V","1003","Historisk kurs"
"540","U","100*","Viitearvo = alueen arvo"
"107","J","G","電信売買買値"
"508","J","G","電信売買買値"
"900","L","2004","Kurs określonego dnia z roku poprz."
"540","U","1001","Määräpäivän kurssi"
"107","J","I","域内取引換算レートタイプ"
"508","J","I","域内取引換算レートタイプ"
"522","V","1004","Kurs för referensdag föreg.år"
"540","U","1002","Keskikurssi"
"508","J","M","電信売買仲値"
"107","J","M","電信売買仲値"
"900","L","B","Przeliczenie stand. po kursie sprzedaży"
"540","U","1003","Historiallinen kurssi"
"522","V","200*","Referensvärde = KO-val.värde"
"508","J","P","原価計画用標準標準換算レート"
"900","L","EURO","Przepis EMU\, kursy stałe"
"107","J","P","原価計画用標準標準換算レート"
"540","U","1004","Edellisen vuoden määräpäiväkurssi"
"513","D","100*","Referenzwert = Kreiswert"
"900","L","EURX","Przepis EMU\, kursy zmienne"
"522","V","2001","Kurs för referensdag"
"540","U","200*","Viitearvo = alueen arvo"
"513","D","1001","Stichtagskurs"
"107","L","100*","Wartość referencyjna = wartość grupy"
"900","L","G","Przeliczenie stand. po kursie zakupu"
"522","V","2002","Genomsnittskurs"
"513","D","1002","Durchschnittskurs"
"540","U","2001","Määräpäivän kurssi"
"107","L","1001","Kurs na dzień"
"900","L","I","Typ kursu IntraStat"
"540","U","2002","Keskikurssi"
"513","D","1003","Historischer Kurs"
"522","V","2003","Historisk kurs"
"107","L","1002","Średni kurs waluty"
"900","L","M","Przeliczenie stand. po kursie średnim"
"513","D","1004","Stichtagskurs des Vorjahres"
"540","U","2003","Historiallinen kurssi"
"900","L","P","Przeliczenie stand. do plan. kosztów"
"522","V","2004","Kurs för referensdag föreg.år"
"107","L","1003","Historyczny kurs waluty"
"540","U","2004","Edellisen vuoden määräpäiväkurssi"
"513","D","200*","Referenzwert = Kreiswert"
"900","M","100*","參考值 = 集團值"
"522","V","B","Standardomräkning (säljkurs)"
"540","U","B","Vakiomuunto - myyntikurssi"
"513","D","2001","Stichtagskurs"
"107","L","1004","Kurs określonego dnia z roku poprz."
"900","M","1001","現行匯率"
"513","D","2002","Durchschnittskurs"
"900","M","1002","平均匯率"
"540","U","EURO","EMU-säädös\, kiint. kurssit"
"522","V","EURO","EMU-regel\, fasta kurser"
"513","D","2003","Historischer Kurs"
"900","M","1003","歷史匯率"
"107","L","200*","Wartość referencyjna = wartość grupy"
"540","U","EURX","EMU-säädös\, muuttuvat kurssit"
"513","D","2004","Stichtagskurs des Vorjahres"
"900","M","1004","前一年現行匯率"
"107","L","2001","Kurs na dzień"
"522","V","EURX","EMU-regel\, variabla kurser"
"540","U","G","Vakiomuunto - ostokurssi"
"513","D","B","Standardumrechnung zum Briefkurs"
"900","M","200*","參考值 = 集團值"
"107","L","2002","Średni kurs waluty"
"540","U","GTSC","GTS-kurssityyppi - tullikäsittely"
"900","M","2001","現行匯率"
"522","V","G","Standardomräkning (köpkurs)"
"513","D","EURO","EWU-Vorschrift\, fixe Kurse"
"107","L","2003","Historyczny kurs waluty"
"540","U","I","Kurssityyppi IntraStat"
"900","M","2002","平均匯率"
"513","D","EURX","EWU-Vorschrift\, variable Kurse"
"900","M","2003","歷史匯率"
"540","U","M","Vakiomuunto - keskikurssi"
"107","L","2004","Kurs określonego dnia z roku poprz."
"522","V","GTSC","GTS kurstyp tullhantering"
"513","D","G","Standardumrechnung zum Geldkurs"
"900","M","2004","前一年現行匯率"
"540","U","P","Vakiomuunto kustannussuunnittelua varten"
"513","D","I","Kurstyp IntraStat"
"522","V","I","Kurskategori IntraStat"
"900","M","B","銀行賣出匯率的標準換算"
"107","L","B","Przeliczenie stand. po kursie sprzedaży"
"540","V","100*","Referensvärde = KO-val.värde"
"513","D","M","Standardumrechnung zum Mittelkurs"
"900","M","EURO","EMU 規定；固定匯率"
"107","L","EURO","Przepis EMU\, kursy stałe"
"540","V","1001","Kurs för referensdag"
"513","D","P","Standardumrechnung für die Kostenplanung"
"522","V","M","Standardomräkning (genomsnittskurs)"
"110","O","1004","Kurs for ref.dato\, forrige år"
"540","V","1002","Genomsnittskurs"
"900","M","EURX","EMU 規定；變動匯率"
"107","L","EURX","Przepis EMU\, kursy zmienne"
"513","E","100*","Reference value = group value"
"110","O","200*","Referanseverdi = gruppeverdi"
"900","M","G","銀行買入匯率的標準換算"
"540","V","1003","Historisk kurs"
"513","E","1001","Current exchange rate"
"110","O","2001","Kurs for referansedato"
"107","L","G","Przeliczenie stand. po kursie zakupu"
"522","V","P","Standardomräkning för kostn.planeringen"
"900","M","I","歐盟會員國匯率類型"
"110","O","2002","Gjennomsnittskurs"
"513","E","1002","Average exchange rate"
"540","V","1004","Kurs för referensdag föreg.år"
"107","L","I","Typ kursu IntraStat"
"110","O","2003","Historisk kurs"
"900","M","M","平均匯率的標準匯率"
"513","E","1003","Historical exchange rate"
"540","V","200*","Referensvärde = KO-val.värde"
"107","L","M","Przeliczenie stand. po kursie średnim"
"525","D","100*","Referenzwert = Kreiswert"
"900","M","P","成本計劃的標準換算"
"110","O","2004","Kurs for ref.dato\, forrige år"
"513","E","1004","Current exch. rate prior year"
"540","V","2001","Kurs för referensdag"
"107","L","P","Przeliczenie stand. do plan. kosztów"
"900","N","100*","Referentiewaarde = concernwaarde"
"513","E","200*","Reference value = group value"
"525","D","1001","Stichtagskurs"
"110","O","B","Standardomregning for selgerkurs"
"540","V","2002","Genomsnittskurs"
"107","M","100*","參考值 = 集團值"
"900","N","1001","Koers op balansdatum"
"540","V","2003","Historisk kurs"
"513","E","2001","Current exchange rate"
"900","N","1002","Gemiddelde koers"
"110","O","EURO","ØMU-forskr.\, faste kurser"
"525","D","1002","Durchschnittskurs"
"107","M","1001","現行匯率"
"900","N","1003","Historische koers"
"513","E","2002","Average exchange rate"
"540","V","2004","Kurs för referensdag föreg.år"
"110","O","EURX","ØMU-forskrift\, variable kurser"
"107","M","1002","平均匯率"
"525","D","1003","Historischer Kurs"
"513","E","2003","Historical exchange rate"
"900","N","1004","Koers op balansdatum vorig jaar"
"107","M","1003","歷史匯率"
"110","O","G","Standardomregning for kjøperkurs"
"540","V","B","Standardomräkning (säljkurs)"
"513","E","2004","Current exch. rate prior year"
"900","N","200*","Referentiewaarde = concernwaarde"
"107","M","1004","前一年現行匯率"
"525","D","1004","Stichtagskurs des Vorjahres"
"110","O","I","Kurstype - intrastat"
"513","E","B","Standard translation at bk.selling rate"
"900","N","2001","Koers op balansdatum"
"540","V","EURO","EMU-regel\, fasta kurser"
"110","O","M","Standardomregning for gjennomsnittskurs"
"107","M","200*","參考值 = 集團值"
"900","N","2002","Gemiddelde koers"
"513","E","EURO","EMU regulation\, fixed exchange rates"
"525","D","200*","Referenzwert = Kreiswert"
"107","M","2001","現行匯率"
"900","N","2003","Historische koers"
"110","O","P","Standardomregning for kostnadsbudsjett"
"513","E","EURX","EMU regulation\, variable exchange rates"
"540","V","EURX","EMU-regel\, variabla kurser"
"525","D","2001","Stichtagskurs"
"107","M","2002","平均匯率"
"513","E","G","Standard translation at bank buying rate"
"900","N","2004","Koers op balansdatum vorig jaar"
"110","P","100*","Valor de referência = valor de área"
"540","V","G","Standardomräkning (köpkurs)"
"107","M","2003","歷史匯率"
"525","D","2002","Durchschnittskurs"
"513","E","I","Intrastat exchange rate type"
"110","P","1001","Câmbio a data fixa"
"900","N","B","Standaardomrekening tegen girale koers"
"540","V","GTSC","GTS kurstyp tullhantering"
"513","E","M","Standard translation at average rate"
"110","P","1002","Câmbio médio"
"107","M","2004","前一年現行匯率"
"525","D","2003","Historischer Kurs"
"900","N","EURO","EMU-voorschrift\, vaste koersen"
"110","P","1003","Câmbio histórico"
"540","V","I","Kurskategori IntraStat"
"513","E","P","Standard translation for cost planning"
"900","N","EURX","EMU-voorschrift\, variabele koersen"
"107","M","B","銀行賣出匯率的標準換算"
"110","P","1004","Câmbio a data fixa do ano precedente"
"513","F","100*","Val. réf. = montants en devise périmètre"
"900","N","G","Standaardomrekening tegen chartale koers"
"540","V","M","Standardomräkning (genomsnittskurs)"
"107","M","EURO","EMU 規定；固定匯率"
"110","P","200*","Valor de referência = valor de área"
"900","N","I","Koerstype Intrastat"
"513","F","1001","Cours du jour (de référence)"
"107","M","EURX","EMU 規定；變動匯率"
"513","F","1002","Cours moyen"
"110","P","2001","Câmbio a data fixa"
"900","N","M","Standaardomrekening tegen middenkoers"
"540","V","P","Standardomräkning för kostn.planeringen"
"513","F","1003","Cours historique"
"110","P","2002","Câmbio médio"
"107","M","G","銀行買入匯率的標準換算"
"900","N","P","Standaardomrekening voor kostenplanning"
"110","P","2003","Câmbio histórico"
"513","F","1004","Cours du jour de l'exercice précédent"
"701","D","100*","Referenzwert = Kreiswert"
"107","M","I","歐盟會員國匯率類型"
"110","P","2004","Câmbio a data fixa do ano precedente"
"900","O","100*","Referanseverdi = kons. verdi"
"513","F","200*","Val. réf. = montants en devise périmètre"
"107","M","M","平均匯率的標準匯率"
"701","D","1001","Stichtagskurs"
"110","P","B","Conversão standard com câmbio de venda"
"513","F","2001","Cours du jour (de référence)"
"900","O","1001","Kurs for referansedato"
"107","M","P","成本計劃的標準換算"
"701","D","1002","Durchschnittskurs"
"513","F","2002","Cours moyen"
"900","O","1002","Gjennomsnittskurs"
"110","P","CNTX","Conversão standard com câmbio médio"
"513","F","2003","Cours historique"
"900","O","1003","Historisk kurs"
"107","N","100*","Referentiewaarde = concernwaarde"
"701","D","1003","Historischer Kurs"
"110","P","EURO","Norma UME\, taxas de câmbio fixas"
"513","F","2004","Cours du jour de l'exercice précédent"
"107","N","1001","Koers op balansdatum"
"900","O","1004","Kurs for ref.dato\, forrige år"
"110","P","EURX","Norma UME\, taxas de câmbio variáveis"
"513","F","B","conversion standard au cours VENTE"
"107","N","1002","Gemiddelde koers"
"701","D","1004","Stichtagskurs des Vorjahres"
"900","O","200*","Referanseverdi = kons. verdi"
"110","P","G","Conversão standard com câmbio de compra"
"513","F","EURO","Règle UEM\, cours fixes"
"107","N","1003","Historische koers"
"701","D","200*","Referenzwert = Kreiswert"
"900","O","2001","Kurs for referansedato"
"110","P","I","Categoria de taxa de câmbio IntraStat"
"513","F","EURX","Règles UEM\, cours variables"
"701","D","2001","Stichtagskurs"
"900","O","2002","Gjennomsnittskurs"
"107","N","1004","Koers op balansdatum vorig jaar"
"110","P","M","Conversão standard com câmbio médio"
"701","D","2002","Durchschnittskurs"
"513","F","G","conversion standard au cours ACHAT"
"900","O","2003","Historisk kurs"
"701","D","2003","Historischer Kurs"
"513","F","I","Type de cours IntraStat"
"110","P","P","Conversão standard p/planejamento custos"
"107","N","200*","Referentiewaarde = concernwaarde"
"900","O","2004","Kurs for ref.dato\, forrige år"
"701","D","2004","Stichtagskurs des Vorjahres"
"513","F","M","conversion standard au cours MOYEN"
"107","N","2001","Koers op balansdatum"
"900","O","B","Standardomregning for selgerkurs"
"110","Q","100*","Refer.hodnota = hodnota okruhu"
"701","D","B","Standardumrechnung zum Briefkurs"
"107","N","2002","Gemiddelde koers"
"513","F","P","Conv. standard pr la budgét. des coûts"
"900","O","EURO","ØMU-forskr.\, faste kurser"
"110","Q","1001","Kurz k rozhod.dňu"
"701","D","EURO","EWU-Vorschrift\, fixe Kurse"
"107","N","2003","Historische koers"
"513","J","100*","参照値 = グループ値"
"110","Q","1002","Priemerný kurz"
"900","O","EURX","ØMU-forskrift\, variable kurser"
"701","D","EURX","EWU-Vorschrift\, variable Kurse"
"110","Q","1003","Historický kurz"
"513","J","1001","現換算レート"
"107","N","2004","Koers op balansdatum vorig jaar"
"900","O","G","Standardomregning for kjøperkurs"
"701","D","G","Standardumrechnung zum Geldkurs"
"513","J","1002","平均換算レート"
"110","Q","1004","Kurz k rozh.dňu minulého roka"
"900","O","I","Kurstype - intrastat"
"701","D","I","Kurstyp IntraStat"
"513","J","1003","取得時換算レート"
"107","N","B","Standaardomrekening tegen girale koers"
"110","Q","200*","Refer.hodnota = hodnota okruhu"
"900","O","M","Standardomregning for gjennomsnittskurs"
"701","D","M","Standardumrechnung zum Mittelkurs"
"513","J","1004","前年度換算レート"
"110","Q","2001","Kurz k rozhod.dňu"
"900","O","P","Standardomregning for kostnadsbudsjett"
"513","J","200*","参照値 = グループ値"
"110","Q","2002","Priemerný kurz"
"701","D","P","Standardumrechnung für die Kostenplanung"
"900","P","001","Câmbio a data fixa"
"513","J","2001","現換算レート"
"110","Q","2003","Historický kurz"
"900","P","0011","Câmbio a data fixa"
"800","1","100*","参考值 = 组值"
"513","J","2002","平均換算レート"
"900","P","001D","Câmbio a data fixa"
"110","Q","2004","Kurz k rozh.dňu minulého roka"
"513","J","2003","取得時換算レート"
"800","1","1001","当前兑换率"
"900","P","0021","Câmbio a data fixa"
"800","1","1002","平均兑换率"
"513","J","2004","前年度換算レート"
"110","Q","B","Štandardný prepočet za predajný kurz"
"900","P","0022","Taxa de câmbio média"
"513","J","B","電信売買売値"
"800","1","1003","历史兑换率"
"110","Q","EURO","Predpis EMÚ\, pevné kurzy"
"900","P","100*","Valor de referência = valor de área"
"513","J","EURO","EMU 規定 固定換算レート"
"800","1","1004","前年的当前兑换率"
"900","P","1001","Câmbio a data fixa"
"110","Q","EURX","Predpis EMÚ\, variabilné kurzy"
"513","J","EURX","EMU 規定 変動換算レート"
"800","1","200*","参考值 = 组值"
"110","Q","G","Štandardný prepočet za bank.nákup.kurz"
"513","J","G","電信売買買値"
"800","1","2001","当前兑换率"
"900","P","1002","Taxa de câmbio média"
"110","Q","I","Typ kurzu IntraStat"
"800","1","2002","平均兑换率"
"900","P","1003","Câmbio histórico"
"513","J","I","域内取引換算レートタイプ"
"800","1","2003","历史兑换率"
"110","Q","M","Štandardný prepočet za kurz stredu"
"513","J","M","電信売買仲値"
"900","P","1004","Taxa câmbio data fixada exerc.anterior"
"513","J","P","原価計画用標準標準換算レート"
"110","Q","P","Štandard.prepočet pre plánovanie náklado"
"900","P","1011","Câmbio a data fixa"
"513","P","100*","Valor de referência = valor de área"
"900","P","1012","Taxa de câmbio média"
"110","R","100*","СсылЗначение = значение в валюте ГКК"
"513","P","1001","Câmbio a data fixa"
"900","P","1013","Câmbio histórico"
"513","P","1002","Câmbio médio"
"110","R","1001","Курс на отчетную дату"
"513","P","1003","Câmbio histórico"
"900","P","1014","Taxa câmbio data fixada exerc.anterior"
"110","R","1002","Средний курс"
"513","P","1004","Câmbio a data fixa do ano precedente"
"110","R","1003","Исторический курс"
"513","P","200*","Valor de referência = valor de área"
"900","P","200*","Valor de referência = valor de área"
"513","P","2001","Câmbio a data fixa"
"900","P","2001","Câmbio a data fixa"
"110","R","1004","Курс на отчётную дату предыдущего года"
"513","P","2002","Câmbio médio"
"900","P","2002","Taxa de câmbio média"
"513","P","2003","Câmbio histórico"
"110","R","200*","СсылЗначение = значение в валюте ГКК"
"900","P","2003","Câmbio histórico"
"513","P","2004","Câmbio a data fixa do ano precedente"
"110","R","2001","Курс на отчетную дату"
"900","P","2004","Taxa câmbio data fixada exerc.anterior"
"513","P","B","Conversão standard com câmbio de venda"
"900","P","2011","Câmbio a data fixa"
"110","R","2002","Средний курс"
"513","P","EURO","Norma UME\, taxas de câmbio fixas"
"900","P","2012","Taxa de câmbio média"
"110","R","2003","Исторический курс"
"900","P","2013","Câmbio histórico"
"513","P","EURX","Norma UME\, taxas de câmbio variáveis"
"110","R","2004","Курс на отчётную дату предыдущего года"
"513","P","G","Conversão standard com câmbio de compra"
"900","P","2014","Taxa câmbio data fixada exerc.anterior"
"110","R","B","Станд. пересчет по курсу продавца"
"513","P","I","Categoria de taxa de câmbio IntraStat"
"900","P","B","Conversão standard com câmbio de venda"
"110","R","EURO","Правило ЕВС\, фикс. курсы"
"513","P","M","Conversão standard com câmbio médio"
"900","P","EURB","UME - convers.oferta venda/oferta compra"
"110","R","EURX","Правило ЕВС\, переменные курсы"
"513","P","P","Conversão standard p/planejamento custos"
"900","P","EURG","UME - convers.oferta venda/oferta compra"
"513","S","100*","Vl.ref.=Vl.mon.ámb.consolidac."
"900","P","EURO","UME - método de conversão"
"513","S","1001","T/C en fecha clave"
"513","S","1002","Cotización media"
"900","P","EURX","UME - método conversão não participante"
"513","S","1003","T/C histórico"
"900","P","G","Conversão standard com câmbio de compra"
"513","S","1004","T/C en fecha clave ej.ant."
"110","R","G","Станд. пересчет по курсу покупателя"
"900","P","I","Categoria de taxa de câmbio IntraStat"
"513","S","200*","Vl.ref.=Vl.mon.ámb.consolidac."
"110","R","I","Тип курса: ИНТРАСТАТ"
"900","P","INT","Taxa interna de compensação"
"513","S","2001","T/C en fecha clave"
"513","S","2002","Cotización media"
"110","R","M","СтандПересчет по средневзвешенному курсу"
"900","P","M","Conversão standard com câmbio médio"
"513","S","2003","T/C histórico"
"900","P","P","Conversão standard p/planejamento custos"
"110","R","P","СтандартПересчет для планирования затрат"
"513","S","2004","T/C en fecha clave ej.ant."
"900","Q","100*","Refer.hodnota = hodnota okruhu"
"110","S","100*","Vl.ref.=Vl.mon.ámb.consolidac."
"513","S","B","Conversión normal según T/C vendedor"
"900","Q","1001","Kurz k rozhod.dňu"
"110","S","1001","T/C en fecha clave"
"513","S","EURO","Norma UME\, tipo de cambio fijo"
"900","Q","1002","Priemerný kurz"
"110","S","1002","Cotización media"
"513","S","EURX","Nomra UME\, tipo de cambio variable"
"110","S","1003","T/C histórico"
"900","Q","1003","Historický kurz"
"513","S","G","Conversión normal según T/C comprador"
"110","S","1004","T/C en fecha clave ej.ant."
"900","Q","1004","Kurz k rozh.dňu minulého roka"
"513","S","I","Tipo de cotización IntraStat"
"110","S","200*","Vl.ref.=Vl.mon.ámb.consolidac."
"900","Q","200*","Refer.hodnota = hodnota okruhu"
"110","S","2001","T/C en fecha clave"
"513","S","M","Conversión normal según T/C estándar"
"900","Q","2001","Kurz k rozhod.dňu"
"110","S","2002","Cotización media"
"513","S","P","Conversión estándar para planif.costes"
"900","Q","2002","Priemerný kurz"
"110","S","2003","T/C histórico"
"513","V","100*","Referensvärde = KO-val.värde"
"900","Q","2003","Historický kurz"
"110","S","2004","T/C en fecha clave ej.ant."
"513","V","1001","Kurs för referensdag"
"900","Q","2004","Kurz k rozh.dňu minulého roka"
"110","S","B","Conversión normal según T/C vendedor"
"513","V","1002","Genomsnittskurs"
"110","S","CNTX","Conversión normal según T/C estándar"
"900","Q","B","Štandardný prepočet za predajný kurz"
"513","V","1003","Historisk kurs"
"513","V","1004","Kurs för referensdag föreg.år"
"900","Q","EURO","Predpis EMÚ\, pevné kurzy"
"110","S","EURO","Norma UME\, tipo de cambio fijo"
"110","S","EURX","Nomra UME\, tipo de cambio variable"
"900","Q","EURX","Predpis EMÚ\, variabilné kurzy"
"513","V","200*","Referensvärde = KO-val.värde"
"110","S","G","Conversión normal según T/C comprador"
"900","Q","G","Štandardný prepočet za bank.nákup.kurz"
"513","V","2001","Kurs för referensdag"
"513","V","2002","Genomsnittskurs"
"110","S","I","Tipo de cotización IntraStat"
"900","Q","I","Typ kurzu IntraStat"
"513","V","2003","Historisk kurs"
"110","S","M","Conversión normal según T/C estándar"
"900","Q","M","Štandardný prepočet za kurz stredu"
"513","V","2004","Kurs för referensdag föreg.år"
"110","S","P","Conversión estándar para planif.costes"
"900","Q","P","Štandard.prepočet pre plánovanie náklado"
"513","V","B","Standardomräkning (säljkurs)"
"110","T","100*","Referans değer = Grup değeri"
"513","V","EURO","EMU-regel\, fasta kurser"
"900","R","001","Курс на отчетную дату"
"110","T","1001","Anahtar tarih kuru"
"110","T","1002","Ortalama kur"
"513","V","EURX","EMU-regel\, variabla kurser"
"900","R","0011","Курс на отчетную дату"
"110","T","1003","Tarihsel kur"
"513","V","G","Standardomräkning (köpkurs)"
"900","R","001D","Курс на отчетную дату"
"513","V","I","Kurskategori IntraStat"
"110","T","1004","Önceki yılın anahtar tarih kuru"
"513","V","M","Standardomräkning (genomsnittskurs)"
"110","T","200*","Referans değer = Grup değeri"
"900","R","0021","Курс на отчетную дату"
"110","T","2001","Anahtar tarih kuru"
"513","V","P","Standardomräkning för kostn.planeringen"
"110","T","2002","Ortalama kur"
"900","R","0022","Средний курс"
"516","D","1001","Stichtagskurs"
"110","T","2003","Tarihsel kur"
"516","D","1002","Durchschnittskurs"
"516","D","1003","Historischer Kurs"
"900","R","100*","СсылЗначение = значение в валюте ГКК"
"110","T","2004","Önceki yılın anahtar tarih kuru"
"516","D","1004","Stichtagskurs des Vorjahres"
"900","R","1001","Курс на отчетную дату"
"516","D","1011","Stichtagskurs"
"110","T","B","Satış kuru için standart çeviri"
"516","D","1012","Durchschnittskurs"
"900","R","1002","Средний курс"
"110","T","EURO","APB talimatı\, kuru sabitle"
"516","D","1013","Historischer Kurs"
"900","R","1003","Исторический курс"
"525","D","2004","Stichtagskurs des Vorjahres"
"110","T","EURX","APB talimatı\, değişken kur"
"516","D","1014","Stichtagskurs des Vorjahres"
"110","T","G","Alış kuru için standart çeviri"
"516","D","2001","Stichtagskurs"
"900","R","1004","Курс на отчетную дату предыдущего года"
"525","D","B","Standardumrechnung zum Briefkurs"
"110","T","I","IntraStat kurtipi"
"516","D","2002","Durchschnittskurs"
"110","T","M","Ortalama kur için standart çeviri"
"525","D","EURO","Standardumrechnung für EWU"
"516","D","2003","Historischer Kurs"
"900","R","1011","Курс на отчетную дату"
"800","1","2004","前年的当前兑换率"
"525","D","G","Standardumrechnung zum Geldkurs"
"110","T","P","Masraf planlaması için standart çeviri"
"900","R","1012","Средний курс"
"516","D","2004","Stichtagskurs des Vorjahres"
"525","D","I","Kurstyp IntraStat"
"516","D","2011","Stichtagskurs"
"800","1","B","在银行卖出率下的标准兑换"
"110","V","100*","Referensvärde = KO-val.värde"
"900","R","1013","Исторический курс"
"516","D","2012","Durchschnittskurs"
"525","D","M","Standardumrechnung zum Mittelkurs"
"110","V","1001","Kurs för referensdag"
"516","D","2013","Historischer Kurs"
"800","1","EURO","EMU 规则，固定兑换率"
"900","R","1014","Курс на отчетную дату предыдущего года"
"110","V","1002","Genomsnittskurs"
"516","D","2014","Stichtagskurs des Vorjahres"
"110","V","1003","Historisk kurs"
"525","D","P","Standardumrechnung für die Kostenplanung"
"800","1","EURX","EMU 规则，变化的兑换率"
"900","R","200*","СсылЗначение = значение в валюте ГКК"
"516","D","B","Standardumrechnung zum Briefkurs"
"110","V","1004","Kurs för referensdag föreg.år"
"525","E","100*","Reference value = group value"
"800","1","G","在银行买入率下的标准兑换"
"900","R","2001","Курс на отчетную дату"
"516","D","G","Standardumrechnung zum Geldkurs"
"110","V","200*","Referensvärde = KO-val.värde"
"800","1","I","州内的汇率类型"
"516","D","M","Standardumrechnung zum Mittelkurs"
"900","R","2002","Средний курс"
"525","E","1001","Current exchange rate"
"110","V","2001","Kurs för referensdag"
"800","1","M","在平均比率下的标准兑换"
"516","D","P","Standardumrechnung für die Kostenplanung"
"110","V","2002","Genomsnittskurs"
"900","R","2003","Исторический курс"
"525","E","1002","Average exchange rate"
"516","E","1001","Rate on key date"
"110","V","2003","Historisk kurs"
"800","1","P","对成本计划的标准换算"
"516","E","1002","Average rate"
"525","E","1003","Historical exchange rate"
"900","R","2004","Курс на отчетную дату предыдущего года"
"110","V","2004","Kurs för referensdag föreg.år"
"516","E","1003","Historical rate"
"800","2","100*","มูลค่าอ้างอิง = มูลค่ากลุ่ม"
"525","E","1004","Current exch. rate prior year"
"900","R","2011","Курс на отчетную дату"
"110","V","B","Standardomräkning (säljkurs)"
"516","E","1004","Rate on key date in previous year"
"525","E","200*","Reference value = group value"
"800","2","1001","อัตราแลกเปลี่ยนปัจจุบัน"
"900","R","2012","Средний курс"
"516","E","1011","Rate on key date"
"110","V","EURO","EMU-regel\, fasta kurser"
"516","E","1012","Average rate"
"525","E","2001","Current exchange rate"
"800","2","1002","อัตราแลกเปลี่ยนเฉลี่ย"
"110","V","EURX","EMU-regel\, variabla kurser"
"516","E","1013","Historical rate"
"900","R","2013","Исторический курс"
"525","E","2002","Average exchange rate"
"110","V","G","Standardomräkning (köpkurs)"
"516","E","1014","Rate on key date in previous year"
"800","2","1003","ประวัติอัตราแลกเปลี่ยน"
"516","E","2001","Rate on key date"
"110","V","I","Kurskategori IntraStat"
"525","E","2003","Historical exchange rate"
"900","R","2014","Курс на отчетную дату предыдущего года"
"516","E","2002","Average rate"
"110","V","M","Standardomräkning (genomsnittskurs)"
"800","2","1004","อัตราแลกเปลี่ยนปัจจุบันเมื่อปีที่แล้ว"
"525","E","2004","Current exch. rate prior year"
"516","E","2003","Historical rate"
"110","V","P","Standardomräkning för kostn.planeringen"
"516","E","2004","Rate on key date in previous year"
"900","R","B","Станд. пересчет по курсу продавца"
"525","E","B","Standard translation at bk.selling rate"
"800","2","200*","มูลค่าอ้างอิง = มูลค่ากลุ่ม"
"460","D","1001","Stichtagskurs"
"516","E","2011","Rate on key date"
"525","E","EURO","Standard translation for EMU"
"460","D","1002","Durchschnittskurs"
"900","R","BPS","Exchange rates for TBW45 Course"
"516","E","2012","Average rate"
"800","2","2001","อัตราแลกเปลี่ยนปัจจุบัน"
"460","D","1003","Historischer Kurs"
"516","E","2013","Historical rate"
"525","E","G","Standard translation at bank buying rate"
"800","2","2002","อัตราแลกเปลี่ยนเฉลี่ย"
"460","D","1004","Stichtagskurs des Vorjahres"
"525","E","I","Intrastat exchange rate type"
"516","E","2014","Rate on key date in previous year"
"900","R","EURB","ЕВС - пересчет КПокуп/КПродав"
"800","2","2003","ประวัติอัตราแลกเปลี่ยน"
"460","D","2001","Stichtagskurs"
"525","E","M","Standard translation at average rate"
"460","D","2002","Durchschnittskurs"
"516","E","B","Standard conversion at bank selling rate"
"900","R","EURG","ЕВС - пересчет КПокуп/КПродав"
"460","D","2003","Historischer Kurs"
"525","E","P","Standard translation for cost planning"
"800","2","2004","อัตราแลกเปลี่ยนปัจจุบันเมื่อปีที่แล้ว"
"516","E","G","Standard translation at bank buying rate"
"460","D","2004","Stichtagskurs des Vorjahres"
"900","R","EURO","ЕВС - метод пересчета"
"525","F","1001","Cours de réf."
"516","E","M","Standard translation at average rate"
"800","2","B","การแปลงมาตรฐานที่อัตราขายของธนาคาร"
"460","D","B","Standardumrechnung zum Briefkurs"
"525","F","1002","Cours moyen"
"516","E","P","Standard translation for cost planning"
"900","R","EURX","ЕВС - метод пересчета - неучаств. валюты"
"525","F","1003","Cours historique"
"516","F","1001","Cours du jour"
"460","D","EURO","Standardumrechnung für EWU"
"800","2","EURO","ข้อบังคับ EMU\,อัตราแลกเปลี่ยนคงที่"
"516","F","1002","Cours moyen"
"525","F","1004","Taux au jr arr.cpt. de l'ex. précédent"
"460","D","G","Standardumrechnung zum Geldkurs"
"516","F","1003","Cours historique"
"800","2","EURX","ข้อบังคับ EMU\,อัตราแลกเปลี่ยนเปลี่ยนแปลง"
"525","F","2001","Cours de réf."
"900","R","G","Станд. пересчет по курсу покупателя"
"460","D","M","Standardumrechnung zum Mittelkurs"
"525","F","2002","Cours moyen"
"516","F","1004","Cours du jour de l'année précédente"
"460","D","P","Standardumrechnung für die Kostenplanung"
"516","F","1011","Cours du jour"
"800","2","G","การแปลงมาตรฐานที่อัตราซื้อของธนาคาร"
"900","R","I","Тип курса: ИНТРАСТАТ"
"460","E","1001","Current exchange rate"
"525","F","2003","Cours historique"
"516","F","1012","Cours moyen"
"460","E","1002","Average exchange rate"
"800","2","I","ประเภทอัตราแลกเปลี่ยน Intrastat"
"525","F","2004","Taux au jr arr.cpt. de l'ex. précédent"
"516","F","1013","Cours historique"
"900","R","INT","Внутр. курс пересчета"
"460","E","1003","Historical exchange rate"
"525","F","B","conversion standard au cours VENTE"
"516","F","1014","Cours du jour de l'année précédente"
"800","2","M","การแปลงมาตรฐานที่อัตราเฉลี่ย"
"460","E","1004","Current exch. rate prior year"
"516","F","B","Conversion standard au cours 'vente'"
"525","F","EURO","Conversion standard pour UEM"
"900","R","M","СтандПересчет по средневзвешенному курсу"
"460","E","100A","Average rate\, Version 100"
"800","2","P","การแปลงมาตรฐานสำหรับการวางแผนต้นทุน"
"516","F","G","Conversion standard au cours 'achat'"
"525","F","G","conversion standard au cours ACHAT"
"460","E","100S","Spot rate\, Version 100"
"800","3","100*","참조값 = 그룹값"
"900","R","P","СтандартПересчет для планирования затрат"
"516","F","M","Conversion standard au cours moyen"
"460","E","2001","Current exchange rate"
"525","F","M","conversion standard au cours MOYEN"
"800","3","1001","현재환율"
"900","S","001","T/C en fecha clave"
"516","F","P","Conversion standard pour planif. coûts"
"460","E","2002","Average exchange rate"
"800","3","1002","평균환율"
"900","S","0011","T/C en fecha clave"
"525","F","P","Conv. standard pr la budgét. des coûts"
"460","E","2003","Historical exchange rate"
"516","J","100*","参照値 = グループ値"
"800","3","1003","이력환율"
"900","S","001D","T/C en fecha clave"
"525","J","100*","参照値 = グループ値"
"516","J","1001","現換算レート"
"460","E","2004","Current exch. rate prior year"
"900","S","0021","T/C en fecha clave"
"800","3","1004","현재환율 이전연도"
"525","J","1001","現換算レート"
"460","E","B","Standard translation at bk.selling rate"
"900","S","0022","Cotización media"
"516","J","1002","平均換算レート"
"800","3","200*","참조값 = 그룹값"
"525","J","1002","平均換算レート"
"800","3","2001","현재환율"
"460","E","EURO","Standard translation for EMU"
"516","J","1003","取得時換算レート"
"900","S","100*","Vl.ref.=Vl.mon.ámb.consolidac."
"525","J","1003","取得時換算レート"
"800","3","2002","평균환율"
"900","S","1001","T/C en fecha clave"
"460","E","G","Standard translation at bank buying rate"
"800","3","2003","이력환율"
"516","J","1004","前年度換算レート"
"900","S","1002","Cotización media"
"525","J","1004","前年度換算レート"
"460","E","M","Standard translation at average rate"
"900","S","1003","T/C histórico"
"516","J","200*","参照値 = グループ値"
"800","3","2004","현재환율 이전연도"
"525","J","200*","参照値 = グループ値"
"460","E","P","Standard translation for cost planning"
"516","J","2001","現換算レート"
"900","S","1004","T/C en fecha clave ej.ant."
"525","J","2001","現換算レート"
"460","F","1001","Cours de réf."
"800","3","B","은행매각율의 표준환산"
"900","S","1011","T/C en fecha clave"
"460","F","1002","Cours moyen"
"800","3","EURO","EMU 규칙\, 고정환율"
"900","S","1012","Cotización media"
"525","J","2002","平均換算レート"
"460","F","1003","Cours historique"
"900","S","1013","T/C histórico"
"800","3","EURX","EMU 규칙\, 변동환율"
"525","J","2003","取得時換算レート"
"460","F","1004","Taux au jr arr.cpt. de l'ex. précédent"
"900","S","1014","T/C en fecha clave ej.ant."
"800","3","G","은행매입율의 표준환산"
"525","J","2004","前年度換算レート"
"460","F","2001","Cours de réf."
"900","S","200*","Vl.ref.=Vl.mon.ámb.consolidac."
"800","3","I","Intrastat 환율유형"
"460","F","2002","Cours moyen"
"525","J","B","電信売買売値"
"900","S","2001","T/C en fecha clave"
"460","F","2003","Cours historique"
"525","J","EURO","EMU 標準換算"
"800","3","M","평균환율의 표준환산"
"900","S","2002","Cotización media"
"460","F","2004","Taux au jr arr.cpt. de l'ex. précédent"
"525","J","EURX","EMU 規定 変動換算レート"
"900","S","2003","T/C histórico"
"800","3","P","원가계획의 표준환산"
"460","F","B","conversion standard au cours VENTE"
"525","J","G","電信売買買値"
"800","C","100*","Refer.hodnota = hodnota okruhu"
"900","S","2004","T/C en fecha clave ej.ant."
"460","F","EURO","Conversion standard pour UEM"
"525","J","I","域内取引換算レートタイプ"
"800","C","1001","Kurz rozhodného dne"
"900","S","2011","T/C en fecha clave"
"460","F","G","conversion standard au cours ACHAT"
"525","J","M","電信売買仲値"
"800","C","1002","Průměrný kurz"
"900","S","2012","Cotización media"
"460","F","M","conversion standard au cours MOYEN"
"800","C","1003","Historický kurz"
"900","S","2013","T/C histórico"
"525","J","P","原価計画用標準標準換算レート"
"460","F","P","Conv. standard pr la budgét. des coûts"
"800","C","1004","Kurz rozh.dne minulého roku"
"900","S","2014","T/C en fecha clave ej.ant."
"525","P","100*","Valor de referência = valor de área"
"800","C","200*","Refer.hodnota = hodnota okruhu"
"525","P","1001","Câmbio a data fixa"
"460","J","100*","参照値 = グループ値"
"900","S","B","Conversión normal según T/C vendedor"
"800","C","2001","Kurz rozhodného dne"
"525","P","1002","Câmbio médio"
"460","J","1001","現換算レート"
"900","S","EURB","UME: Conversión demanda/oferta"
"525","P","1003","Câmbio histórico"
"800","C","2002","Průměrný kurz"
"460","J","1002","平均換算レート"
"900","S","EURG","UME: Conversión demanda/oferta"
"107","N","EURO","EMU-voorschrift\, vaste koersen"
"800","C","2003","Historický kurz"
"460","J","1003","取得時換算レート"
"900","S","EURO","UME: Método de conversión"
"525","P","1004","Câmbio a data fixa do ano precedente"
"800","C","2004","Kurz rozh.dne minulého roku"
"460","J","1004","前年度換算レート"
"107","N","EURX","EMU-voorschrift\, variabele koersen"
"900","S","EURX","UME: Método de conversión no participa"
"525","P","200*","Valor de referência = valor de área"
"800","C","B","Standard.přepočet k prodejnímu kurzu"
"460","J","200*","参照値 = グループ値"
"107","N","G","Standaardomrekening tegen chartale koers"
"525","P","2001","Câmbio a data fixa"
"900","S","G","Conversión normal según T/C comprador"
"460","J","2001","現換算レート"
"107","N","I","Koerstype Intrastat"
"525","P","2002","Câmbio médio"
"800","C","EURO","Předpis EMU\, fixní kurzy"
"900","S","I","Tipo de cotización IntraStat"
"525","P","2003","Câmbio histórico"
"107","N","M","Standaardomrekening tegen middenkoers"
"800","C","EURX","Předpis EMU\, variabilní kurzy"
"900","S","INT","Tasa de compensación interna"
"525","P","2004","Câmbio a data fixa do ano precedente"
"107","N","P","Standaardomrekening voor kostenplanning"
"800","C","G","Standard.přepočet k bank.nákup.kurzu"
"900","S","M","Conversión normal según T/C estándar"
"460","J","2002","平均換算レート"
"525","P","B","Conversão standard com câmbio de venda"
"107","O","100*","Referanseverdi = gruppeverdi"
"800","C","GTSC","Typ kurzu GTS - celní řízení"
"900","S","P","Conversión estándar para planif.costes"
"460","J","2003","取得時換算レート"
"525","P","EURO","Conversão standard para UME"
"800","C","I","Typ kurzu IntraStat"
"107","O","1001","Kurs for referansedato"
"900","T","100*","Referans değer = Grup değeri"
"460","J","2004","前年度換算レート"
"525","P","G","Conversão standard com câmbio de compra"
"800","C","M","Standard.přepočet ke kurzu střed"
"107","O","1002","Gjennomsnittskurs"
"900","T","1001","Anahtar tarih kuru"
"460","J","B","電信売買売値"
"525","P","I","Categoria de taxa de câmbio IntraStat"
"460","J","EURO","EMU 標準換算"
"900","T","1002","Ortalama kur"
"800","C","P","Standard.přepočet pro plánování nákladů"
"107","O","1003","Historisk kurs"
"525","P","M","Conversão standard com câmbio médio"
"900","T","1003","Tarihsel kur"
"800","D","001","Stichtagskurs"
"107","O","1004","Kurs for ref.dato\, forrige år"
"460","J","EURX","EMU 規定 変動換算レート"
"800","D","0011","Stichtagskurs"
"525","P","P","Conversão standard p/planejamento custos"
"900","T","1004","Önceki yılın anahtar tarih kuru"
"460","J","G","電信売買買値"
"107","O","200*","Referanseverdi = gruppeverdi"
"800","D","001D","Stichtagskurs"
"525","S","1001","T/C en fecha clave"
"900","T","200*","Referans değer = Grup değeri"
"460","J","I","域内取引換算レートタイプ"
"107","O","2001","Kurs for referansedato"
"800","D","0021","Stichtagskurs"
"525","S","1002","T/C estándar"
"900","T","2001","Anahtar tarih kuru"
"460","J","M","電信売買仲値"
"525","S","1003","T/C histórico"
"107","O","2002","Gjennomsnittskurs"
"800","D","0022","Durchschnittskurs"
"900","T","2002","Ortalama kur"
"460","J","P","原価計画用標準標準換算レート"
"107","O","2003","Historisk kurs"
"800","D","1001","Stichtagskurs"
"900","T","2003","Tarihsel kur"
"525","S","1004","T/C en fecha clave ej.ant."
"460","P","1001","Câmbio a data fixa"
"800","D","1002","Durchschnittskurs"
"107","O","2004","Kurs for ref.dato\, forrige år"
"525","S","2001","T/C en fecha clave"
"460","P","1002","Câmbio médio"
"900","T","2004","Önceki yılın anahtar tarih kuru"
"800","D","1003","Historischer Kurs"
"525","S","2002","T/C estándar"
"107","O","B","Standardomregning for selgerkurs"
"460","P","1003","Câmbio histórico"
"800","D","1004","Stichtagskurs des Vorjahres"
"900","T","B","Satış kuru için standart çeviri"
"525","S","2003","T/C histórico"
"107","O","EURO","ØMU-forskr.\, faste kurser"
"460","P","1004","Câmbio a data fixa do ano precedente"
"800","D","1005","Stichtagskurs Consolidation"
"525","S","2004","T/C en fecha clave ej.ant."
"900","T","EURO","APB talimatı\, kuru sabitle"
"107","O","EURX","ØMU-forskrift\, variable kurser"
"460","P","2001","Câmbio a data fixa"
"800","D","1006","Durchschnittskurs Cons."
"525","S","B","Conversión normal según T/C vendedor"
"460","P","2002","Câmbio médio"
"800","D","1011","Stichtagskurs"
"900","T","EURX","APB talimatı\, değişken kur"
"107","O","G","Standardomregning for kjøperkurs"
"460","P","2003","Câmbio histórico"
"525","S","EURO","Conversión estándar para UME"
"800","D","1012","Durchschnittskurs"
"900","T","G","Alış kuru için standart çeviri"
"107","O","I","Kurstype - intrastat"
"525","S","G","Conversión normal según T/C comprador"
"800","D","1013","Historischer Kurs"
"460","P","2004","Câmbio a data fixa do ano precedente"
"900","T","I","IntraStat kurtipi"
"525","S","M","Conversión normal según T/C estándar"
"900","T","M","Ortalama kur için standart çeviri"
"460","P","B","Conversão standard com câmbio de venda"
"800","D","1014","Stichtagskurs des Vorjahres"
"107","O","M","Standardomregning for gjennomsnittskurs"
"525","S","P","Conversión estándar para planif. costes"
"800","D","2001","Stichtagskurs"
"900","T","P","Masraf planlaması için standart çeviri"
"460","P","EURO","Conversão standard para UME"
"526","D","100*","Referenzwert = Kreiswert"
"107","O","P","Standardomregning for kostnadsbudsjett"
"800","D","2002","Durchschnittskurs"
"900","U","100*","Viitearvo = alueen arvo"
"460","P","G","Conversão standard com câmbio de compra"
"526","D","1001","Stichtagskurs"
"800","D","2003","Historischer Kurs"
"107","P","100*","Valor de referência = valor de área"
"900","U","1001","Määräpäivän kurssi"
"526","D","1002","Durchschnittskurs"
"460","P","M","Conversão standard com câmbio médio"
"107","P","1001","Câmbio a data fixa"
"800","D","2004","Stichtagskurs des Vorjahres"
"900","U","1002","Keskikurssi"
"526","D","1003","Historischer Kurs"
"107","P","1002","Câmbio médio"
"800","D","2011","Stichtagskurs"
"460","P","P","Conversão standard p/planejamento custos"
"526","D","1004","Stichtagskurs des Vorjahres"
"107","P","1003","Câmbio histórico"
"900","U","1003","Historiallinen kurssi"
"460","S","1001","T/C en fecha clave"
"800","D","2012","Durchschnittskurs"
"526","D","200*","Referenzwert = Kreiswert"
"460","S","1002","T/C estándar"
"800","D","2013","Historischer Kurs"
"900","U","1004","Edellisen vuoden määräpäiväkurssi"
"107","P","1004","Câmbio a data fixa do ano precedente"
"460","S","1003","T/C histórico"
"526","D","2001","Stichtagskurs"
"900","U","200*","Viitearvo = alueen arvo"
"800","D","2014","Stichtagskurs des Vorjahres"
"526","D","2002","Durchschnittskurs"
"460","S","1004","T/C en fecha clave ej.ant."
"107","P","200*","Valor de referência = valor de área"
"460","S","2001","T/C en fecha clave"
"526","D","2003","Historischer Kurs"
"900","U","2001","Määräpäivän kurssi"
"800","D","B","Standardumrechnung zum Briefkurs"
"460","S","2002","T/C estándar"
"107","P","2001","Câmbio a data fixa"
"526","D","2004","Stichtagskurs des Vorjahres"
"900","U","2002","Keskikurssi"
"460","S","2003","T/C histórico"
"800","D","EURB","EWU - Umrechnung Geld/Brief"
"107","P","2002","Câmbio médio"
"526","D","B","Standardumrechnung zum Briefkurs"
"900","U","2003","Historiallinen kurssi"
"107","P","2003","Câmbio histórico"
"800","D","EURG","EWU - Umrechnung Geld/Brief"
"460","S","2004","T/C en fecha clave ej.ant."
"526","D","EURO","EWU-Vorschrift\, fixe Kurse"
"900","U","2004","Edellisen vuoden määräpäiväkurssi"
"800","D","EURO","EWU - Umrechnungsmethode"
"460","S","B","Conversión normal según T/C vendedor"
"107","P","2004","Câmbio a data fixa do ano precedente"
"526","D","EURX","EWU-Vorschrift\, variable Kurse"
"900","U","B","Vakiomuunto - myyntikurssi"
"800","D","EURX","EWU - Umrechnungsmethode nicht Teilnehme"
"460","S","EURO","Conversión estándar para UME"
"107","P","B","Conversão standard com câmbio de venda"
"526","D","G","Standardumrechnung zum Geldkurs"
"900","U","EURO","EMU-säädös\, kiint. kurssit"
"800","D","G","Standardumrechnung zum Geldkurs"
"526","D","I","Kurstyp IntraStat"
"460","S","G","Conversión normal según T/C comprador"
"107","P","CNTX","Conversão standard com câmbio médio"
"900","U","EURX","EMU-säädös\, muuttuvat kurssit"
"526","D","M","Standardumrechnung zum Mittelkurs"
"800","D","ICBP","IHC primäre Briefkurse"
"900","U","G","Vakiomuunto - ostokurssi"
"107","P","EURO","Norma UME\, taxas de câmbio fixas"
"460","S","M","Conversión normal según T/C estándar"
"526","D","P","Standardumrechnung für die Kostenplanung"
"800","D","ICBS","IHC sekundäre Briefkurse"
"900","U","I","Kurssityyppi IntraStat"
"460","S","P","Conversión estándar para planif. costes"
"107","P","EURX","Norma UME\, taxas de câmbio variáveis"
"526","E","100*","Reference value = group value"
"900","U","M","Vakiomuunto - keskikurssi"
"800","D","ICGP","IHC primäre Geldkurse"
"526","E","1001","Current exchange rate"
"460","V","100*","Referensvärde = KO-val.värde"
"900","U","P","Vakiomuunto kustannussuunnittelua varten"
"107","P","G","Conversão standard com câmbio de compra"
"800","D","ICGS","IHC sekundäre Geldkurse"
"460","V","1001","Kurs för referensdag"
"526","E","1002","Average exchange rate"
"107","P","I","Categoria de taxa de câmbio IntraStat"
"900","V","100*","Referensvärde = KO-val.värde"
"800","D","ICMP","IHC primärer Mittelkurs"
"460","V","1002","Genomsnittskurs"
"526","E","1003","Historical exchange rate"
"460","V","1003","Historisk kurs"
"107","P","M","Conversão standard com câmbio médio"
"900","V","1001","Kurs för referensdag"
"800","D","ICMS","IHC sekundärer Mittelkurs"
"526","E","1004","Current exch. rate prior year"
"107","P","P","Conversão standard p/planejamento custos"
"460","V","1004","Kurs för referensdag föreg.år"
"800","D","INT","Interner Verrechnungskurs"
"900","V","1002","Genomsnittskurs"
"526","E","200*","Reference value = group value"
"460","V","200*","Referensvärde = KO-val.värde"
"107","Q","100*","Refer.hodnota = hodnota okruhu"
"900","V","1003","Historisk kurs"
"800","D","M","Standardumrechnung zum Mittelkurs"
"107","Q","1001","Kurz k rozhod.dňu"
"460","V","2001","Kurs för referensdag"
"526","E","2001","Current exchange rate"
"900","V","1004","Kurs för referensdag föreg.år"
"800","D","P","Standardumrechnung für die Kostenplanung"
"107","Q","1002","Priemerný kurz"
"460","V","2002","Genomsnittskurs"
"800","E","001","Current exchange rate"
"900","V","200*","Referensvärde = KO-val.värde"
"526","E","2002","Average exchange rate"
"460","V","2003","Historisk kurs"
"107","Q","1003","Historický kurz"
"800","E","0011","Current exchange rate"
"900","V","2001","Kurs för referensdag"
"526","E","2003","Historical exchange rate"
"800","E","001D","Current exchange rate"
"107","Q","1004","Kurz k rozh.dňu minulého roka"
"460","V","2004","Kurs för referensdag föreg.år"
"900","V","2002","Genomsnittskurs"
"526","E","2004","Current exch. rate prior year"
"800","E","0021","Current exchange rate"
"900","V","2003","Historisk kurs"
"107","Q","200*","Refer.hodnota = hodnota okruhu"
"460","V","B","Standardomräkning (säljkurs)"
"526","E","B","Standard translation at bk.selling rate"
"800","E","0022","Average exchange rate"
"460","V","EURO","EMU-regel\, fasta kurser"
"900","V","2004","Kurs för referensdag föreg.år"
"107","Q","2001","Kurz k rozhod.dňu"
"526","E","EURO","EMU regulation\, fixed exchange rates"
"800","E","100*","Reference value = group value"
"107","Q","2002","Priemerný kurz"
"900","V","B","Standardomräkning (säljkurs)"
"460","V","EURX","EMU-regel\, variabla kurser"
"526","E","EURX","EMU regulation\, variable exchange rates"
"107","Q","2003","Historický kurz"
"800","E","1001","Current exchange rate"
"900","V","EURO","EMU-regel\, fasta kurser"
"460","V","G","Standardomräkning (köpkurs)"
"526","E","G","Standard translation at bank buying rate"
"800","E","1002","Average exchange rate"
"460","V","I","Kurskategori IntraStat"
"107","Q","2004","Kurz k rozh.dňu minulého roka"
"900","V","EURX","EMU-regel\, variabla kurser"
"526","E","I","Intrastat exchange rate type"
"800","E","1003","Historical rate"
"460","V","M","Standardomräkning (genomsnittskurs)"
"900","V","G","Standardomräkning (köpkurs)"
"107","Q","B","Štandardný prepočet za predajný kurz"
"526","E","M","Standard translation at average rate"
"800","E","1004","Current exch. rate prior year"
"900","V","I","Kurskategori IntraStat"
"107","Q","EURO","Predpis EMÚ\, pevné kurzy"
"460","V","P","Standardomräkning för kostn.planeringen"
"800","E","1011","Current exchange rate"
"526","E","P","Standard translation for cost planning"
"900","V","M","Standardomräkning (genomsnittskurs)"
"500","D","1001","Stichtagskurs"
"800","E","1012","Average rate"
"107","Q","EURX","Predpis EMÚ\, variabilné kurzy"
"500","D","1002","Durchschnittskurs"
"526","F","100*","Val. réf. = montants en devise périmètre"
"900","V","P","Standardomräkning för kostn.planeringen"
"800","E","1013","Historical rate"
"500","D","1003","Historischer Kurs"
"107","Q","G","Štandardný prepočet za bank.nákup.kurz"
"526","F","1001","Cours du jour (de référence)"
"900","Z","001","Current exchange rate"
"526","F","1002","Cours moyen"
"800","E","1014","Rate on key date in previous year"
"500","D","1004","Stichtagskurs des Vorjahres"
"900","Z","0011","Current exchange rate"
"107","Q","I","Typ kurzu IntraStat"
"526","F","1003","Cours historique"
"500","D","1011","Stichtagskurs"
"900","Z","001D","Current exchange rate"
"107","Q","M","Štandardný prepočet za kurz stredu"
"500","D","1012","Durchschnittskurs"
"526","F","1004","Cours du jour de l'exercice précédent"
"800","E","200*","Reference value = group value"
"900","Z","0021","Current exchange rate"
"500","D","1013","Historischer Kurs"
"107","Q","P","Štandard.prepočet pre plánovanie náklado"
"526","F","200*","Val. réf. = montants en devise périmètre"
"800","E","2001","Current exchange rate"
"900","Z","0022","Average exchange rate"
"500","D","1014","Stichtagskurs des Vorjahres"
"526","F","2001","Cours du jour (de référence)"
"107","R","100*","СсылЗначение = значение в валюте ГКК"
"800","E","2002","Average exchange rate"
"500","D","2001","Stichtagskurs"
"900","Z","100*","Reference value = group value"
"526","F","2002","Cours moyen"
"107","R","1001","Курс на отчетную дату"
"500","D","2002","Durchschnittskurs"
"800","E","2003","Historical exchange rate"
"900","Z","1001","Current exchange rate"
"526","F","2003","Cours historique"
"107","R","1002","Средний курс"
"500","D","2003","Historischer Kurs"
"800","E","2004","Current exch. rate prior year"
"900","Z","1002","Average rate"
"500","D","2004","Stichtagskurs des Vorjahres"
"526","F","2004","Cours du jour de l'exercice précédent"
"107","R","1003","Исторический курс"
"800","E","2011","Current exchange rate"
"900","Z","1003","Historical rate"
"500","D","2011","Stichtagskurs"
"526","F","B","conversion standard au cours VENTE"
"800","E","2012","Average rate"
"500","D","2012","Durchschnittskurs"
"900","Z","1004","Rate on key date in previous year"
"800","E","2013","Historical rate"
"526","F","EURO","Règle UEM\, cours fixes"
"107","R","1004","Курс на отчётную дату предыдущего года"
"500","D","2013","Historischer Kurs"
"900","Z","1011","Current exchange rate"
"526","F","EURX","Règles UEM\, cours variables"
"800","E","2014","Rate on key date in previous year"
"900","Z","1012","Average rate"
"500","D","2014","Stichtagskurs des Vorjahres"
"107","R","200*","СсылЗначение = значение в валюте ГКК"
"526","F","G","conversion standard au cours ACHAT"
"900","Z","1013","Historical rate"
"800","E","B","Standard translation at bk.selling rate"
"500","D","B","Standardumrechnung zum Briefkurs"
"526","F","I","Type de cours IntraStat"
"107","R","2001","Курс на отчетную дату"
"900","Z","1014","Rate on key date in previous year"
"800","E","EURB","EMU - Conversion Cash/Letter"
"500","D","G","Standardumrechnung zum Geldkurs"
"107","R","2002","Средний курс"
"526","F","M","conversion standard au cours MOYEN"
"900","Z","200*","Reference value = group value"
"800","E","EURG","EMU - Conversion Cash/Letter"
"500","D","M","Standardumrechnung zum Mittelkurs"
"526","F","P","Conv. standard pr la budgét. des coûts"
"900","Z","2001","Current exchange rate"
"107","R","2003","Исторический курс"
"800","E","EURO","EMU regulation\, fixed exchange rates"
"500","D","P","Standardumrechnung für die Kostenplanung"
"900","Z","2002","Average rate"
"526","J","100*","参照値 = グループ値"
"500","E","1001","Rate on key date"
"800","E","EURX","EMU regulation\, variable exchange rates"
"900","Z","2003","Historical rate"
"526","J","1001","現換算レート"
"500","E","1002","Average rate"
"107","R","2004","Курс на отчётную дату предыдущего года"
"800","E","G","Standard translation at bank buying rate"
"900","Z","2004","Rate on key date in previous year"
"500","E","1003","Historical rate"
"526","J","1002","平均換算レート"
"800","E","I","Intrastat exchange rate type"
"500","E","1004","Rate on key date in previous year"
"107","R","B","Станд. пересчет по курсу продавца"
"900","Z","2011","Current exchange rate"
"526","J","1003","取得時換算レート"
"500","E","1011","Rate on key date"
"800","E","INT","Internal clearing exchange rate"
"900","Z","2012","Average rate"
"107","R","EURO","Правило ЕВС\, фикс. курсы"
"526","J","1004","前年度換算レート"
"500","E","1012","Average rate"
"900","Z","2013","Historical rate"
"800","E","M","Standard translation at average rate"
"500","E","1013","Historical rate"
"526","J","200*","参照値 = グループ値"
"107","R","EURX","Правило ЕВС\, переменные курсы"
"900","Z","2014","Rate on key date in previous year"
"500","E","1014","Rate on key date in previous year"
"526","J","2001","現換算レート"
"800","E","P","Standard translation for cost planning"
"900","Z","B","Standard conversion at bank selling rate"
"500","E","2001","Rate on key date"
"107","R","G","Станд. пересчет по курсу покупателя"
"526","J","2002","平均換算レート"
"500","E","2002","Average rate"
"900","Z","EURB","EMU - Conversion Cash/Letter"
"800","F","001","Cours du jour (de référence)"
"107","R","I","Тип курса: ИНТРАСТАТ"
"500","E","2003","Historical rate"
"526","J","2003","取得時換算レート"
"900","Z","EURG","EMU - Conversion Cash/Letter"
"800","F","0011","Cours du jour (de référence)"
"107","R","M","СтандПересчет по средневзвешенному курсу"
"500","E","2004","Rate on key date in previous year"
"526","J","2004","前年度換算レート"
"900","Z","EURO","EMU - Conversion method"
"800","F","001D","Cours du jour (de référence)"
"500","E","2011","Rate on key date"
"526","J","B","電信売買売値"
"900","Z","EURX","EWU - Conversion method not participant"
"107","R","P","СтандартПересчет для планирования затрат"
"500","E","2012","Average rate"
"800","F","0021","Cours du jour (de référence)"
"526","J","EURO","EMU 規定 固定換算レート"
"900","Z","G","Standard translation at bank buying rate"
"800","F","0022","Cours moyen"
"500","E","2013","Historical rate"
"107","S","100*","Vl.ref.=Vl.mon.ámb.consolidac."
"526","J","EURX","EMU 規定 変動換算レート"
"900","Z","I","Intrastat exchange rate type"
"107","S","1001","T/C en fecha clave"
"500","E","2014","Rate on key date in previous year"
"526","J","G","電信売買買値"
"800","F","100*","Val. réf. = montants en devise périmètre"
"900","Z","INT","Internal clearing exchange rate"
"107","S","1002","Cotización media"
"500","E","B","Standard conversion at bank selling rate"
"800","F","1001","Cours du jour (de référence)"
"526","J","I","域内取引換算レートタイプ"
"900","Z","M","Standard translation at average rate"
"107","S","1003","T/C histórico"
"500","E","EURO","Standard translation for EMU"
"526","J","M","電信売買仲値"
"800","F","1002","Cours moyen"
"900","Z","P","Standard translation for cost planning"
"107","S","1004","T/C en fecha clave ej.ant."
"500","E","G","Standard translation at bank buying rate"
"800","F","1003","Cours historique"
"526","J","P","原価計画用標準標準換算レート"
"800","E","EZB","EZB rates EUR"
"107","S","200*","Vl.ref.=Vl.mon.ámb.consolidac."
"500","E","M","Standard translation at average rate"
"526","P","100*","Valor de referência = valor de área"
"800","F","1004","Cours du jour de l'exercice précédent"
"500","E","P","Standard translation for cost planning"
"526","P","1001","Câmbio a data fixa"
"500","F","1001","Cours du jour"
"800","F","1011","Cours du jour (de référence)"
"500","F","1002","Cours moyen"
"526","P","1002","Câmbio médio"
"800","F","1012","Cours moyen"
"500","F","1003","Cours historique"
"526","P","1003","Câmbio histórico"
"800","F","1013","Cours historique"
"500","F","1004","Cours du jour de l'année précédente"
"103","J","EURX","EMU 規定 変動換算レート"
"526","P","1004","Câmbio a data fixa do ano precedente"
"800","F","1014","Cours du jour de l'exercice précédent"
"500","F","1011","Cours du jour"
"103","J","G","電信売買買値"
"500","F","1012","Cours moyen"
"526","P","200*","Valor de referência = valor de área"
"800","F","200*","Val. réf. = montants en devise périmètre"
"103","J","I","域内取引換算レートタイプ"
"500","F","1013","Cours historique"
"526","P","2001","Câmbio a data fixa"
"103","J","M","電信売買仲値"
"800","F","2001","Cours du jour (de référence)"
"500","F","1014","Cours du jour de l'année précédente"
"526","P","2002","Câmbio médio"
"500","F","2001","Cours de réf."
"103","J","P","原価計画用標準標準換算レート"
"526","P","2003","Câmbio histórico"
"800","F","2002","Cours moyen"
"500","F","2002","Cours moyen"
"800","F","2003","Cours historique"
"526","P","2004","Câmbio a data fixa do ano precedente"
"500","F","2003","Cours historique"
"103","L","100*","Wartość referencyjna = wartość grupy"
"800","F","2004","Cours du jour de l'exercice précédent"
"103","L","1001","Kurs na dzień"
"526","P","B","Conversão standard com câmbio de venda"
"500","F","2004","Taux au jr arr.cpt. de l'ex. précédent"
"103","L","1002","Średni kurs waluty"
"800","F","2011","Cours du jour (de référence)"
"500","F","B","Conversion standard au cours 'vente'"
"526","P","EURO","Norma UME\, taxas de câmbio fixas"
"103","L","1003","Historyczny kurs waluty"
"800","F","2012","Cours moyen"
"500","F","EURO","Conversion standard pour UEM"
"800","F","2013","Cours historique"
"103","L","1004","Kurs określonego dnia z roku poprz."
"500","F","G","Conversion standard au cours 'achat'"
"526","P","EURX","Norma UME\, taxas de câmbio variáveis"
"103","L","200*","Wartość referencyjna = wartość grupy"
"800","F","2014","Cours du jour de l'exercice précédent"
"103","L","2001","Kurs na dzień"
"500","F","M","Conversion standard au cours moyen"
"526","P","G","Conversão standard com câmbio de compra"
"800","F","B","Conversion standard au cours \"vente\""
"103","L","2002","Średni kurs waluty"
"500","F","P","Conversion standard pour planif. coûts"
"800","F","EURB","UEM - Conversion achat/vente"
"103","L","2003","Historyczny kurs waluty"
"500","J","100*","参照値 = グループ値"
"526","P","I","Categoria de taxa de câmbio IntraStat"
"800","F","EURG","UEM - Conversion achat/vente"
"500","J","1001","現換算レート"
"103","L","2004","Kurs określonego dnia z roku poprz."
"526","P","M","Conversão standard com câmbio médio"
"500","J","1002","平均換算レート"
"800","F","EURO","UME - Méthode de conversion"
"103","L","B","Przeliczenie stand. po kursie sprzedaży"
"526","P","P","Conversão standard p/planejamento custos"
"500","J","1003","取得時換算レート"
"103","L","EURO","Przepis EMU\, kursy stałe"
"800","F","EURX","UEM - Méthode conversion non particip."
"526","S","100*","Vl.ref.=Vl.mon.ámb.consolidac."
"103","L","EURX","Przepis EMU\, kursy zmienne"
"500","J","1004","前年度換算レート"
"800","F","G","Conversion standard au cours 'achat'"
"526","S","1001","T/C en fecha clave"
"500","J","200*","参照値 = グループ値"
"103","L","G","Przeliczenie stand. po kursie zakupu"
"800","F","I","Type de cours IntraStat"
"526","S","1002","Cotización media"
"500","J","2001","現換算レート"
"103","L","I","Typ kursu IntraStat"
"526","S","1003","T/C histórico"
"800","F","INT","Taux de conversion interne"
"500","J","2002","平均換算レート"
"103","L","M","Przeliczenie stand. po kursie średnim"
"526","S","1004","T/C en fecha clave ej.ant."
"800","F","M","Conversion standard au cours moyen"
"500","J","2003","取得時換算レート"
"103","L","P","Przeliczenie stand. do plan. kosztów"
"800","F","P","Conversion standard pour planif. coûts"
"103","M","100*","參考值 = 集團值"
"526","S","200*","Vl.ref.=Vl.mon.ámb.consolidac."
"500","J","2004","前年度換算レート"
"500","J","B","電信売買売値"
"800","H","100*","Referenciaérték = kör értéke"
"526","S","2001","T/C en fecha clave"
"103","M","1001","現行匯率"
"500","J","EURO","EMU 標準換算"
"800","H","1001","Határnapi árfolyam"
"103","M","1002","平均匯率"
"526","S","2002","Cotización media"
"103","M","1003","歷史匯率"
"800","H","1002","Átlagárfolyam"
"500","J","EURX","EMU 規定 変動換算レート"
"526","S","2003","T/C histórico"
"103","M","1004","前一年現行匯率"
"500","J","G","電信売買買値"
"526","S","2004","T/C en fecha clave ej.ant."
"800","H","1003","Történeti árfolyam"
"103","M","200*","參考值 = 集團值"
"500","J","I","域内取引換算レートタイプ"
"103","M","2001","現行匯率"
"800","H","1004","Előző év határnapi árfolyama"
"526","S","B","Conversión normal según T/C vendedor"
"500","J","M","電信売買仲値"
"103","M","2002","平均匯率"
"800","H","200*","Referenciaérték = kör értéke"
"500","J","P","原価計画用標準標準換算レート"
"103","M","2003","歷史匯率"
"526","S","EURO","Norma UME\, tipo de cambio fijo"
"500","P","1001","Câmbio a data fixa"
"800","H","2001","Határnapi árfolyam"
"103","M","2004","前一年現行匯率"
"500","P","1002","Câmbio médio"
"526","S","EURX","Nomra UME\, tipo de cambio variable"
"103","M","B","銀行賣出匯率的標準換算"
"800","H","2002","Átlagárfolyam"
"500","P","1003","Câmbio histórico"
"526","S","G","Conversión normal según T/C comprador"
"103","M","EURO","EMU 規定；固定匯率"
"800","H","2003","Történeti árfolyam"
"500","P","1004","Câmbio a data fixa do ano precedente"
"526","S","I","Tipo de cotización IntraStat"
"103","M","EURX","EMU 規定；變動匯率"
"500","P","2001","Câmbio a data fixa"
"800","H","2004","Előző év határnapi árfolyama"
"526","S","M","Conversión normal según T/C estándar"
"500","P","2002","Câmbio médio"
"103","M","G","銀行買入匯率的標準換算"
"526","S","P","Conversión estándar para planif.costes"
"800","H","B","Standard átszámítás eladási árfolyamon"
"500","P","2003","Câmbio histórico"
"526","V","100*","Referensvärde = KO-val.värde"
"103","M","I","歐盟會員國匯率類型"
"500","P","2004","Câmbio a data fixa do ano precedente"
"800","H","EURO","EMU-előírás\, fix árfolyamok"
"103","M","M","平均匯率的標準匯率"
"526","V","1001","Kurs för referensdag"
"500","P","B","Conversão standard com câmbio de venda"
"800","H","EURX","EMU-előírás\, változó árfolyamok"
"103","M","P","成本計劃的標準換算"
"526","V","1002","Genomsnittskurs"
"500","P","EURO","Conversão standard para UME"
"800","H","G","Standard átszámítás vételi árfolyamon"
"526","V","1003","Historisk kurs"
"103","N","100*","Referentiewaarde = concernwaarde"
"500","P","G","Conversão standard com câmbio de compra"
"800","H","I","IntraStat árfolyamtípus"
"103","N","1001","Koers op balansdatum"
"526","V","1004","Kurs för referensdag föreg.år"
"500","P","M","Conversão standard com câmbio médio"
"103","N","1002","Gemiddelde koers"
"526","V","200*","Referensvärde = KO-val.värde"
"500","P","P","Conversão standard p/planejamento custos"
"103","N","1003","Historische koers"
"800","H","M","Standard átszámítás középárfolyamon"
"500","S","1001","T/C en fecha clave"
"526","V","2001","Kurs för referensdag"
"103","N","1004","Koers op balansdatum vorig jaar"
"500","S","1002","T/C estándar"
"800","H","P","Standard átszámítás költségtervezéshez"
"526","V","2002","Genomsnittskurs"
"103","N","200*","Referentiewaarde = concernwaarde"
"500","S","1003","T/C histórico"
"800","I","100*","Valore rif. = Valore cons."
"103","N","2001","Koers op balansdatum"
"526","V","2003","Historisk kurs"
"500","S","1004","T/C en fecha clave ej.ant."
"103","N","2002","Gemiddelde koers"
"500","S","2001","T/C en fecha clave"
"800","I","1001","Cambio alla data chius. es."
"526","V","2004","Kurs för referensdag föreg.år"
"103","N","2003","Historische koers"
"500","S","2002","T/C estándar"
"800","I","1002","Cambio medio"
"526","V","B","Standardomräkning (säljkurs)"
"500","S","2003","T/C histórico"
"103","N","2004","Koers op balansdatum vorig jaar"
"800","I","1003","Cambio storico"
"526","V","EURO","EMU-regel\, fasta kurser"
"500","S","2004","T/C en fecha clave ej.ant."
"800","I","1004","Cambio a data chius.es.preced."
"526","V","EURX","EMU-regel\, variabla kurser"
"103","N","B","Standaardomrekening tegen girale koers"
"500","S","B","Conversión normal según T/C vendedor"
"800","I","200*","Valore rif. = Valore cons."
"526","V","G","Standardomräkning (köpkurs)"
"500","S","EURO","Conversión estándar para UME"
"103","N","EURO","EMU-voorschrift\, vaste koersen"
"526","V","I","Kurskategori IntraStat"
"800","I","2001","Cambio alla data chius. es."
"500","S","G","Conversión normal según T/C comprador"
"103","N","EURX","EMU-voorschrift\, variabele koersen"
"526","V","M","Standardomräkning (genomsnittskurs)"
"800","I","2002","Cambio medio"
"500","S","M","Conversión normal según T/C estándar"
"103","N","G","Standaardomrekening tegen chartale koers"
"526","V","P","Standardomräkning för kostn.planeringen"
"800","I","2003","Cambio storico"
"103","N","I","Koerstype Intrastat"
"500","S","P","Conversión estándar para planif. costes"
"537","D","1001","Stichtagskurs"
"107","S","2001","T/C en fecha clave"
"502","D","1001","Stichtagskurs"
"800","I","2004","Cambio a data chius.es.preced."
"103","N","M","Standaardomrekening tegen middenkoers"
"107","S","2002","Cotización media"
"537","D","1002","Durchschnittskurs"
"502","D","1002","Durchschnittskurs"
"537","D","1003","Historischer Kurs"
"800","I","B","Conv. standard per cambio vendita"
"107","S","2003","T/C histórico"
"103","N","P","Standaardomrekening voor kostenplanning"
"502","D","1003","Historischer Kurs"
"537","D","1004","Stichtagskurs des Vorjahres"
"800","I","EURO","Norma UME\, cambi fissi"
"103","O","100*","Referanseverdi = gruppeverdi"
"502","D","1004","Stichtagskurs des Vorjahres"
"107","S","2004","T/C en fecha clave ej.ant."
"537","D","2001","Stichtagskurs"
"502","D","1011","Stichtagskurs"
"800","I","EURX","Norma UME\, cambi variabili"
"103","O","1001","Kurs for referansedato"
"537","D","2002","Durchschnittskurs"
"107","S","B","Conversión normal según T/C vendedor"
"502","D","1012","Durchschnittskurs"
"103","O","1002","Gjennomsnittskurs"
"537","D","2003","Historischer Kurs"
"502","D","1013","Historischer Kurs"
"800","I","G","Conv. standard per corso monetario"
"107","S","CNTX","Conversión normal según T/C estándar"
"103","O","1003","Historisk kurs"
"537","D","2004","Stichtagskurs des Vorjahres"
"800","I","I","Tipo di cambio IntraStat"
"107","S","EURO","Norma UME\, tipo de cambio fijo"
"502","D","1014","Stichtagskurs des Vorjahres"
"537","D","B","Standardumrechnung zum Briefkurs"
"103","O","1004","Kurs for ref.dato\, forrige år"
"502","D","2001","Stichtagskurs"
"107","S","EURX","Nomra UME\, tipo de cambio variable"
"537","D","EURO","Standardumrechnung für EWU"
"800","I","M","Conv. standard per cambio medio"
"502","D","2002","Durchschnittskurs"
"103","O","200*","Referanseverdi = gruppeverdi"
"537","D","G","Standardumrechnung zum Geldkurs"
"107","S","G","Conversión normal según T/C comprador"
"502","D","2003","Historischer Kurs"
"800","I","P","Conv. standard per pianif. dei costi"
"103","O","2001","Kurs for referansedato"
"537","D","M","Standardumrechnung zum Mittelkurs"
"107","S","I","Tipo de cotización IntraStat"
"502","D","2004","Stichtagskurs des Vorjahres"
"800","J","001","現換算レート"
"103","O","2002","Gjennomsnittskurs"
"537","D","P","Standardumrechnung für die Kostenplanung"
"502","D","2011","Stichtagskurs"
"107","S","M","Conversión normal según T/C estándar"
"800","J","0011","現換算レート"
"103","O","2003","Historisk kurs"
"502","D","2012","Durchschnittskurs"
"537","E","1001","Current exchange rate"
"800","J","0012","平均レート"
"107","S","P","Conversión estándar para planif.costes"
"103","O","2004","Kurs for ref.dato\, forrige år"
"502","D","2013","Historischer Kurs"
"800","J","0013","取得時レート"
"537","E","1002","Average exchange rate"
"107","T","100*","Referans değer = Grup değeri"
"502","D","2014","Stichtagskurs des Vorjahres"
"103","O","B","Standardomregning for selgerkurs"
"107","T","1001","Anahtar tarih kuru"
"800","J","0014","前年度基準日のレート"
"537","E","1003","Historical exchange rate"
"502","D","B","Standardumrechnung zum Briefkurs"
"107","T","1002","Ortalama kur"
"103","O","EURO","ØMU-forskr.\, faste kurser"
"537","E","1004","Current exch. rate prior year"
"800","J","001D","現換算レート"
"502","D","G","Standardumrechnung zum Geldkurs"
"107","T","1003","Tarihsel kur"
"103","O","EURX","ØMU-forskrift\, variable kurser"
"537","E","2001","Current exchange rate"
"502","D","M","Standardumrechnung zum Mittelkurs"
"800","J","0021","現換算レート"
"107","T","1004","Önceki yılın anahtar tarih kuru"
"537","E","2002","Average exchange rate"
"103","O","G","Standardomregning for kjøperkurs"
"800","J","0022","平均換算レート"
"502","D","P","Standardumrechnung für die Kostenplanung"
"103","O","I","Kurstype - intrastat"
"107","T","200*","Referans değer = Grup değeri"
"800","J","0023","取得時レート"
"537","E","2003","Historical exchange rate"
"502","E","1001","Rate on key date"
"107","T","2001","Anahtar tarih kuru"
"103","O","M","Standardomregning for gjennomsnittskurs"
"800","J","0024","前年度基準日のレート"
"502","E","1002","Average rate"
"107","T","2002","Ortalama kur"
"537","E","2004","Current exch. rate prior year"
"103","O","P","Standardomregning for kostnadsbudsjett"
"107","T","2003","Tarihsel kur"
"502","E","1003","Historical rate"
"800","J","100*","参照値 = グループ値"
"537","E","B","Standard translation at bk.selling rate"
"800","J","1001","現換算レート"
"103","P","100*","Valor de referência = valor de área"
"537","E","EURO","Standard translation for EMU"
"502","E","1004","Rate on key date in previous year"
"107","T","2004","Önceki yılın anahtar tarih kuru"
"800","J","1002","平均レート"
"103","P","1001","Câmbio a data fixa"
"502","E","1011","Rate on key date"
"537","E","G","Standard translation at bank buying rate"
"800","J","1003","取得時レート"
"502","E","1012","Average rate"
"103","P","1002","Câmbio médio"
"107","T","B","Satış kuru için standart çeviri"
"537","E","M","Standard translation at average rate"
"502","E","1013","Historical rate"
"103","P","1003","Câmbio histórico"
"800","J","1004","前年度基準日のレート"
"107","T","EURO","APB talimatı\, kuru sabitle"
"537","E","P","Standard translation for cost planning"
"800","J","1011","現換算レート"
"103","P","1004","Câmbio a data fixa do ano precedente"
"502","E","1014","Rate on key date in previous year"
"107","T","EURX","APB talimatı\, değişken kur"
"537","F","1001","Cours de réf."
"800","J","1012","平均レート"
"103","P","200*","Valor de referência = valor de área"
"537","F","1002","Cours moyen"
"107","T","G","Alış kuru için standart çeviri"
"800","J","1013","取得時レート"
"103","P","2001","Câmbio a data fixa"
"537","F","1003","Cours historique"
"107","T","I","IntraStat kurtipi"
"103","P","2002","Câmbio médio"
"800","J","1014","前年度基準日のレート"
"537","F","1004","Taux au jr arr.cpt. de l'ex. précédent"
"103","P","2003","Câmbio histórico"
"800","J","200*","参照値 = グループ値"
"107","T","M","Ortalama kur için standart çeviri"
"537","F","2001","Cours de réf."
"800","J","2001","現換算レート"
"103","P","2004","Câmbio a data fixa do ano precedente"
"537","F","2002","Cours moyen"
"107","T","P","Masraf planlaması için standart çeviri"
"800","J","2002","平均レート"
"103","P","B","Conversão standard com câmbio de venda"
"800","J","2003","取得時レート"
"537","F","2003","Cours historique"
"107","V","100*","Referensvärde = KO-val.värde"
"800","J","2004","前年度基準日のレート"
"107","V","1001","Kurs för referensdag"
"537","F","2004","Taux au jr arr.cpt. de l'ex. précédent"
"800","J","2011","現換算レート"
"107","V","1002","Genomsnittskurs"
"537","F","B","conversion standard au cours VENTE"
"800","J","2012","平均レート"
"107","V","1003","Historisk kurs"
"800","J","2013","取得時レート"
"537","F","EURO","Conversion standard pour UEM"
"107","V","1004","Kurs för referensdag föreg.år"
"800","J","2014","前年度基準日のレート"
"537","F","G","conversion standard au cours ACHAT"
"107","V","200*","Referensvärde = KO-val.värde"
"107","V","2001","Kurs för referensdag"
"800","J","B","標準換算 (電信売買売値)"
"537","F","M","conversion standard au cours MOYEN"
"107","V","2002","Genomsnittskurs"
"800","J","EURB","EMU - 換算資金/連絡文書"
"537","F","P","Conv. standard pr la budgét. des coûts"
"107","V","2003","Historisk kurs"
"800","J","EURG","EMU - 換算資金/連絡文書"
"537","J","100*","参照値 = グループ値"
"107","V","2004","Kurs för referensdag föreg.år"
"800","J","EURO","EMU - 換算方法"
"537","J","1001","現換算レート"
"107","V","B","Standardomräkning (säljkurs)"
"800","J","EURX","EWU - 換算方法無関係"
"537","J","1002","平均換算レート"
"800","J","G","電信売買買値"
"537","J","1003","取得時換算レート"
"107","V","EURO","EMU-regel\, fasta kurser"
"800","J","I","域内取引換算レートタイプ"
"537","J","1004","前年度換算レート"
"107","V","EURX","EMU-regel\, variabla kurser"
"800","J","INT","内部決済換算レート"
"537","J","200*","参照値 = グループ値"
"107","V","G","Standardomräkning (köpkurs)"
"800","J","M","電信売買仲値"
"537","J","2001","現換算レート"
"107","V","I","Kurskategori IntraStat"
"537","J","2002","平均換算レート"
"800","J","P","原価計画用標準標準換算レート"
"107","V","M","Standardomräkning (genomsnittskurs)"
"537","J","2003","取得時換算レート"
"800","K","100*","Referenceværdi = gruppeværdi"
"537","J","2004","前年度換算レート"
"107","V","P","Standardomräkning för kostn.planeringen"
"800","K","1001","Skæringsdagskurs"
"537","J","B","電信売買売値"
"800","K","1002","Middelkurs"
"108","1","100*","参考值 = 组值"
"537","J","EURO","EMU 標準換算"
"800","K","1003","Historisk kurs"
"108","1","1001","当前兑换率"
"537","J","EURX","EMU 規定 変動換算レート"
"537","J","G","電信売買買値"
"800","K","1004","Skæringsdagskurs\,foregående år"
"108","1","1002","平均兑换率"
"537","J","I","域内取引換算レートタイプ"
"800","K","200*","Referenceværdi = gruppeværdi"
"108","1","1003","历史兑换率"
"537","J","M","電信売買仲値"
"800","K","2001","Skæringsdagskurs"
"108","1","1004","前年的当前兑换率"
"800","K","2002","Middelkurs"
"537","J","P","原価計画用標準標準換算レート"
"108","1","200*","参考值 = 组值"
"537","P","1001","Câmbio a data fixa"
"800","K","2003","Historisk kurs"
"108","1","2001","当前兑换率"
"537","P","1002","Câmbio médio"
"108","1","2002","平均兑换率"
"800","K","2004","Skæringsdagskurs\,foregående år"
"537","P","1003","Câmbio histórico"
"108","1","2003","历史兑换率"
"537","P","1004","Câmbio a data fixa do ano precedente"
"800","K","B","Standardomregning til salgskurs"
"108","1","2004","前年的当前兑换率"
"537","P","2001","Câmbio a data fixa"
"800","K","EURO","ØMU-regel\, faste kurser"
"108","1","B","在银行卖出率下的标准兑换"
"537","P","2002","Câmbio médio"
"800","K","EURX","ØMU-regel\, variable kurser"
"537","P","2003","Câmbio histórico"
"108","1","EURO","EMU 规则，固定兑换率"
"800","K","G","Standardomregning til købskurs"
"108","1","EURX","EMU 规则，变化的兑换率"
"537","P","2004","Câmbio a data fixa do ano precedente"
"800","K","GTSC","GTS-kurstype toldbehandling"
"108","1","G","在银行买入率下的标准兑换"
"537","P","B","Conversão standard com câmbio de venda"
"000","1","100*","参考值 = 组值"
"800","K","I","Kurstype\, intrastat"
"108","1","I","州内的汇率类型"
"000","1","1001","当前兑换率"
"537","P","EURO","Conversão standard para UME"
"108","1","M","在平均比率下的标准兑换"
"800","K","M","Standardomregning til middelkurs"
"000","1","1002","平均兑换率"
"537","P","G","Conversão standard com câmbio de compra"
"108","1","P","对成本计划的标准换算"
"000","1","1003","历史兑换率"
"800","K","P","Standardomregning for omkostningsplanl."
"537","P","M","Conversão standard com câmbio médio"
"000","1","1004","前年的当前兑换率"
"108","3","100*","참조값 = 그룹값"
"537","P","P","Conversão standard p/planejamento custos"
"800","L","100*","Wartość referencyjna = wartość grupy"
"108","3","1001","현재환율"
"000","1","200*","参考值 = 组值"
"537","S","1001","T/C en fecha clave"
"000","1","2001","当前兑换率"
"108","3","1002","평균환율"
"800","L","1001","Kurs na dzień"
"537","S","1002","T/C estándar"
"000","1","2002","平均兑换率"
"800","L","1002","Średni kurs waluty"
"108","3","1003","이력환율"
"537","S","1003","T/C histórico"
"000","1","2003","历史兑换率"
"800","L","1003","Historyczny kurs waluty"
"537","S","1004","T/C en fecha clave ej.ant."
"108","3","1004","현재환율 이전연도"
"000","1","2004","前年的当前兑换率"
"800","L","1004","Kurs określonego dnia z roku poprz."
"537","S","2001","T/C en fecha clave"
"000","1","B","在银行卖出率下的标准兑换"
"537","S","2002","T/C estándar"
"108","3","200*","참조값 = 그룹값"
"800","L","200*","Wartość referencyjna = wartość grupy"
"108","3","2001","현재환율"
"537","S","2003","T/C histórico"
"000","1","EURO","EMU 规则，固定兑换率"
"800","L","2001","Kurs na dzień"
"108","3","2002","평균환율"
"537","S","2004","T/C en fecha clave ej.ant."
"800","L","2002","Średni kurs waluty"
"000","1","EURX","EMU 规则，变化的兑换率"
"108","3","2003","이력환율"
"537","S","B","Conversión normal según T/C vendedor"
"800","L","2003","Historyczny kurs waluty"
"000","1","G","在银行买入率下的标准兑换"
"108","3","2004","현재환율 이전연도"
"537","S","EURO","Conversión estándar para UME"
"800","L","2004","Kurs określonego dnia z roku poprz."
"108","3","B","은행매각율의 표준환산"
"000","1","GTSC","GTS 海关处理的贸易税率类型"
"537","S","G","Conversión normal según T/C comprador"
"000","1","I","州内的汇率类型"
"108","3","EURO","EMU 규칙\, 고정환율"
"537","S","M","Conversión normal según T/C estándar"
"800","L","B","Przeliczenie stand. po kursie sprzedaży"
"000","1","M","在平均比率下的标准兑换"
"108","3","EURX","EMU 규칙\, 변동환율"
"537","S","P","Conversión estándar para planif. costes"
"800","L","EURO","Przepis EMU\, kursy stałe"
"538","D","1001","Stichtagskurs"
"000","1","P","对成本计划的标准换算"
"108","3","G","은행매입율의 표준환산"
"538","D","1002","Durchschnittskurs"
"800","L","EURX","Przepis EMU\, kursy zmienne"
"108","3","I","Intrastat 환율유형"
"538","D","1003","Historischer Kurs"
"000","2","100*","มูลค่าอ้างอิง = มูลค่ากลุ่ม"
"800","L","G","Przeliczenie stand. po kursie zakupu"
"108","3","M","평균환율의 표준환산"
"538","D","1004","Stichtagskurs des Vorjahres"
"000","2","1001","อัตราแลกเปลี่ยนปัจจุบัน"
"800","L","I","Typ kursu IntraStat"
"538","D","2001","Stichtagskurs"
"108","3","P","원가계획의 표준환산"
"800","L","M","Przeliczenie stand. po kursie średnim"
"538","D","2002","Durchschnittskurs"
"000","2","1002","อัตราแลกเปลี่ยนเฉลี่ย"
"108","C","100*","Refer.hodnota = hodnota okruhu"
"538","D","2003","Historischer Kurs"
"800","L","P","Przeliczenie stand. do plan. kosztów"
"108","C","1001","Kurz rozhodného dne"
"000","2","1003","ประวัติอัตราแลกเปลี่ยน"
"538","D","2004","Stichtagskurs des Vorjahres"
"108","C","1002","Průměrný kurz"
"800","M","100*","參考值 = 集團值"
"108","C","1003","Historický kurz"
"800","M","1001","現行匯率"
"000","2","1004","อัตราแลกเปลี่ยนปัจจุบันเมื่อปีที่แล้ว"
"108","C","1004","Kurz rozh.dne minulého roku"
"800","M","1002","平均匯率"
"800","M","1003","歷史匯率"
"000","2","200*","มูลค่าอ้างอิง = มูลค่ากลุ่ม"
"108","C","200*","Refer.hodnota = hodnota okruhu"
"108","C","2001","Kurz rozhodného dne"
"800","M","1004","前一年現行匯率"
"108","C","2002","Průměrný kurz"
"000","2","2001","อัตราแลกเปลี่ยนปัจจุบัน"
"800","M","200*","參考值 = 集團值"
"108","C","2003","Historický kurz"
"800","M","2001","現行匯率"
"000","2","2002","อัตราแลกเปลี่ยนเฉลี่ย"
"108","C","2004","Kurz rozh.dne minulého roku"
"800","M","2002","平均匯率"
"108","C","B","Standard.přepočet k prodejnímu kurzu"
"000","2","2003","ประวัติอัตราแลกเปลี่ยน"
"800","M","2003","歷史匯率"
"108","C","EURO","Předpis EMU\, fixní kurzy"
"800","M","2004","前一年現行匯率"
"000","2","2004","อัตราแลกเปลี่ยนปัจจุบันเมื่อปีที่แล้ว"
"108","C","EURX","Předpis EMU\, variabilní kurzy"
"800","M","B","銀行賣出匯率的標準換算"
"108","C","G","Standard.přepočet k bank.nákup.kurzu"
"000","2","B","การแปลงมาตรฐานที่อัตราขายของธนาคาร"
"800","M","EURO","EMU 規定；固定匯率"
"108","C","I","Typ kurzu IntraStat"
"800","M","EURX","EMU 規定；變動匯率"
"108","C","M","Standard.přepočet ke kurzu střed"
"000","2","EURO","ข้อบังคับ EMU\,อัตราแลกเปลี่ยนคงที่"
"800","M","G","銀行買入匯率的標準換算"
"108","C","P","Standard.přepočet pro plánování nákladů"
"000","2","EURX","ข้อบังคับ EMU\,อัตราแลกเปลี่ยนเปลี่ยนแปลง"
"800","M","I","歐盟會員國匯率類型"
"108","D","100*","Referenzwert = Kreiswert"
"800","M","M","平均匯率的標準匯率"
"108","D","1001","Stichtagskurs"
"000","2","G","การแปลงมาตรฐานที่อัตราซื้อของธนาคาร"
"800","M","P","成本計劃的標準換算"
"108","D","1002","Durchschnittskurs"
"108","D","1003","Historischer Kurs"
"000","2","I","ประเภทอัตราแลกเปลี่ยน Intrastat"
"800","N","100*","Referentiewaarde = concernwaarde"
"108","D","1004","Stichtagskurs des Vorjahres"
"800","N","1001","Koers op balansdatum"
"000","2","M","การแปลงมาตรฐานที่อัตราเฉลี่ย"
"108","D","200*","Referenzwert = Kreiswert"
"800","N","1002","Gemiddelde koers"
"108","D","2001","Stichtagskurs"
"000","2","P","การแปลงมาตรฐานสำหรับการวางแผนต้นทุน"
"108","D","2002","Durchschnittskurs"
"800","N","1003","Historische koers"
"108","D","2003","Historischer Kurs"
"000","3","100*","참조값 = 그룹값"
"800","N","1004","Koers op balansdatum vorig jaar"
"000","3","1001","현재환율"
"108","D","2004","Stichtagskurs des Vorjahres"
"000","3","1002","평균환율"
"800","N","200*","Referentiewaarde = concernwaarde"
"108","D","B","Standardumrechnung zum Briefkurs"
"000","3","1003","이력환율"
"800","N","2001","Koers op balansdatum"
"108","D","CNTX","Standardumrechnung zum Mittelkurs"
"000","3","1004","현재환율 이전연도"
"800","N","2002","Gemiddelde koers"
"108","D","EURO","EWU-Vorschrift\, fixe Kurse"
"800","N","2003","Historische koers"
"000","3","200*","참조값 = 그룹값"
"108","D","EURX","EWU-Vorschrift\, variable Kurse"
"000","3","2001","현재환율"
"800","N","2004","Koers op balansdatum vorig jaar"
"108","D","G","Standardumrechnung zum Geldkurs"
"000","3","2002","평균환율"
"108","D","I","Kurstyp IntraStat"
"000","3","2003","이력환율"
"800","N","B","Standaardomrekening tegen girale koers"
"108","D","M","Standardumrechnung zum Mittelkurs"
"000","3","2004","현재환율 이전연도"
"800","N","EURO","EMU-voorschrift\, vaste koersen"
"108","D","P","Standardumrechnung für die Kostenplanung"
"000","3","B","은행매각율의 표준환산"
"800","N","EURX","EMU-voorschrift\, variabele koersen"
"000","3","EURO","EMU 규칙\, 고정환율"
"108","E","100*","Reference value = group value"
"800","N","G","Standaardomrekening tegen chartale koers"
"000","3","EURX","EMU 규칙\, 변동환율"
"108","E","1001","Current exchange rate"
"800","N","GTSC","GTS-koerstype douaneafhandeling"
"000","3","G","은행매입율의 표준환산"
"108","E","1002","Average exchange rate"
"800","N","I","Koerstype Intrastat"
"108","E","1003","Historical exchange rate"
"000","3","GTSC","통관 처리에 대한 GTS 환율 유형"
"800","N","M","Standaardomrekening tegen middenkoers"
"000","3","I","Intrastat 환율유형"
"108","E","1004","Current exch. rate prior year"
"800","N","P","Standaardomrekening voor kostenplanning"
"000","3","M","평균환율의 표준환산"
"108","E","200*","Reference value = group value"
"000","3","P","원가계획의 표준환산"
"108","E","2001","Current exchange rate"
"800","O","100*","Referanseverdi = kons. verdi"
"000","C","100*","Refer.hodnota = hodnota okruhu"
"108","E","2002","Average exchange rate"
"000","C","1001","Kurz rozhodného dne"
"800","O","1001","Kurs for referansedato"
"108","E","2003","Historical exchange rate"
"000","C","1002","Průměrný kurz"
"108","E","2004","Current exch. rate prior year"
"800","O","1002","Gjennomsnittskurs"
"000","C","1003","Historický kurz"
"108","E","B","Standard translation at bk.selling rate"
"000","C","1004","Kurz rozh.dne minulého roku"
"800","O","1003","Historisk kurs"
"000","C","200*","Refer.hodnota = hodnota okruhu"
"108","E","CNTX","Special exchange rate type for IIT (CN)"
"000","C","2001","Kurz rozhodného dne"
"800","O","1004","Kurs for ref.dato\, forrige år"
"108","E","EURO","EMU regulation\, fixed exchange rates"
"000","C","2002","Průměrný kurz"
"000","C","2003","Historický kurz"
"108","E","EURX","EMU regulation\, variable exchange rates"
"800","O","200*","Referanseverdi = kons. verdi"
"000","C","2004","Kurz rozh.dne minulého roku"
"108","E","G","Standard translation at bank buying rate"
"800","O","2001","Kurs for referansedato"
"000","C","B","Standard.přepočet k prodejnímu kurzu"
"108","E","I","Intrastat exchange rate type"
"800","O","2002","Gjennomsnittskurs"
"000","C","EURO","Předpis EMU\, fixní kurzy"
"108","E","M","Standard translation at average rate"
"000","C","EURX","Předpis EMU\, variabilní kurzy"
"800","O","2003","Historisk kurs"
"108","E","P","Standard translation for cost planning"
"000","C","G","Standard.přepočet k bank.nákup.kurzu"
"800","O","2004","Kurs for ref.dato\, forrige år"
"108","F","100*","Val. réf. = montants en devise périmètre"
"000","C","GTSC","Typ kurzu GTS - celní řízení"
"000","C","I","Typ kurzu IntraStat"
"108","F","1001","Cours du jour (de référence)"
"800","O","B","Standardomregning for selgerkurs"
"000","C","M","Standard.přepočet ke kurzu střed"
"108","F","1002","Cours moyen"
"108","F","1003","Cours historique"
"000","C","P","Standard.přepočet pro plánování nákladů"
"800","O","EURO","ØMU-forskr.\, faste kurser"
"108","F","1004","Cours du jour de l'exercice précédent"
"000","D","100*","Referenzwert = Kreiswert"
"800","O","EURX","ØMU-forskrift\, variable kurser"
"000","D","1001","Stichtagskurs"
"108","F","200*","Val. réf. = montants en devise périmètre"
"000","D","1002","Durchschnittskurs"
"800","O","G","Standardomregning for kjøperkurs"
"108","F","2001","Cours du jour (de référence)"
"108","F","2002","Cours moyen"
"000","D","1003","Historischer Kurs"
"800","O","GTSC","GTS-kurstype tollbehandling"
"108","F","2003","Cours historique"
"000","D","1004","Stichtagskurs des Vorjahres"
"800","O","I","Kurstype - intrastat"
"108","F","2004","Cours du jour de l'exercice précédent"
"000","D","200*","Referenzwert = Kreiswert"
"108","F","B","conversion standard au cours VENTE"
"000","D","2001","Stichtagskurs"
"800","O","M","Standardomregning for gjennomsnittskurs"
"108","F","EURO","Règle UEM\, cours fixes"
"000","D","2002","Durchschnittskurs"
"800","O","P","Standardomregning for kostnadsbudsjett"
"108","F","EURX","Règles UEM\, cours variables"
"000","D","2003","Historischer Kurs"
"800","P","001","Câmbio a data fixa"
"108","F","G","conversion standard au cours ACHAT"
"800","P","0011","Câmbio a data fixa"
"000","D","2004","Stichtagskurs des Vorjahres"
"108","F","I","Type de cours IntraStat"
"000","D","B","Standardumrechnung zum Briefkurs"
"108","F","M","conversion standard au cours MOYEN"
"800","P","001D","Câmbio a data fixa"
"000","D","CNTX","Standardumrechnung zum Mittelkurs"
"108","F","P","Conv. standard pr la budgét. des coûts"
"800","P","0021","Câmbio a data fixa"
"000","D","EURO","EWU-Vorschrift\, fixe Kurse"
"108","H","100*","Referenciaérték = kör értéke"
"800","P","0022","Taxa de câmbio média"
"000","D","EURX","EWU-Vorschrift\, variable Kurse"
"108","H","1001","Határnapi árfolyam"
"800","P","100*","Valor de referência = valor de área"
"108","H","1002","Átlagárfolyam"
"000","D","G","Standardumrechnung zum Geldkurs"
"800","P","1001","Câmbio a data fixa"
"108","H","1003","Történeti árfolyam"
"000","D","GTSC","GTS-Kurstyp Zollabwicklung"
"800","P","1002","Taxa de câmbio média"
"108","H","1004","Előző év határnapi árfolyama"
"000","D","I","Kurstyp IntraStat"
"800","P","1003","Câmbio histórico"
"108","H","200*","Referenciaérték = kör értéke"
"108","H","2001","Határnapi árfolyam"
"000","D","M","Standardumrechnung zum Mittelkurs"
"800","P","1004","Taxa câmbio data fixada exerc.anterior"
"108","H","2002","Átlagárfolyam"
"000","D","P","Standardumrechnung für die Kostenplanung"
"800","P","1011","Câmbio a data fixa"
"108","H","2003","Történeti árfolyam"
"000","E","100*","Reference value = group value"
"800","P","1012","Taxa de câmbio média"
"108","H","2004","Előző év határnapi árfolyama"
"800","P","1013","Câmbio histórico"
"000","E","1001","Current exchange rate"
"000","E","1002","Average exchange rate"
"108","H","B","Standard átszámítás eladási árfolyamon"
"800","P","1014","Taxa câmbio data fixada exerc.anterior"
"000","E","1003","Historical exchange rate"
"108","H","EURO","EMU-előírás\, fix árfolyamok"
"800","P","200*","Valor de referência = valor de área"
"000","E","1004","Current exch. rate prior year"
"108","H","EURX","EMU-előírás\, változó árfolyamok"
"800","P","2001","Câmbio a data fixa"
"000","E","200*","Reference value = group value"
"800","P","2002","Taxa de câmbio média"
"108","H","G","Standard átszámítás vételi árfolyamon"
"000","E","2001","Current exchange rate"
"800","P","2003","Câmbio histórico"
"108","H","I","IntraStat árfolyamtípus"
"000","E","2002","Average exchange rate"
"800","P","2004","Taxa câmbio data fixada exerc.anterior"
"108","H","M","Standard átszámítás középárfolyamon"
"000","E","2003","Historical exchange rate"
"800","P","2011","Câmbio a data fixa"
"108","H","P","Standard átszámítás költségtervezéshez"
"000","E","2004","Current exch. rate prior year"
"800","P","2012","Taxa de câmbio média"
"108","J","100*","参照値 = グループ値"
"000","E","B","Standard translation at bk.selling rate"
"800","P","2013","Câmbio histórico"
"108","J","1001","現換算レート"
"000","E","CNTX","Special exchange rate type for IIT (CN)"
"108","J","1002","平均換算レート"
"800","P","2014","Taxa câmbio data fixada exerc.anterior"
"000","E","EURO","EMU regulation\, fixed exchange rates"
"108","J","1003","取得時換算レート"
"108","J","1004","前年度換算レート"
"000","E","EURX","EMU regulation\, variable exchange rates"
"108","J","200*","参照値 = グループ値"
"000","E","G","Standard translation at bank buying rate"
"108","J","2001","現換算レート"
"000","E","GTSC","GTS exchange rate type for customs proc."
"108","J","2002","平均換算レート"
"000","E","I","Intrastat exchange rate type"
"108","J","2003","取得時換算レート"
"000","E","M","Standard translation at average rate"
"108","J","2004","前年度換算レート"
"108","J","B","電信売買売値"
"000","E","P","Standard translation for cost planning"
"108","J","EURO","EMU 規定 固定換算レート"
"000","F","100*","Val. réf. = montants en devise périmètre"
"108","J","EURX","EMU 規定 変動換算レート"
"000","F","1001","Cours du jour (de référence)"
"108","J","G","電信売買買値"
"000","F","1002","Cours moyen"
"000","F","1003","Cours historique"
"108","J","I","域内取引換算レートタイプ"
"108","J","M","電信売買仲値"
"000","F","1004","Cours du jour de l'exercice précédent"
"108","J","P","原価計画用標準標準換算レート"
"000","F","200*","Val. réf. = montants en devise périmètre"
"000","F","2001","Cours du jour (de référence)"
"108","L","100*","Wartość referencyjna = wartość grupy"
"108","L","1001","Kurs na dzień"
"000","F","2002","Cours moyen"
"108","L","1002","Średni kurs waluty"
"000","F","2003","Cours historique"
"108","L","1003","Historyczny kurs waluty"
"000","F","2004","Cours du jour de l'exercice précédent"
"108","L","1004","Kurs określonego dnia z roku poprz."
"000","F","B","conversion standard au cours VENTE"
"108","L","200*","Wartość referencyjna = wartość grupy"
"000","F","EURO","Règle UEM\, cours fixes"
"108","L","2001","Kurs na dzień"
"000","F","EURX","Règles UEM\, cours variables"
"108","L","2002","Średni kurs waluty"
"000","F","G","conversion standard au cours ACHAT"
"108","L","2003","Historyczny kurs waluty"
"000","F","GTSC","GTS - typ.cours gestion droits de douane"
"108","L","2004","Kurs określonego dnia z roku poprz."
"000","F","I","Type de cours IntraStat"
"108","L","B","Przeliczenie stand. po kursie sprzedaży"
"000","F","M","conversion standard au cours MOYEN"
"108","L","EURO","Przepis EMU\, kursy stałe"
"108","L","EURX","Przepis EMU\, kursy zmienne"
"000","F","P","Conv. standard pr la budgét. des coûts"
"000","H","100*","Referenciaérték = kör értéke"
"108","L","G","Przeliczenie stand. po kursie zakupu"
"000","H","1001","Határnapi árfolyam"
"108","L","I","Typ kursu IntraStat"
"000","H","1002","Átlagárfolyam"
"108","L","M","Przeliczenie stand. po kursie średnim"
"000","H","1003","Történeti árfolyam"
"108","L","P","Przeliczenie stand. do plan. kosztów"
"108","M","100*","參考值 = 集團值"
"000","H","1004","Előző év határnapi árfolyama"
"108","M","1001","現行匯率"
"108","M","1002","平均匯率"
"000","H","200*","Referenciaérték = kör értéke"
"103","P","CNTX","Conversão standard com câmbio médio"
"000","H","2001","Határnapi árfolyam"
"108","M","1003","歷史匯率"
"000","H","2002","Átlagárfolyam"
"103","P","EURO","Norma UME\, taxas de câmbio fixas"
"108","M","1004","前一年現行匯率"
"000","H","2003","Történeti árfolyam"
"103","P","EURX","Norma UME\, taxas de câmbio variáveis"
"108","M","200*","參考值 = 集團值"
"108","M","2001","現行匯率"
"103","P","G","Conversão standard com câmbio de compra"
"000","H","2004","Előző év határnapi árfolyama"
"108","M","2002","平均匯率"
"103","P","I","Categoria de taxa de câmbio IntraStat"
"108","M","2003","歷史匯率"
"000","H","B","Standard átszámítás eladási árfolyamon"
"108","M","2004","前一年現行匯率"
"103","P","M","Conversão standard com câmbio médio"
"000","H","EURO","EMU-előírás\, fix árfolyamok"
"108","M","B","銀行賣出匯率的標準換算"
"103","P","P","Conversão standard p/planejamento custos"
"000","H","EURX","EMU-előírás\, változó árfolyamok"
"108","M","EURO","EMU 規定；固定匯率"
"103","Q","100*","Refer.hodnota = hodnota okruhu"
"000","H","G","Standard átszámítás vételi árfolyamon"
"103","Q","1001","Kurz k rozhod.dňu"
"108","M","EURX","EMU 規定；變動匯率"
"103","Q","1002","Priemerný kurz"
"000","H","GTSC","GTS-árfolyamtípus vámlebonyolításhoz"
"103","Q","1003","Historický kurz"
"108","M","G","銀行買入匯率的標準換算"
"000","H","I","IntraStat árfolyamtípus"
"103","Q","1004","Kurz k rozh.dňu minulého roka"
"108","M","I","歐盟會員國匯率類型"
"103","Q","200*","Refer.hodnota = hodnota okruhu"
"000","H","M","Standard átszámítás középárfolyamon"
"108","M","M","平均匯率的標準匯率"
"103","Q","2001","Kurz k rozhod.dňu"
"000","H","P","Standard átszámítás költségtervezéshez"
"108","M","P","成本計劃的標準換算"
"103","Q","2002","Priemerný kurz"
"000","I","100*","Valore rif. = Valore cons."
"108","N","100*","Referentiewaarde = concernwaarde"
"103","Q","2003","Historický kurz"
"000","I","1001","Cambio alla data chius. es."
"108","N","1001","Koers op balansdatum"
"103","Q","2004","Kurz k rozh.dňu minulého roka"
"000","I","1002","Cambio medio"
"108","N","1002","Gemiddelde koers"
"103","Q","B","Štandardný prepočet za predajný kurz"
"000","I","1003","Cambio storico"
"108","N","1003","Historische koers"
"103","Q","EURO","Predpis EMÚ\, pevné kurzy"
"108","N","1004","Koers op balansdatum vorig jaar"
"000","I","1004","Cambio a data chius.es.preced."
"103","Q","EURX","Predpis EMÚ\, variabilné kurzy"
"108","N","200*","Referentiewaarde = concernwaarde"
"000","I","200*","Valore rif. = Valore cons."
"108","N","2001","Koers op balansdatum"
"103","Q","G","Štandardný prepočet za bank.nákup.kurz"
"000","I","2001","Cambio alla data chius. es."
"108","N","2002","Gemiddelde koers"
"103","Q","I","Typ kurzu IntraStat"
"000","I","2002","Cambio medio"
"108","N","2003","Historische koers"
"103","Q","M","Štandardný prepočet za kurz stredu"
"000","I","2003","Cambio storico"
"108","N","2004","Koers op balansdatum vorig jaar"
"103","Q","P","Štandard.prepočet pre plánovanie náklado"
"000","I","2004","Cambio a data chius.es.preced."
"108","N","B","Standaardomrekening tegen girale koers"
"103","R","100*","СсылЗначение = значение в валюте ГКК"
"000","I","B","Conv. standard per cambio vendita"
"108","N","EURO","EMU-voorschrift\, vaste koersen"
"000","I","EURO","Norma UME\, cambi fissi"
"108","N","EURX","EMU-voorschrift\, variabele koersen"
"000","I","EURX","Norma UME\, cambi variabili"
"108","N","G","Standaardomrekening tegen chartale koers"
"103","R","1001","Курс на отчетную дату"
"108","N","I","Koerstype Intrastat"
"000","I","G","Conv. standard per corso monetario"
"103","R","1002","Средний курс"
"108","N","M","Standaardomrekening tegen middenkoers"
"000","I","GTSC","Tipo di cambio GTS: gest. proc. doganali"
"103","R","1003","Исторический курс"
"108","N","P","Standaardomrekening voor kostenplanning"
"000","I","I","Tipo di cambio IntraStat"
"103","R","1004","Курс на отчётную дату предыдущего года"
"000","I","M","Conv. standard per cambio medio"
"108","O","100*","Referanseverdi = gruppeverdi"
"103","R","200*","СсылЗначение = значение в валюте ГКК"
"000","I","P","Conv. standard per pianif. dei costi"
"108","O","1001","Kurs for referansedato"
"103","R","2001","Курс на отчетную дату"
"000","J","100*","参照値 = グループ値"
"108","O","1002","Gjennomsnittskurs"
"103","R","2002","Средний курс"
"000","J","1001","現換算レート"
"108","O","1003","Historisk kurs"
"000","J","1002","平均換算レート"
"103","R","2003","Исторический курс"
"108","O","1004","Kurs for ref.dato\, forrige år"
"000","J","1003","取得時換算レート"
"108","O","200*","Referanseverdi = gruppeverdi"
"103","R","2004","Курс на отчётную дату предыдущего года"
"000","J","1004","前年度換算レート"
"108","O","2001","Kurs for referansedato"
"103","R","B","Станд. пересчет по курсу продавца"
"000","J","200*","参照値 = グループ値"
"108","O","2002","Gjennomsnittskurs"
"000","J","2001","現換算レート"
"103","R","EURO","Правило ЕВС\, фикс. курсы"
"108","O","2003","Historisk kurs"
"000","J","2002","平均換算レート"
"103","R","EURX","Правило ЕВС\, переменные курсы"
"108","O","2004","Kurs for ref.dato\, forrige år"
"000","J","2003","取得時換算レート"
"103","R","G","Станд. пересчет по курсу покупателя"
"108","O","B","Standardomregning for selgerkurs"
"000","J","2004","前年度換算レート"
"103","R","I","Тип курса: ИНТРАСТАТ"
"000","J","B","電信売買売値"
"108","O","EURO","ØMU-forskr.\, faste kurser"
"000","J","EURO","EMU 規定 固定換算レート"
"108","O","EURX","ØMU-forskrift\, variable kurser"
"103","R","M","СтандПересчет по средневзвешенному курсу"
"108","O","G","Standardomregning for kjøperkurs"
"000","J","EURX","EMU 規定 変動換算レート"
"103","R","P","СтандартПересчет для планирования затрат"
"108","O","I","Kurstype - intrastat"
"000","J","G","電信売買買値"
"103","S","100*","Vl.ref.=Vl.mon.ámb.consolidac."
"108","O","M","Standardomregning for gjennomsnittskurs"
"103","S","1001","T/C en fecha clave"
"000","J","GTSC","通関手続きの GTS 換算レートタイプ"
"103","S","1002","Cotización media"
"108","O","P","Standardomregning for kostnadsbudsjett"
"103","S","1003","T/C histórico"
"000","J","I","域内取引換算レートタイプ"
"108","P","100*","Valor de referência = valor de área"
"103","S","1004","T/C en fecha clave ej.ant."
"000","J","M","電信売買仲値"
"108","P","1001","Câmbio a data fixa"
"103","S","200*","Vl.ref.=Vl.mon.ámb.consolidac."
"103","S","2001","T/C en fecha clave"
"108","P","1002","Câmbio médio"
"000","J","P","原価計画用標準標準換算レート"
"103","S","2002","Cotización media"
"108","P","1003","Câmbio histórico"
"103","S","2003","T/C histórico"
"108","P","1004","Câmbio a data fixa do ano precedente"
"000","K","100*","Referenceværdi = gruppeværdi"
"103","S","2004","T/C en fecha clave ej.ant."
"000","K","1001","Skæringsdatokurs"
"108","P","200*","Valor de referência = valor de área"
"103","S","B","Conversión normal según T/C vendedor"
"000","K","1002","Middelkurs"
"108","P","2001","Câmbio a data fixa"
"000","K","1003","Historisk kurs"
"103","S","CNTX","Conversión normal según T/C estándar"
"108","P","2002","Câmbio médio"
"108","P","2003","Câmbio histórico"
"103","S","EURO","Norma UME\, tipo de cambio fijo"
"000","K","1004","Skæringsdagskurs\,foregående år"
"103","S","EURX","Nomra UME\, tipo de cambio variable"
"108","P","2004","Câmbio a data fixa do ano precedente"
"000","K","200*","Referenceværdi = gruppeværdi"
"103","S","G","Conversión normal según T/C comprador"
"108","P","B","Conversão standard com câmbio de venda"
"000","K","2001","Skæringsdatokurs"
"103","S","I","Tipo de cotización IntraStat"
"108","P","CNTX","Conversão standard com câmbio médio"
"000","K","2002","Middelkurs"
"103","S","M","Conversión normal según T/C estándar"
"108","P","EURO","Norma UME\, taxas de câmbio fixas"
"000","K","2003","Historisk kurs"
"103","S","P","Conversión estándar para planif.costes"
"108","P","EURX","Norma UME\, taxas de câmbio variáveis"
"000","K","2004","Skæringsdagskurs\,foregående år"
"103","T","100*","Referans değer = Grup değeri"
"108","P","G","Conversão standard com câmbio de compra"
"000","K","B","Standardomregning til salgskurs"
"103","T","1001","Anahtar tarih kuru"
"103","T","1002","Ortalama kur"
"103","T","1003","Tarihsel kur"
"108","P","I","Categoria de taxa de câmbio IntraStat"
"000","K","EURO","ØMU-regel\, faste kurser"
"103","T","1004","Önceki yılın anahtar tarih kuru"
"108","P","M","Conversão standard com câmbio médio"
"000","K","EURX","ØMU-regel\, variable kurser"
"103","T","200*","Referans değer = Grup değeri"
"103","T","2001","Anahtar tarih kuru"
"108","P","P","Conversão standard p/planejamento custos"
"103","T","2002","Ortalama kur"
"000","K","G","Standardomregning til købskurs"
"103","T","2003","Tarihsel kur"
"108","Q","100*","Refer.hodnota = hodnota okruhu"
"103","T","2004","Önceki yılın anahtar tarih kuru"
"000","K","GTSC","GTS-kurstype toldbehandling"
"108","Q","1001","Kurz k rozhod.dňu"
"103","T","B","Satış kuru için standart çeviri"
"000","K","I","Kurstype\, intrastat"
"108","Q","1002","Priemerný kurz"
"103","T","EURO","APB talimatı\, kuru sabitle"
"108","Q","1003","Historický kurz"
"103","T","EURX","APB talimatı\, değişken kur"
"000","K","M","Standardomregning til middelkurs"
"108","Q","1004","Kurz k rozh.dňu minulého roka"
"103","T","G","Alış kuru için standart çeviri"
"103","T","I","IntraStat kurtipi"
"108","Q","200*","Refer.hodnota = hodnota okruhu"
"000","K","P","Standardomregning for omkostningsplanl."
"108","Q","2001","Kurz k rozhod.dňu"
"103","T","M","Ortalama kur için standart çeviri"
"108","Q","2002","Priemerný kurz"
"103","T","P","Masraf planlaması için standart çeviri"
"000","L","100*","Wartość referencyjna = wartość grupy"
"108","Q","2003","Historický kurz"
"103","V","100*","Referensvärde = KO-val.värde"
"000","L","1001","Kurs na dzień"
"103","V","1001","Kurs för referensdag"
"108","Q","2004","Kurz k rozh.dňu minulého roka"
"103","V","1002","Genomsnittskurs"
"000","L","1002","Średni kurs waluty"
"103","V","1003","Historisk kurs"
"108","Q","B","Štandardný prepočet za predajný kurz"
"103","V","1004","Kurs för referensdag föreg.år"
"108","Q","EURO","Predpis EMÚ\, pevné kurzy"
"000","L","1003","Historyczny kurs waluty"
"103","V","200*","Referensvärde = KO-val.värde"
"108","Q","EURX","Predpis EMÚ\, variabilné kurzy"
"103","V","2001","Kurs för referensdag"
"103","V","2002","Genomsnittskurs"
"108","Q","G","Štandardný prepočet za bank.nákup.kurz"
"000","L","1004","Kurs określonego dnia z roku poprz."
"103","V","2003","Historisk kurs"
"108","Q","I","Typ kurzu IntraStat"
"103","V","2004","Kurs för referensdag föreg.år"
"000","L","200*","Wartość referencyjna = wartość grupy"
"108","Q","M","Štandardný prepočet za kurz stredu"
"103","V","B","Standardomräkning (säljkurs)"
"000","L","2001","Kurs na dzień"
"103","V","EURO","EMU-regel\, fasta kurser"
"000","L","2002","Średni kurs waluty"
"108","Q","P","Štandard.prepočet pre plánovanie náklado"
"103","V","EURX","EMU-regel\, variabla kurser"
"000","L","2003","Historyczny kurs waluty"
"108","R","100*","СсылЗначение = значение в валюте ГКК"
"103","V","G","Standardomräkning (köpkurs)"
"000","L","2004","Kurs określonego dnia z roku poprz."
"108","R","1001","Курс на отчетную дату"
"103","V","I","Kurskategori IntraStat"
"108","R","1002","Средний курс"
"103","V","M","Standardomräkning (genomsnittskurs)"
"000","L","B","Przeliczenie stand. po kursie sprzedaży"
"108","R","1003","Исторический курс"
"103","V","P","Standardomräkning för kostn.planeringen"
"000","L","EURO","Przepis EMU\, kursy stałe"
"104","1","100*","参考值 = 组值"
"000","L","EURX","Przepis EMU\, kursy zmienne"
"108","R","1004","Курс на отчётную дату предыдущего года"
"104","1","1001","当前兑换率"
"104","1","1002","平均兑换率"
"000","L","G","Przeliczenie stand. po kursie zakupu"
"104","1","1003","历史兑换率"
"108","R","200*","СсылЗначение = значение в валюте ГКК"
"104","1","1004","前年的当前兑换率"
"000","L","GTSC","Typ kursu GTS - obsługa procesów celnych"
"108","R","2001","Курс на отчетную дату"
"104","1","200*","参考值 = 组值"
"104","1","2001","当前兑换率"
"000","L","I","Typ kursu IntraStat"
"108","R","2002","Средний курс"
"104","1","2002","平均兑换率"
"104","1","2003","历史兑换率"
"000","L","M","Przeliczenie stand. po kursie średnim"
"108","R","2003","Исторический курс"
"104","1","2004","前年的当前兑换率"
"000","L","P","Przeliczenie stand. do plan. kosztów"
"104","1","B","在银行卖出率下的标准兑换"
"108","R","2004","Курс на отчётную дату предыдущего года"
"104","1","EURO","EMU 规则，固定兑换率"
"000","M","100*","參考值 = 集團值"
"108","R","B","Станд. пересчет по курсу продавца"
"104","1","EURX","EMU 规则，变化的兑换率"
"108","R","EURO","Правило ЕВС\, фикс. курсы"
"000","M","1001","現行匯率"
"104","1","G","在银行买入率下的标准兑换"
"104","1","I","州内的汇率类型"
"108","R","EURX","Правило ЕВС\, переменные курсы"
"000","M","1002","平均匯率"
"104","1","M","在平均比率下的标准兑换"
"000","M","1003","歷史匯率"
"108","R","G","Станд. пересчет по курсу покупателя"
"104","1","P","对成本计划的标准换算"
"108","R","I","Тип курса: ИНТРАСТАТ"
"104","3","100*","참조값 = 그룹값"
"000","M","1004","前一年現行匯率"
"104","3","1001","현재환율"
"104","3","1002","평균환율"
"108","R","M","СтандПересчет по средневзвешенному курсу"
"000","M","200*","參考值 = 集團值"
"104","3","1003","이력환율"
"108","R","P","СтандартПересчет для планирования затрат"
"104","3","1004","현재환율 이전연도"
"000","M","2001","現行匯率"
"104","3","200*","참조값 = 그룹값"
"108","S","100*","Vl.ref.=Vl.mon.ámb.consolidac."
"000","M","2002","平均匯率"
"104","3","2001","현재환율"
"108","S","1001","T/C en fecha clave"
"104","3","2002","평균환율"
"000","M","2003","歷史匯率"
"104","3","2003","이력환율"
"108","S","1002","Cotización media"
"000","M","2004","前一年現行匯率"
"104","3","2004","현재환율 이전연도"
"108","S","1003","T/C histórico"
"108","S","1004","T/C en fecha clave ej.ant."
"000","M","B","銀行賣出匯率的標準換算"
"104","3","B","은행매각율의 표준환산"
"108","S","200*","Vl.ref.=Vl.mon.ámb.consolidac."
"108","S","2001","T/C en fecha clave"
"104","3","EURO","EMU 규칙\, 고정환율"
"108","S","2002","Cotización media"
"000","M","EURO","EMU 規定；固定匯率"
"104","3","EURX","EMU 규칙\, 변동환율"
"108","S","2003","T/C histórico"
"104","3","G","은행매입율의 표준환산"
"000","M","EURX","EMU 規定；變動匯率"
"108","S","2004","T/C en fecha clave ej.ant."
"104","3","I","Intrastat 환율유형"
"000","M","G","銀行買入匯率的標準換算"
"104","3","M","평균환율의 표준환산"
"108","S","B","Conversión normal según T/C vendedor"
"000","M","GTSC","海關處理的全球貿易服務匯率類型"
"104","3","P","원가계획의 표준환산"
"108","S","CNTX","Conversión normal según T/C estándar"
"104","C","100*","Refer.hodnota = hodnota okruhu"
"000","M","I","歐盟會員國匯率類型"
"108","S","EURO","Norma UME\, tipo de cambio fijo"
"104","C","1001","Kurz rozhodného dne"
"000","M","M","平均匯率的標準匯率"
"104","C","1002","Průměrný kurz"
"108","S","EURX","Nomra UME\, tipo de cambio variable"
"000","M","P","成本規劃的標準換算"
"104","C","1003","Historický kurz"
"108","S","G","Conversión normal según T/C comprador"
"104","C","1004","Kurz rozh.dne minulého roku"
"000","N","100*","Referentiewaarde = concernwaarde"
"108","S","I","Tipo de cotización IntraStat"
"104","C","200*","Refer.hodnota = hodnota okruhu"
"108","S","M","Conversión normal según T/C estándar"
"000","N","1001","Koers op balansdatum"
"104","C","2001","Kurz rozhodného dne"
"108","S","P","Conversión estándar para planif.costes"
"104","C","2002","Průměrný kurz"
"000","N","1002","Gemiddelde koers"
"104","C","2003","Historický kurz"
"000","N","1003","Historische koers"
"108","T","100*","Referans değer = Grup değeri"
"104","C","2004","Kurz rozh.dne minulého roku"
"000","N","1004","Koers op balansdatum vorig jaar"
"108","T","1001","Anahtar tarih kuru"
"104","C","B","Standard.přepočet k prodejnímu kurzu"
"000","N","200*","Referentiewaarde = concernwaarde"
"104","C","EURO","Předpis EMU\, fixní kurzy"
"108","T","1002","Ortalama kur"
"000","N","2001","Koers op balansdatum"
"108","T","1003","Tarihsel kur"
"104","C","EURX","Předpis EMU\, variabilní kurzy"
"000","N","2002","Gemiddelde koers"
"108","T","1004","Önceki yılın anahtar tarih kuru"
"104","C","G","Standard.přepočet k bank.nákup.kurzu"
"000","N","2003","Historische koers"
"104","C","I","Typ kurzu IntraStat"
"108","T","200*","Referans değer = Grup değeri"
"000","N","2004","Koers op balansdatum vorig jaar"
"104","C","M","Standard.přepočet ke kurzu střed"
"108","T","2001","Anahtar tarih kuru"
"000","N","B","Standaardomrekening tegen girale koers"
"108","T","2002","Ortalama kur"
"104","C","P","Standard.přepočet pro plánování nákladů"
"108","T","2003","Tarihsel kur"
"000","N","EURO","EMU-voorschrift\, vaste koersen"
"104","D","100*","Referenzwert = Kreiswert"
"104","D","1001","Stichtagskurs"
"108","T","2004","Önceki yılın anahtar tarih kuru"
"000","N","EURX","EMU-voorschrift\, variabele koersen"
"104","D","1002","Durchschnittskurs"
"108","T","B","Satış kuru için standart çeviri"
"104","D","1003","Historischer Kurs"
"000","N","G","Standaardomrekening tegen chartale koers"
"104","D","1004","Stichtagskurs des Vorjahres"
"108","T","EURO","APB talimatı\, kuru sabitle"
"104","D","200*","Referenzwert = Kreiswert"
"108","T","EURX","APB talimatı\, değişken kur"
"000","N","GTSC","GTS-koerstype douaneafhandeling"
"104","D","2001","Stichtagskurs"
"108","T","G","Alış kuru için standart çeviri"
"000","N","I","Koerstype Intrastat"
"104","D","2002","Durchschnittskurs"
"108","T","I","IntraStat kurtipi"
"104","D","2003","Historischer Kurs"
"000","N","M","Standaardomrekening tegen middenkoers"
"108","T","M","Ortalama kur için standart çeviri"
"104","D","2004","Stichtagskurs des Vorjahres"
"000","N","P","Standaardomrekening voor kostenplanning"
"108","T","P","Masraf planlaması için standart çeviri"
"104","D","B","Standardumrechnung zum Briefkurs"
"000","O","100*","Referanseverdi = kons. verdi"
"104","D","CNTX","Standardumrechnung zum Mittelkurs"
"108","V","100*","Referensvärde = KO-val.värde"
"000","O","1001","Kurs for referansedato"
"104","D","EURO","EWU-Vorschrift\, fixe Kurse"
"000","O","1002","Gjennomsnittskurs"
"108","V","1001","Kurs för referensdag"
"000","O","1003","Historisk kurs"
"104","D","EURX","EWU-Vorschrift\, variable Kurse"
"108","V","1002","Genomsnittskurs"
"000","O","1004","Kurs for ref.dato\, forrige år"
"104","D","G","Standardumrechnung zum Geldkurs"
"108","V","1003","Historisk kurs"
"104","D","I","Kurstyp IntraStat"
"000","O","200*","Referanseverdi = kons. verdi"
"108","V","1004","Kurs för referensdag föreg.år"
"104","D","M","Standardumrechnung zum Mittelkurs"
"000","O","2001","Kurs for referansedato"
"108","V","200*","Referensvärde = KO-val.värde"
"104","D","P","Standardumrechnung für die Kostenplanung"
"000","O","2002","Gjennomsnittskurs"
"108","V","2001","Kurs för referensdag"
"104","E","100*","Reference value = group value"
"108","V","2002","Genomsnittskurs"
"000","O","2003","Historisk kurs"
"104","E","1001","Current exchange rate"
"104","E","1002","Average exchange rate"
"000","O","2004","Kurs for ref.dato\, forrige år"
"104","E","1003","Historical exchange rate"
"000","O","B","Standardomregning for selgerkurs"
"104","E","1004","Current exch. rate prior year"
"000","O","EURO","ØMU-forskr.\, faste kurser"
"104","E","200*","Reference value = group value"
"000","O","EURX","ØMU-forskrift\, variable kurser"
"104","E","2001","Current exchange rate"
"000","O","G","Standardomregning for kjøperkurs"
"104","E","2002","Average exchange rate"
"000","O","GTSC","GTS-kurstype tollbehandling"
"104","E","2003","Historical exchange rate"
"000","O","I","Kurstype - intrastat"
"104","E","2004","Current exch. rate prior year"
"104","E","B","Standard translation at bk.selling rate"
"104","E","CNTX","Special exchange rate type for IIT (CN)"
"104","E","EURO","EMU regulation\, fixed exchange rates"
"104","E","EURX","EMU regulation\, variable exchange rates"
"104","E","G","Standard translation at bank buying rate"
"104","E","I","Intrastat exchange rate type"
"104","E","M","Standard translation at average rate"
"104","E","P","Standard translation for cost planning"
"104","F","100*","Val. réf. = montants en devise périmètre"
"104","F","1001","Cours du jour (de référence)"
"104","F","1002","Cours moyen"
"104","F","1003","Cours historique"
"104","F","1004","Cours du jour de l'exercice précédent"
"104","F","200*","Val. réf. = montants en devise périmètre"
"104","F","2001","Cours du jour (de référence)"
"104","F","2002","Cours moyen"
"104","F","2003","Cours historique"
"104","F","2004","Cours du jour de l'exercice précédent"
"104","F","B","conversion standard au cours VENTE"
"104","F","EURO","Règle UEM\, cours fixes"
"104","F","EURX","Règles UEM\, cours variables"
"104","F","G","conversion standard au cours ACHAT"
"104","F","I","Type de cours IntraStat"
"104","F","M","conversion standard au cours MOYEN"
"104","F","P","Conv. standard pr la budgét. des coûts"
"104","H","100*","Referenciaérték = kör értéke"
"104","H","1001","Határnapi árfolyam"
"104","H","1002","Átlagárfolyam"
"104","H","1003","Történeti árfolyam"
"104","H","1004","Előző év határnapi árfolyama"
"104","H","200*","Referenciaérték = kör értéke"
"104","H","2001","Határnapi árfolyam"
"104","H","2002","Átlagárfolyam"
"104","H","2003","Történeti árfolyam"
"104","H","2004","Előző év határnapi árfolyama"
"104","H","B","Standard átszámítás eladási árfolyamon"
"104","H","EURO","EMU-előírás\, fix árfolyamok"
"104","H","EURX","EMU-előírás\, változó árfolyamok"
"104","H","G","Standard átszámítás vételi árfolyamon"
"104","H","I","IntraStat árfolyamtípus"
"104","H","M","Standard átszámítás középárfolyamon"
"104","H","P","Standard átszámítás költségtervezéshez"
"104","J","100*","参照値 = グループ値"
"104","J","1001","現換算レート"
"104","J","1002","平均換算レート"
"104","J","1003","取得時換算レート"
"104","J","1004","前年度換算レート"
"104","J","200*","参照値 = グループ値"
"104","J","2001","現換算レート"
"104","J","2002","平均換算レート"
"104","J","2003","取得時換算レート"
"104","J","2004","前年度換算レート"
"104","J","B","電信売買売値"
"104","J","EURO","EMU 規定 固定換算レート"
"104","J","EURX","EMU 規定 変動換算レート"
"104","J","G","電信売買買値"
"104","J","I","域内取引換算レートタイプ"
"104","J","M","電信売買仲値"
"104","J","P","原価計画用標準標準換算レート"
"104","L","100*","Wartość referencyjna = wartość grupy"
"104","L","1001","Kurs na dzień"
"104","L","1002","Średni kurs waluty"
"104","L","1003","Historyczny kurs waluty"
"104","L","1004","Kurs określonego dnia z roku poprz."
"104","L","200*","Wartość referencyjna = wartość grupy"
"104","L","2001","Kurs na dzień"
"104","L","2002","Średni kurs waluty"
"104","L","2003","Historyczny kurs waluty"
"104","L","2004","Kurs określonego dnia z roku poprz."
"104","L","B","Przeliczenie stand. po kursie sprzedaży"
"104","L","EURO","Przepis EMU\, kursy stałe"
"104","L","EURX","Przepis EMU\, kursy zmienne"
"104","L","G","Przeliczenie stand. po kursie zakupu"
"104","L","I","Typ kursu IntraStat"
"104","L","M","Przeliczenie stand. po kursie średnim"
"104","L","P","Przeliczenie stand. do plan. kosztów"
"104","M","100*","參考值 = 集團值"
"104","M","1001","現行匯率"
"104","M","1002","平均匯率"
"104","M","1003","歷史匯率"
"104","M","1004","前一年現行匯率"
"104","M","200*","參考值 = 集團值"
"104","M","2001","現行匯率"
"104","M","2002","平均匯率"
"104","M","2003","歷史匯率"
"104","M","2004","前一年現行匯率"
"104","M","B","銀行賣出匯率的標準換算"
"104","M","EURO","EMU 規定；固定匯率"
"104","M","EURX","EMU 規定；變動匯率"
"104","M","G","銀行買入匯率的標準換算"
"104","M","I","歐盟會員國匯率類型"
"104","M","M","平均匯率的標準匯率"
"104","M","P","成本計劃的標準換算"
"104","N","100*","Referentiewaarde = concernwaarde"
"104","N","1001","Koers op balansdatum"
"104","N","1002","Gemiddelde koers"
"104","N","1003","Historische koers"
"104","N","1004","Koers op balansdatum vorig jaar"
"104","N","200*","Referentiewaarde = concernwaarde"
"104","N","2001","Koers op balansdatum"
"104","N","2002","Gemiddelde koers"
"104","N","2003","Historische koers"
"104","N","2004","Koers op balansdatum vorig jaar"
"104","N","B","Standaardomrekening tegen girale koers"
"104","N","EURO","EMU-voorschrift\, vaste koersen"
"104","N","EURX","EMU-voorschrift\, variabele koersen"
"104","N","G","Standaardomrekening tegen chartale koers"
"104","N","I","Koerstype Intrastat"
"104","N","M","Standaardomrekening tegen middenkoers"
"104","N","P","Standaardomrekening voor kostenplanning"
"104","O","100*","Referanseverdi = gruppeverdi"
"104","O","1001","Kurs for referansedato"
"104","O","1002","Gjennomsnittskurs"
"104","O","1003","Historisk kurs"
"104","O","1004","Kurs for ref.dato\, forrige år"
"104","O","200*","Referanseverdi = gruppeverdi"
"104","O","2001","Kurs for referansedato"
"104","O","2002","Gjennomsnittskurs"
"104","O","2003","Historisk kurs"
"104","O","2004","Kurs for ref.dato\, forrige år"
"104","O","B","Standardomregning for selgerkurs"
"104","O","EURO","ØMU-forskr.\, faste kurser"
"104","O","EURX","ØMU-forskrift\, variable kurser"
"104","O","G","Standardomregning for kjøperkurs"
"104","O","I","Kurstype - intrastat"
"104","O","M","Standardomregning for gjennomsnittskurs"
"104","O","P","Standardomregning for kostnadsbudsjett"
"104","P","100*","Valor de referência = valor de área"
"104","P","1001","Câmbio a data fixa"
"104","P","1002","Câmbio médio"
"104","P","1003","Câmbio histórico"
"104","P","1004","Câmbio a data fixa do ano precedente"
"104","P","200*","Valor de referência = valor de área"
"104","P","2001","Câmbio a data fixa"
"104","P","2002","Câmbio médio"
"104","P","2003","Câmbio histórico"
"104","P","2004","Câmbio a data fixa do ano precedente"
"104","P","B","Conversão standard com câmbio de venda"
"104","P","CNTX","Conversão standard com câmbio médio"
"104","P","EURO","Norma UME\, taxas de câmbio fixas"
"104","P","EURX","Norma UME\, taxas de câmbio variáveis"
"104","P","G","Conversão standard com câmbio de compra"
"104","P","I","Categoria de taxa de câmbio IntraStat"
"104","P","M","Conversão standard com câmbio médio"
"104","P","P","Conversão standard p/planejamento custos"
"104","Q","100*","Refer.hodnota = hodnota okruhu"
"104","Q","1001","Kurz k rozhod.dňu"
"104","Q","1002","Priemerný kurz"
"104","Q","1003","Historický kurz"
"104","Q","1004","Kurz k rozh.dňu minulého roka"
"104","Q","200*","Refer.hodnota = hodnota okruhu"
"104","Q","2001","Kurz k rozhod.dňu"
"104","Q","2002","Priemerný kurz"
"104","Q","2003","Historický kurz"
"104","Q","2004","Kurz k rozh.dňu minulého roka"
"104","Q","B","Štandardný prepočet za predajný kurz"
"104","Q","EURO","Predpis EMÚ\, pevné kurzy"
"104","Q","EURX","Predpis EMÚ\, variabilné kurzy"
"104","Q","G","Štandardný prepočet za bank.nákup.kurz"
"104","Q","I","Typ kurzu IntraStat"
"104","Q","M","Štandardný prepočet za kurz stredu"
"104","Q","P","Štandard.prepočet pre plánovanie náklado"
"104","R","100*","СсылЗначение = значение в валюте ГКК"
"104","R","1001","Курс на отчетную дату"
"104","R","1002","Средний курс"
"104","R","1003","Исторический курс"
"104","R","1004","Курс на отчётную дату предыдущего года"
"104","R","200*","СсылЗначение = значение в валюте ГКК"
"104","R","2001","Курс на отчетную дату"
"104","R","2002","Средний курс"
"104","R","2003","Исторический курс"
"104","R","2004","Курс на отчётную дату предыдущего года"
"104","R","B","Станд. пересчет по курсу продавца"
"104","R","EURO","Правило ЕВС\, фикс. курсы"
"104","R","EURX","Правило ЕВС\, переменные курсы"
"104","R","G","Станд. пересчет по курсу покупателя"
"104","R","I","Тип курса: ИНТРАСТАТ"
"104","R","M","СтандПересчет по средневзвешенному курсу"
"000","O","M","Standardomregning for gjennomsnittskurs"
"104","R","P","СтандартПересчет для планирования затрат"
"104","S","100*","Vl.ref.=Vl.mon.ámb.consolidac."
"000","O","P","Standardomregning for kostnadsbudsjett"
"104","S","1001","T/C en fecha clave"
"000","P","100*","Valor de referência = valor de área"
"104","S","1002","Cotización media"
"000","P","1001","Câmbio a data fixa"
"104","S","1003","T/C histórico"
"000","P","1002","Câmbio médio"
"104","S","1004","T/C en fecha clave ej.ant."
"000","P","1003","Câmbio histórico"
"104","S","200*","Vl.ref.=Vl.mon.ámb.consolidac."
"000","P","1004","Câmbio a data fixa do ano precedente"
"104","S","2001","T/C en fecha clave"
"000","P","200*","Valor de referência = valor de área"
"104","S","2002","Cotización media"
"000","P","2001","Câmbio a data fixa"
"104","S","2003","T/C histórico"
"000","P","2002","Câmbio médio"
"104","S","2004","T/C en fecha clave ej.ant."
"000","P","2003","Câmbio histórico"
"104","S","B","Conversión normal según T/C vendedor"
"000","P","2004","Câmbio a data fixa do ano precedente"
"104","S","CNTX","Conversión normal según T/C estándar"
"000","P","B","Conversão standard com câmbio de venda"
"104","S","EURO","Norma UME\, tipo de cambio fijo"
"000","P","CNTX","Conversão standard com câmbio médio"
"104","S","EURX","Nomra UME\, tipo de cambio variable"
"000","P","EURO","Norma UME\, taxas de câmbio fixas"
"104","S","G","Conversión normal según T/C comprador"
"000","P","EURX","Norma UME\, taxas de câmbio variáveis"
"104","S","I","Tipo de cotización IntraStat"
"000","P","G","Conversão standard com câmbio de compra"
"104","S","M","Conversión normal según T/C estándar"
"000","P","GTSC","Ctg.taxa câmbio GTS procmto.alfandegário"
"104","S","P","Conversión estándar para planif.costes"
"000","P","I","Categoria de taxa de câmbio IntraStat"
"104","T","100*","Referans değer = Grup değeri"
"000","P","M","Conversão standard com câmbio médio"
"104","T","1001","Anahtar tarih kuru"
"000","P","P","Conversão standard p/planejamento custos"
"104","T","1002","Ortalama kur"
"104","T","1003","Tarihsel kur"
"000","Q","100*","Refer.hodnota = hodnota okruhu"
"000","Q","1001","Kurz k rozhod.dňu"
"104","T","1004","Önceki yılın anahtar tarih kuru"
"000","Q","1002","Priemerný kurz"
"104","T","200*","Referans değer = Grup değeri"
"000","Q","1003","Historický kurz"
"104","T","2001","Anahtar tarih kuru"
"000","Q","1004","Kurz k rozh.dňu minulého roka"
"104","T","2002","Ortalama kur"
"000","Q","200*","Refer.hodnota = hodnota okruhu"
"104","T","2003","Tarihsel kur"
"000","Q","2001","Kurz k rozhod.dňu"
"104","T","2004","Önceki yılın anahtar tarih kuru"
"000","Q","2002","Priemerný kurz"
"000","Q","2003","Historický kurz"
"104","T","B","Satış kuru için standart çeviri"
"000","Q","2004","Kurz k rozh.dňu minulého roka"
"104","T","EURO","APB talimatı\, kuru sabitle"
"000","Q","B","Štandardný prepočet za predajný kurz"
"104","T","EURX","APB talimatı\, değişken kur"
"000","Q","EURO","Predpis EMÚ\, pevné kurzy"
"104","T","G","Alış kuru için standart çeviri"
"000","Q","EURX","Predpis EMÚ\, variabilné kurzy"
"104","T","I","IntraStat kurtipi"
"104","T","M","Ortalama kur için standart çeviri"
"000","Q","G","Štandardný prepočet za bank.nákup.kurz"
"104","T","P","Masraf planlaması için standart çeviri"
"000","Q","GTSC","Typ kurz GTS - colné vybavenie"
"000","Q","I","Typ kurzu IntraStat"
"104","V","100*","Referensvärde = KO-val.värde"
"000","Q","M","Štandardný prepočet za kurz stredu"
"104","V","1001","Kurs för referensdag"
"000","Q","P","Štandard.prepočet pre plánovanie náklado"
"104","V","1002","Genomsnittskurs"
"104","V","1003","Historisk kurs"
"000","R","100*","СсылЗначение = значение в валюте ГКК"
"104","V","1004","Kurs för referensdag föreg.år"
"000","R","1001","Курс на отчетную дату"
"104","V","200*","Referensvärde = KO-val.värde"
"000","R","1002","Средний курс"
"104","V","2001","Kurs för referensdag"
"000","R","1003","Исторический курс"
"104","V","2002","Genomsnittskurs"
"104","V","2003","Historisk kurs"
"000","R","1004","Курс на отчётную дату предыдущего года"
"104","V","2004","Kurs för referensdag föreg.år"
"104","V","B","Standardomräkning (säljkurs)"
"000","R","200*","СсылЗначение = значение в валюте ГКК"
"104","V","EURO","EMU-regel\, fasta kurser"
"000","R","2001","Курс на отчетную дату"
"000","R","2002","Средний курс"
"104","V","EURX","EMU-regel\, variabla kurser"
"104","V","G","Standardomräkning (köpkurs)"
"000","R","2003","Исторический курс"
"104","V","I","Kurskategori IntraStat"
"000","R","2004","Курс на отчётную дату предыдущего года"
"104","V","M","Standardomräkning (genomsnittskurs)"
"104","V","P","Standardomräkning för kostn.planeringen"
"000","R","B","Станд. пересчет по курсу предлож."
"105","1","100*","参考值 = 组值"
"000","R","EURO","Правило ЕВС\, фикс. курсы"
"105","1","1001","当前兑换率"
"105","1","1002","平均兑换率"
"000","R","EURX","Правило ЕВС\, переменные курсы"
"105","1","1003","历史兑换率"
"105","1","1004","前年的当前兑换率"
"000","R","G","Станд. пересчет по курсу покупки"
"105","1","200*","参考值 = 组值"
"105","1","2001","当前兑换率"
"000","R","GTSC","Тип курса GTS: таможенная обработка"
"105","1","2002","平均兑换率"
"105","1","2003","历史兑换率"
"000","R","I","Тип курса: ИНТРАСТАТ"
"105","1","2004","前年的当前兑换率"
"105","1","B","在银行卖出率下的标准兑换"
"000","R","M","СтандПересчет по средневзвешенному курсу"
"105","1","EURO","EMU 规则，固定兑换率"
"105","1","EURX","EMU 规则，变化的兑换率"
"105","1","G","在银行买入率下的标准兑换"
"000","R","P","СтандартПересчет для планирования затрат"
"105","1","I","州内的汇率类型"
"000","S","100*","Vl.ref.=Vl.mon.ámb.consolidac."
"105","1","M","在平均比率下的标准兑换"
"000","S","1001","T/C en fecha clave"
"105","1","P","对成本计划的标准换算"
"000","S","1002","Cotización media"
"105","3","100*","참조값 = 그룹값"
"000","S","1003","T/C histórico"
"105","3","1001","현재환율"
"105","3","1002","평균환율"
"000","S","1004","T/C en fecha clave ej.ant."
"105","3","1003","이력환율"
"000","S","200*","Vl.ref.=Vl.mon.ámb.consolidac."
"105","3","1004","현재환율 이전연도"
"000","S","2001","T/C en fecha clave"
"105","3","200*","참조값 = 그룹값"
"105","3","2001","현재환율"
"000","S","2002","Cotización media"
"105","3","2002","평균환율"
"000","S","2003","T/C histórico"
"000","S","2004","T/C en fecha clave ej.ant."
"000","S","B","Conversión normal según T/C vendedor"
"000","S","CNTX","Conversión normal según T/C estándar"
"000","S","EURO","Norma UME\, tipo de cambio fijo"
"000","S","EURX","Nomra UME\, tipo de cambio variable"
"000","S","G","Conversión normal según T/C comprador"
"000","S","GTSC","Tipo cotización GTS\, despacho aduanas"
"000","S","I","Tipo de cotización IntraStat"
"000","S","M","Conversión normal según T/C estándar"
"000","S","P","Conversión estándar para planif.costes"
"000","T","100*","Referans değer = Grup değeri"
"000","T","1001","Anahtar tarih kuru"
"000","T","1002","Ortalama kur"
"000","T","1003","Tarihsel kur"
"000","T","1004","Önceki yılın anahtar tarih kuru"
"000","T","200*","Referans değer = Grup değeri"
"000","T","2001","Anahtar tarih kuru"
"000","T","2002","Ortalama kur"
"000","T","2003","Tarihsel kur"
"000","T","2004","Önceki yılın anahtar tarih kuru"
"000","T","B","Satış kuru için standart çeviri"
"000","T","EURO","APB talimatı\, kuru sabitle"
"000","T","EURX","APB talimatı\, değişken kur"
"000","T","G","Alış kuru için standart çeviri"
"000","T","GTSC","GTS gümrük işlemleri için kur tipi"
"000","T","I","IntraStat kurtipi"
"000","T","M","Ortalama kur için standart çeviri"
"000","T","P","Masraf planlaması için standart çeviri"
"000","U","100*","Viitearvo = alueen arvo"
"000","U","1001","Määräpäivän kurssi"
"000","U","1002","Keskikurssi"
"000","U","1003","Historiallinen kurssi"
"000","U","1004","Edellisen vuoden määräpäiväkurssi"
"000","U","200*","Viitearvo = alueen arvo"
"000","U","2001","Määräpäivän kurssi"
"000","U","2002","Keskikurssi"
"000","U","2003","Historiallinen kurssi"
"000","U","2004","Edellisen vuoden määräpäiväkurssi"
"000","U","B","Vakiomuunto - myyntikurssi"
"000","U","EURO","EMU-säädös\, kiint. kurssit"
"000","U","EURX","EMU-säädös\, muuttuvat kurssit"
"000","U","G","Vakiomuunto - ostokurssi"
"000","U","GTSC","GTS-kurssityyppi - tullikäsittely"
"000","U","I","Kurssityyppi IntraStat"
"000","U","M","Vakiomuunto - keskikurssi"
"000","U","P","Vakiomuunto kustannussuunnittelua varten"
"000","V","100*","Referensvärde = KO-val.värde"
"000","V","1001","Kurs för referensdag"
"000","V","1002","Genomsnittskurs"
"000","V","1003","Historisk kurs"
"000","V","1004","Kurs för referensdag föreg.år"
"000","V","200*","Referensvärde = KO-val.värde"
"000","V","2001","Kurs för referensdag"
"000","V","2002","Genomsnittskurs"
"000","V","2003","Historisk kurs"
"000","V","2004","Kurs för referensdag föreg.år"
"000","V","B","Standardomräkning (säljkurs)"
"000","V","EURO","EMU-regel\, fasta kurser"
"105","3","2003","이력환율"
"000","V","EURX","EMU-regel\, variabla kurser"
"105","3","2004","현재환율 이전연도"
"000","V","G","Standardomräkning (köpkurs)"
"105","3","B","은행매각율의 표준환산"
"000","V","GTSC","GTS-kurstyp tullhantering"
"105","3","EURO","EMU 규칙\, 고정환율"
"000","V","I","Kurskategori IntraStat"
"105","3","EURX","EMU 규칙\, 변동환율"
"105","3","G","은행매입율의 표준환산"
"000","V","M","Standardomräkning (genomsnittskurs)"
"105","3","I","Intrastat 환율유형"
"000","V","P","Standardomräkning för kostn.planeringen"
"105","3","M","평균환율의 표준환산"
"066","J","100*","参照値 = グループ値"
"105","3","P","원가계획의 표준환산"
"066","J","1001","現換算レート"
"105","C","100*","Refer.hodnota = hodnota okruhu"
"066","J","1002","平均換算レート"
"105","C","1001","Kurz rozhodného dne"
"066","J","1003","取得時換算レート"
"105","C","1002","Průměrný kurz"
"066","J","1004","前年度換算レート"
"105","C","1003","Historický kurz"
"066","J","200*","参照値 = グループ値"
"105","C","1004","Kurz rozh.dne minulého roku"
"066","J","2001","現換算レート"
"105","C","200*","Refer.hodnota = hodnota okruhu"
"105","C","2001","Kurz rozhodného dne"
"066","J","2002","平均換算レート"
"105","C","2002","Průměrný kurz"
"066","J","2003","取得時換算レート"
"105","C","2003","Historický kurz"
"066","J","2004","前年度換算レート"
"105","C","2004","Kurz rozh.dne minulého roku"
"066","J","B","電信売買売値"
"105","C","B","Standard.přepočet k prodejnímu kurzu"
"066","J","EURO","EMU 規定 固定換算レート"
"105","C","EURO","Předpis EMU\, fixní kurzy"
"105","C","EURX","Předpis EMU\, variabilní kurzy"
"066","J","EURX","EMU 規定 変動換算レート"
"066","J","G","電信売買買値"
"105","C","G","Standard.přepočet k bank.nákup.kurzu"
"066","J","I","域内取引換算レートタイプ"
"105","C","I","Typ kurzu IntraStat"
"066","J","M","電信売買仲値"
"105","C","M","Standard.přepočet ke kurzu střed"
"066","J","P","原価計画用標準標準換算レート"
"105","C","P","Standard.přepočet pro plánování nákladů"
"102","1","100*","参考值 = 组值"
"105","D","100*","Referenzwert = Kreiswert"
"102","1","1001","当前兑换率"
"105","D","1001","Stichtagskurs"
"105","D","1002","Durchschnittskurs"
"102","1","1002","平均兑换率"
"105","D","1003","Historischer Kurs"
"102","1","1003","历史兑换率"
"105","D","1004","Stichtagskurs des Vorjahres"
"102","1","1004","前年的当前兑换率"
"105","D","200*","Referenzwert = Kreiswert"
"102","1","200*","参考值 = 组值"
"105","D","2001","Stichtagskurs"
"102","1","2001","当前兑换率"
"105","D","2002","Durchschnittskurs"
"102","1","2002","平均兑换率"
"105","D","2003","Historischer Kurs"
"102","1","2003","历史兑换率"
"105","D","2004","Stichtagskurs des Vorjahres"
"102","1","2004","前年的当前兑换率"
"105","D","B","Standardumrechnung zum Briefkurs"
"102","1","B","在银行卖出率下的标准兑换"
"105","D","CNTX","Standardumrechnung zum Mittelkurs"
"105","D","EURO","EWU-Vorschrift\, fixe Kurse"
"102","1","EURO","EMU 规则，固定兑换率"
"105","D","EURX","EWU-Vorschrift\, variable Kurse"
"102","1","EURX","EMU 规则，变化的兑换率"
"105","D","G","Standardumrechnung zum Geldkurs"
"102","1","G","在银行买入率下的标准兑换"
"105","D","I","Kurstyp IntraStat"
"102","1","I","州内的汇率类型"
"105","D","M","Standardumrechnung zum Mittelkurs"
"102","1","M","在平均比率下的标准兑换"
"105","D","P","Standardumrechnung für die Kostenplanung"
"102","1","P","对成本计划的标准换算"
"105","E","100*","Reference value = group value"
"102","3","100*","참조값 = 그룹값"
"105","E","1001","Current exchange rate"
"102","3","1001","현재환율"
"102","3","1002","평균환율"
"105","E","1002","Average exchange rate"
"102","3","1003","이력환율"
"105","E","1003","Historical exchange rate"
"102","3","1004","현재환율 이전연도"
"105","E","1004","Current exch. rate prior year"
"105","E","200*","Reference value = group value"
"102","3","200*","참조값 = 그룹값"
"105","E","2001","Current exchange rate"
"102","3","2001","현재환율"
"105","E","2002","Average exchange rate"
"102","3","2002","평균환율"
"105","E","2003","Historical exchange rate"
"102","3","2003","이력환율"
"105","E","2004","Current exch. rate prior year"
"105","E","B","Standard translation at bk.selling rate"
"102","3","2004","현재환율 이전연도"
"105","E","CNTX","Special exchange rate type for IIT (CN)"
"102","3","B","은행매각율의 표준환산"
"105","E","EURO","EMU regulation\, fixed exchange rates"
"102","3","EURO","EMU 규칙\, 고정환율"
"105","E","EURX","EMU regulation\, variable exchange rates"
"102","3","EURX","EMU 규칙\, 변동환율"
"105","E","G","Standard translation at bank buying rate"
"102","3","G","은행매입율의 표준환산"
"105","E","I","Intrastat exchange rate type"
"102","3","I","Intrastat 환율유형"
"105","E","M","Standard translation at average rate"
"102","3","M","평균환율의 표준환산"
"105","E","P","Standard translation for cost planning"
"102","3","P","원가계획의 표준환산"
"105","F","100*","Val. réf. = montants en devise périmètre"
"102","C","100*","Refer.hodnota = hodnota okruhu"
"105","F","1001","Cours du jour (de référence)"
"102","C","1001","Kurz rozhodného dne"
"105","F","1002","Cours moyen"
"102","C","1002","Průměrný kurz"
"105","F","1003","Cours historique"
"102","C","1003","Historický kurz"
"105","F","1004","Cours du jour de l'exercice précédent"
"102","C","1004","Kurz rozh.dne minulého roku"
"105","F","200*","Val. réf. = montants en devise périmètre"
"102","C","200*","Refer.hodnota = hodnota okruhu"
"105","F","2001","Cours du jour (de référence)"
"102","C","2001","Kurz rozhodného dne"
"105","F","2002","Cours moyen"
"102","C","2002","Průměrný kurz"
"105","F","2003","Cours historique"
"102","C","2003","Historický kurz"
"105","F","2004","Cours du jour de l'exercice précédent"
"102","C","2004","Kurz rozh.dne minulého roku"
"105","F","B","conversion standard au cours VENTE"
"102","C","B","Standard.přepočet k prodejnímu kurzu"
"105","F","EURO","Règle UEM\, cours fixes"
"105","F","EURX","Règles UEM\, cours variables"
"102","C","EURO","Předpis EMU\, fixní kurzy"
"105","F","G","conversion standard au cours ACHAT"
"102","C","EURX","Předpis EMU\, variabilní kurzy"
"105","F","I","Type de cours IntraStat"
"102","C","G","Standard.přepočet k bank.nákup.kurzu"
"105","F","M","conversion standard au cours MOYEN"
"102","C","I","Typ kurzu IntraStat"
"105","F","P","Conv. standard pr la budgét. des coûts"
"102","C","M","Standard.přepočet ke kurzu střed"
"105","H","100*","Referenciaérték = kör értéke"
"105","H","1001","Határnapi árfolyam"
"102","C","P","Standard.přepočet pro plánování nákladů"
"105","H","1002","Átlagárfolyam"
"102","D","100*","Referenzwert = Kreiswert"
"102","D","1001","Stichtagskurs"
"105","H","1003","Történeti árfolyam"
"102","D","1002","Durchschnittskurs"
"105","H","1004","Előző év határnapi árfolyama"
"102","D","1003","Historischer Kurs"
"105","H","200*","Referenciaérték = kör értéke"
"102","D","1004","Stichtagskurs des Vorjahres"
"105","H","2001","Határnapi árfolyam"
"102","D","200*","Referenzwert = Kreiswert"
"105","H","2002","Átlagárfolyam"
"105","H","2003","Történeti árfolyam"
"102","D","2001","Stichtagskurs"
"105","H","2004","Előző év határnapi árfolyama"
"102","D","2002","Durchschnittskurs"
"105","H","B","Standard átszámítás eladási árfolyamon"
"102","D","2003","Historischer Kurs"
"105","H","EURO","EMU-előírás\, fix árfolyamok"
"105","H","EURX","EMU-előírás\, változó árfolyamok"
"102","D","2004","Stichtagskurs des Vorjahres"
"105","H","G","Standard átszámítás vételi árfolyamon"
"105","H","I","IntraStat árfolyamtípus"
"102","D","B","Standardumrechnung zum Briefkurs"
"105","H","M","Standard átszámítás középárfolyamon"
"102","D","CNTX","Standardumrechnung zum Mittelkurs"
"105","H","P","Standard átszámítás költségtervezéshez"
"105","J","100*","参照値 = グループ値"
"105","J","1001","現換算レート"
"102","D","EURO","EWU-Vorschrift\, fixe Kurse"
"105","J","1002","平均換算レート"
"105","J","1003","取得時換算レート"
"105","J","1004","前年度換算レート"
"102","D","EURX","EWU-Vorschrift\, variable Kurse"
"105","J","200*","参照値 = グループ値"
"105","J","2001","現換算レート"
"102","D","G","Standardumrechnung zum Geldkurs"
"105","J","2002","平均換算レート"
"105","J","2003","取得時換算レート"
"102","D","I","Kurstyp IntraStat"
"105","J","2004","前年度換算レート"
"105","J","B","電信売買売値"
"102","D","M","Standardumrechnung zum Mittelkurs"
"105","J","EURO","EMU 規定 固定換算レート"
"105","J","EURX","EMU 規定 変動換算レート"
"102","D","P","Standardumrechnung für die Kostenplanung"
"105","J","G","電信売買買値"
"105","J","I","域内取引換算レートタイプ"
"102","E","100*","Reference value = group value"
"105","J","M","電信売買仲値"
"102","E","1001","Current exchange rate"
"105","J","P","原価計画用標準標準換算レート"
"105","L","100*","Wartość referencyjna = wartość grupy"
"102","E","1002","Average exchange rate"
"105","L","1001","Kurs na dzień"
"102","E","1003","Historical exchange rate"
"105","L","1002","Średni kurs waluty"
"105","L","1003","Historyczny kurs waluty"
"102","E","1004","Current exch. rate prior year"
"105","L","1004","Kurs określonego dnia z roku poprz."
"105","L","200*","Wartość referencyjna = wartość grupy"
"102","E","200*","Reference value = group value"
"105","L","2001","Kurs na dzień"
"105","L","2002","Średni kurs waluty"
"102","E","2001","Current exchange rate"
"105","L","2003","Historyczny kurs waluty"
"105","L","2004","Kurs określonego dnia z roku poprz."
"102","E","2002","Average exchange rate"
"105","L","B","Przeliczenie stand. po kursie sprzedaży"
"105","L","EURO","Przepis EMU\, kursy stałe"
"102","E","2003","Historical exchange rate"
"105","L","EURX","Przepis EMU\, kursy zmienne"
"105","L","G","Przeliczenie stand. po kursie zakupu"
"102","E","2004","Current exch. rate prior year"
"105","L","I","Typ kursu IntraStat"
"105","L","M","Przeliczenie stand. po kursie średnim"
"105","L","P","Przeliczenie stand. do plan. kosztów"
"102","E","B","Standard translation at bk.selling rate"
"105","M","100*","參考值 = 集團值"
"105","M","1001","現行匯率"
"105","M","1002","平均匯率"
"105","M","1003","歷史匯率"
"102","E","CNTX","Special exchange rate type for IIT (CN)"
"105","M","1004","前一年現行匯率"
"102","E","EURO","EMU regulation\, fixed exchange rates"
"105","M","200*","參考值 = 集團值"
"105","M","2001","現行匯率"
"102","E","EURX","EMU regulation\, variable exchange rates"
"105","M","2002","平均匯率"
"105","M","2003","歷史匯率"
"102","E","G","Standard translation at bank buying rate"
"105","M","2004","前一年現行匯率"
"102","E","I","Intrastat exchange rate type"
"105","M","B","銀行賣出匯率的標準換算"
"102","E","M","Standard translation at average rate"
"105","M","EURO","EMU 規定；固定匯率"
"102","E","P","Standard translation for cost planning"
"105","M","EURX","EMU 規定；變動匯率"
"102","F","100*","Val. réf. = montants en devise périmètre"
"105","M","G","銀行買入匯率的標準換算"
"102","F","1001","Cours du jour (de référence)"
"105","M","I","歐盟會員國匯率類型"
"105","M","M","平均匯率的標準匯率"
"102","F","1002","Cours moyen"
"102","F","1003","Cours historique"
"105","M","P","成本計劃的標準換算"
"102","F","1004","Cours du jour de l'exercice précédent"
"105","N","100*","Referentiewaarde = concernwaarde"
"105","N","1001","Koers op balansdatum"
"102","F","200*","Val. réf. = montants en devise périmètre"
"105","N","1002","Gemiddelde koers"
"102","F","2001","Cours du jour (de référence)"
"105","N","1003","Historische koers"
"102","F","2002","Cours moyen"
"105","N","1004","Koers op balansdatum vorig jaar"
"102","F","2003","Cours historique"
"105","N","200*","Referentiewaarde = concernwaarde"
"105","N","2001","Koers op balansdatum"
"105","N","2002","Gemiddelde koers"
"105","N","2003","Historische koers"
"105","N","2004","Koers op balansdatum vorig jaar"
"105","N","B","Standaardomrekening tegen girale koers"
"105","N","EURO","EMU-voorschrift\, vaste koersen"
"105","N","EURX","EMU-voorschrift\, variabele koersen"
"105","N","G","Standaardomrekening tegen chartale koers"
"105","N","I","Koerstype Intrastat"
"105","N","M","Standaardomrekening tegen middenkoers"
"105","N","P","Standaardomrekening voor kostenplanning"
"105","O","100*","Referanseverdi = gruppeverdi"
"105","O","1001","Kurs for referansedato"
"105","O","1002","Gjennomsnittskurs"
"105","O","1003","Historisk kurs"
"105","O","1004","Kurs for ref.dato\, forrige år"
"105","O","200*","Referanseverdi = gruppeverdi"
"105","O","2001","Kurs for referansedato"
"105","O","2002","Gjennomsnittskurs"
"105","O","2003","Historisk kurs"
"105","O","2004","Kurs for ref.dato\, forrige år"
"105","O","B","Standardomregning for selgerkurs"
"105","O","EURO","ØMU-forskr.\, faste kurser"
"105","O","EURX","ØMU-forskrift\, variable kurser"
"105","O","G","Standardomregning for kjøperkurs"
"105","O","I","Kurstype - intrastat"
"105","O","M","Standardomregning for gjennomsnittskurs"
"105","O","P","Standardomregning for kostnadsbudsjett"
"105","P","100*","Valor de referência = valor de área"
"105","P","1001","Câmbio a data fixa"
"105","P","1002","Câmbio médio"
"105","P","1003","Câmbio histórico"
"105","P","1004","Câmbio a data fixa do ano precedente"
"105","P","200*","Valor de referência = valor de área"
"105","P","2001","Câmbio a data fixa"
"105","P","2002","Câmbio médio"
"105","P","2003","Câmbio histórico"
"105","P","2004","Câmbio a data fixa do ano precedente"
"105","P","B","Conversão standard com câmbio de venda"
"105","P","CNTX","Conversão standard com câmbio médio"
"105","P","EURO","Norma UME\, taxas de câmbio fixas"
"105","P","EURX","Norma UME\, taxas de câmbio variáveis"
"105","P","G","Conversão standard com câmbio de compra"
"105","P","I","Categoria de taxa de câmbio IntraStat"
"105","P","M","Conversão standard com câmbio médio"
"105","P","P","Conversão standard p/planejamento custos"
"105","Q","100*","Refer.hodnota = hodnota okruhu"
"105","Q","1001","Kurz k rozhod.dňu"
"105","Q","1002","Priemerný kurz"
"105","Q","1003","Historický kurz"
"105","Q","1004","Kurz k rozh.dňu minulého roka"
"105","Q","200*","Refer.hodnota = hodnota okruhu"
"105","Q","2001","Kurz k rozhod.dňu"
"105","Q","2002","Priemerný kurz"
"105","Q","2003","Historický kurz"
"105","Q","2004","Kurz k rozh.dňu minulého roka"
"105","Q","B","Štandardný prepočet za predajný kurz"
"105","Q","EURO","Predpis EMÚ\, pevné kurzy"
"105","Q","EURX","Predpis EMÚ\, variabilné kurzy"
"105","Q","G","Štandardný prepočet za bank.nákup.kurz"
"105","Q","I","Typ kurzu IntraStat"
"105","Q","M","Štandardný prepočet za kurz stredu"
"105","Q","P","Štandard.prepočet pre plánovanie náklado"
"105","R","100*","СсылЗначение = значение в валюте ГКК"
"105","R","1001","Курс на отчетную дату"
"105","R","1002","Средний курс"
"105","R","1003","Исторический курс"
"105","R","1004","Курс на отчётную дату предыдущего года"
"105","R","200*","СсылЗначение = значение в валюте ГКК"
"105","R","2001","Курс на отчетную дату"
"105","R","2002","Средний курс"
"102","F","2004","Cours du jour de l'exercice précédent"
"102","F","B","conversion standard au cours VENTE"
"105","R","2003","Исторический курс"
"102","F","EURO","Règle UEM\, cours fixes"
"105","R","2004","Курс на отчётную дату предыдущего года"
"102","F","EURX","Règles UEM\, cours variables"
"105","R","B","Станд. пересчет по курсу продавца"
"102","F","G","conversion standard au cours ACHAT"
"105","R","EURO","Правило ЕВС\, фикс. курсы"
"102","F","I","Type de cours IntraStat"
"105","R","EURX","Правило ЕВС\, переменные курсы"
"102","F","M","conversion standard au cours MOYEN"
"105","R","G","Станд. пересчет по курсу покупателя"
"102","F","P","Conv. standard pr la budgét. des coûts"
"105","R","I","Тип курса: ИНТРАСТАТ"
"102","H","100*","Referenciaérték = kör értéke"
"102","H","1001","Határnapi árfolyam"
"105","R","M","СтандПересчет по средневзвешенному курсу"
"102","H","1002","Átlagárfolyam"
"105","R","P","СтандартПересчет для планирования затрат"
"102","H","1003","Történeti árfolyam"
"105","S","100*","Vl.ref.=Vl.mon.ámb.consolidac."
"102","H","1004","Előző év határnapi árfolyama"
"105","S","1001","T/C en fecha clave"
"105","S","1002","Cotización media"
"102","H","200*","Referenciaérték = kör értéke"
"105","S","1003","T/C histórico"
"102","H","2001","Határnapi árfolyam"
"102","H","2002","Átlagárfolyam"
"105","S","1004","T/C en fecha clave ej.ant."
"102","H","2003","Történeti árfolyam"
"105","S","200*","Vl.ref.=Vl.mon.ámb.consolidac."
"102","H","2004","Előző év határnapi árfolyama"
"105","S","2001","T/C en fecha clave"
"105","S","2002","Cotización media"
"102","H","B","Standard átszámítás eladási árfolyamon"
"105","S","2003","T/C histórico"
"102","H","EURO","EMU-előírás\, fix árfolyamok"
"105","S","2004","T/C en fecha clave ej.ant."
"102","H","EURX","EMU-előírás\, változó árfolyamok"
"105","S","B","Conversión normal según T/C vendedor"
"105","S","CNTX","Conversión normal según T/C estándar"
"102","H","G","Standard átszámítás vételi árfolyamon"
"105","S","EURO","Norma UME\, tipo de cambio fijo"
"102","H","I","IntraStat árfolyamtípus"
"105","S","EURX","Nomra UME\, tipo de cambio variable"
"102","H","M","Standard átszámítás középárfolyamon"
"105","S","G","Conversión normal según T/C comprador"
"102","H","P","Standard átszámítás költségtervezéshez"
"102","J","100*","参照値 = グループ値"
"105","S","I","Tipo de cotización IntraStat"
"105","S","M","Conversión normal según T/C estándar"
"102","J","1001","現換算レート"
"105","S","P","Conversión estándar para planif.costes"
"102","J","1002","平均換算レート"
"105","T","100*","Referans değer = Grup değeri"
"102","J","1003","取得時換算レート"
"105","T","1001","Anahtar tarih kuru"
"105","T","1002","Ortalama kur"
"102","J","1004","前年度換算レート"
"105","T","1003","Tarihsel kur"
"102","J","200*","参照値 = グループ値"
"105","T","1004","Önceki yılın anahtar tarih kuru"
"102","J","2001","現換算レート"
"105","T","200*","Referans değer = Grup değeri"
"105","T","2001","Anahtar tarih kuru"
"102","J","2002","平均換算レート"
"105","T","2002","Ortalama kur"
"102","J","2003","取得時換算レート"
"105","T","2003","Tarihsel kur"
"105","T","2004","Önceki yılın anahtar tarih kuru"
"102","J","2004","前年度換算レート"
"102","J","B","電信売買売値"
"105","T","B","Satış kuru için standart çeviri"
"102","J","EURO","EMU 規定 固定換算レート"
"105","T","EURO","APB talimatı\, kuru sabitle"
"102","J","EURX","EMU 規定 変動換算レート"
"105","T","EURX","APB talimatı\, değişken kur"
"102","J","G","電信売買買値"
"105","T","G","Alış kuru için standart çeviri"
"105","T","I","IntraStat kurtipi"
"102","J","I","域内取引換算レートタイプ"
"105","T","M","Ortalama kur için standart çeviri"
"102","J","M","電信売買仲値"
"105","T","P","Masraf planlaması için standart çeviri"
"102","J","P","原価計画用標準標準換算レート"
"105","V","100*","Referensvärde = KO-val.värde"
"105","V","1001","Kurs för referensdag"
"102","L","100*","Wartość referencyjna = wartość grupy"
"105","V","1002","Genomsnittskurs"
"102","L","1001","Kurs na dzień"
"105","V","1003","Historisk kurs"
"102","L","1002","Średni kurs waluty"
"105","V","1004","Kurs för referensdag föreg.år"
"102","L","1003","Historyczny kurs waluty"
"105","V","200*","Referensvärde = KO-val.värde"
"102","L","1004","Kurs określonego dnia z roku poprz."
"105","V","2001","Kurs för referensdag"
"105","V","2002","Genomsnittskurs"
"102","L","200*","Wartość referencyjna = wartość grupy"
"105","V","2003","Historisk kurs"
"102","L","2001","Kurs na dzień"
"102","L","2002","Średni kurs waluty"
"105","V","2004","Kurs för referensdag föreg.år"
"102","L","2003","Historyczny kurs waluty"
"105","V","B","Standardomräkning (säljkurs)"
"102","L","2004","Kurs określonego dnia z roku poprz."
"105","V","EURO","EMU-regel\, fasta kurser"
"102","L","B","Przeliczenie stand. po kursie sprzedaży"
"105","V","EURX","EMU-regel\, variabla kurser"
"102","L","EURO","Przepis EMU\, kursy stałe"
"105","V","G","Standardomräkning (köpkurs)"
"105","V","I","Kurskategori IntraStat"
"102","L","EURX","Przepis EMU\, kursy zmienne"
"102","L","G","Przeliczenie stand. po kursie zakupu"
"105","V","M","Standardomräkning (genomsnittskurs)"
"102","L","I","Typ kursu IntraStat"
"105","V","P","Standardomräkning för kostn.planeringen"
"106","1","100*","参考值 = 组值"
"102","L","M","Przeliczenie stand. po kursie średnim"
"106","1","1001","当前兑换率"
"102","L","P","Przeliczenie stand. do plan. kosztów"
"106","1","1002","平均兑换率"
"106","1","1003","历史兑换率"
"102","M","100*","參考值 = 集團值"
"102","M","1001","現行匯率"
"106","1","1004","前年的当前兑换率"
"102","M","1002","平均匯率"
"106","1","200*","参考值 = 组值"
"102","M","1003","歷史匯率"
"106","1","2001","当前兑换率"
"106","1","2002","平均兑换率"
"102","M","1004","前一年現行匯率"
"106","1","2003","历史兑换率"
"102","M","200*","參考值 = 集團值"
"106","1","2004","前年的当前兑换率"
"102","M","2001","現行匯率"
"102","M","2002","平均匯率"
"106","1","B","在银行卖出率下的标准兑换"
"102","M","2003","歷史匯率"
"106","1","EURO","EMU 规则，固定兑换率"
"102","M","2004","前一年現行匯率"
"106","1","EURX","EMU 规则，变化的兑换率"
"102","M","B","銀行賣出匯率的標準換算"
"106","1","G","在银行买入率下的标准兑换"
"102","M","EURO","EMU 規定；固定匯率"
"106","1","I","州内的汇率类型"
"102","M","EURX","EMU 規定；變動匯率"
"106","1","M","在平均比率下的标准兑换"
"102","M","G","銀行買入匯率的標準換算"
"106","1","P","对成本计划的标准换算"
"102","M","I","歐盟會員國匯率類型"
"106","3","100*","참조값 = 그룹값"
"102","M","M","平均匯率的標準匯率"
"106","3","1001","현재환율"
"106","3","1002","평균환율"
"102","M","P","成本計劃的標準換算"
"106","3","1003","이력환율"
"102","N","100*","Referentiewaarde = concernwaarde"
"106","3","1004","현재환율 이전연도"
"102","N","1001","Koers op balansdatum"
"106","3","200*","참조값 = 그룹값"
"102","N","1002","Gemiddelde koers"
"106","3","2001","현재환율"
"102","N","1003","Historische koers"
"106","3","2002","평균환율"
"106","3","2003","이력환율"
"102","N","1004","Koers op balansdatum vorig jaar"
"106","3","2004","현재환율 이전연도"
"106","3","B","은행매각율의 표준환산"
"102","N","200*","Referentiewaarde = concernwaarde"
"106","3","EURO","EMU 규칙\, 고정환율"
"102","N","2001","Koers op balansdatum"
"106","3","EURX","EMU 규칙\, 변동환율"
"102","N","2002","Gemiddelde koers"
"102","N","2003","Historische koers"
"106","3","G","은행매입율의 표준환산"
"106","3","I","Intrastat 환율유형"
"102","N","2004","Koers op balansdatum vorig jaar"
"106","3","M","평균환율의 표준환산"
"102","N","B","Standaardomrekening tegen girale koers"
"106","3","P","원가계획의 표준환산"
"102","N","EURO","EMU-voorschrift\, vaste koersen"
"106","C","100*","Refer.hodnota = hodnota okruhu"
"106","C","1001","Kurz rozhodného dne"
"102","N","EURX","EMU-voorschrift\, variabele koersen"
"106","C","1002","Průměrný kurz"
"102","N","G","Standaardomrekening tegen chartale koers"
"106","C","1003","Historický kurz"
"102","N","I","Koerstype Intrastat"
"106","C","1004","Kurz rozh.dne minulého roku"
"102","N","M","Standaardomrekening tegen middenkoers"
"106","C","200*","Refer.hodnota = hodnota okruhu"
"106","C","2001","Kurz rozhodného dne"
"102","N","P","Standaardomrekening voor kostenplanning"
"106","C","2002","Průměrný kurz"
"106","C","2003","Historický kurz"
"102","O","100*","Referanseverdi = gruppeverdi"
"106","C","2004","Kurz rozh.dne minulého roku"
"102","O","1001","Kurs for referansedato"
"106","C","B","Standard.přepočet k prodejnímu kurzu"
"102","O","1002","Gjennomsnittskurs"
"106","C","EURO","Předpis EMU\, fixní kurzy"
"102","O","1003","Historisk kurs"
"106","C","EURX","Předpis EMU\, variabilní kurzy"
"102","O","1004","Kurs for ref.dato\, forrige år"
"106","C","G","Standard.přepočet k bank.nákup.kurzu"
"102","O","200*","Referanseverdi = gruppeverdi"
"106","C","I","Typ kurzu IntraStat"
"102","O","2001","Kurs for referansedato"
"106","C","M","Standard.přepočet ke kurzu střed"
"102","O","2002","Gjennomsnittskurs"
"106","C","P","Standard.přepočet pro plánování nákladů"
"102","O","2003","Historisk kurs"
"106","D","100*","Referenzwert = Kreiswert"
"106","D","1001","Stichtagskurs"
"102","O","2004","Kurs for ref.dato\, forrige år"
"106","D","1002","Durchschnittskurs"
"106","D","1003","Historischer Kurs"
"102","O","B","Standardomregning for selgerkurs"
"106","D","1004","Stichtagskurs des Vorjahres"
"102","O","EURO","ØMU-forskr.\, faste kurser"
"106","D","200*","Referenzwert = Kreiswert"
"106","D","2001","Stichtagskurs"
"102","O","EURX","ØMU-forskrift\, variable kurser"
"106","D","2002","Durchschnittskurs"
"102","O","G","Standardomregning for kjøperkurs"
"106","D","2003","Historischer Kurs"
"106","D","2004","Stichtagskurs des Vorjahres"
"102","O","I","Kurstype - intrastat"
"106","D","B","Standardumrechnung zum Briefkurs"
"102","O","M","Standardomregning for gjennomsnittskurs"
"102","O","P","Standardomregning for kostnadsbudsjett"
"102","P","100*","Valor de referência = valor de área"
"102","P","1001","Câmbio a data fixa"
"102","P","1002","Câmbio médio"
"102","P","1003","Câmbio histórico"
"102","P","1004","Câmbio a data fixa do ano precedente"
"102","P","200*","Valor de referência = valor de área"
"102","P","2001","Câmbio a data fixa"
"102","P","2002","Câmbio médio"
"102","P","2003","Câmbio histórico"
"102","P","2004","Câmbio a data fixa do ano precedente"
"102","P","B","Conversão standard com câmbio de venda"
"102","P","CNTX","Conversão standard com câmbio médio"
"102","P","EURO","Norma UME\, taxas de câmbio fixas"
"102","P","EURX","Norma UME\, taxas de câmbio variáveis"
"102","P","G","Conversão standard com câmbio de compra"
"102","P","I","Categoria de taxa de câmbio IntraStat"
"102","P","M","Conversão standard com câmbio médio"
"102","P","P","Conversão standard p/planejamento custos"
"102","Q","100*","Refer.hodnota = hodnota okruhu"
"102","Q","1001","Kurz k rozhod.dňu"
"102","Q","1002","Priemerný kurz"
"102","Q","1003","Historický kurz"
"102","Q","1004","Kurz k rozh.dňu minulého roka"
"102","Q","200*","Refer.hodnota = hodnota okruhu"
"102","Q","2001","Kurz k rozhod.dňu"
"102","Q","2002","Priemerný kurz"
"102","Q","2003","Historický kurz"
"102","Q","2004","Kurz k rozh.dňu minulého roka"
"102","Q","B","Štandardný prepočet za predajný kurz"
"102","Q","EURO","Predpis EMÚ\, pevné kurzy"
"102","Q","EURX","Predpis EMÚ\, variabilné kurzy"
"102","Q","G","Štandardný prepočet za bank.nákup.kurz"
"102","Q","I","Typ kurzu IntraStat"
"102","Q","M","Štandardný prepočet za kurz stredu"
"102","Q","P","Štandard.prepočet pre plánovanie náklado"
"102","R","100*","СсылЗначение = значение в валюте ГКК"
"102","R","1001","Курс на отчетную дату"
"102","R","1002","Средний курс"
"102","R","1003","Исторический курс"
"102","R","1004","Курс на отчётную дату предыдущего года"
"102","R","200*","СсылЗначение = значение в валюте ГКК"
"102","R","2001","Курс на отчетную дату"
"102","R","2002","Средний курс"
"102","R","2003","Исторический курс"
"102","R","2004","Курс на отчётную дату предыдущего года"
"102","R","B","Станд. пересчет по курсу продавца"
"102","R","EURO","Правило ЕВС\, фикс. курсы"
"102","R","EURX","Правило ЕВС\, переменные курсы"
"102","R","G","Станд. пересчет по курсу покупателя"
"102","R","I","Тип курса: ИНТРАСТАТ"
"102","R","M","СтандПересчет по средневзвешенному курсу"
"102","R","P","СтандартПересчет для планирования затрат"
"102","S","100*","Vl.ref.=Vl.mon.ámb.consolidac."
"102","S","1001","T/C en fecha clave"
"102","S","1002","Cotización media"
"102","S","1003","T/C histórico"
"102","S","1004","T/C en fecha clave ej.ant."
"102","S","200*","Vl.ref.=Vl.mon.ámb.consolidac."
"102","S","2001","T/C en fecha clave"
"102","S","2002","Cotización media"
"102","S","2003","T/C histórico"
"102","S","2004","T/C en fecha clave ej.ant."
"102","S","B","Conversión normal según T/C vendedor"
"102","S","CNTX","Conversión normal según T/C estándar"
"102","S","EURO","Norma UME\, tipo de cambio fijo"
"102","S","EURX","Nomra UME\, tipo de cambio variable"
"102","S","G","Conversión normal según T/C comprador"
"102","S","I","Tipo de cotización IntraStat"
"102","S","M","Conversión normal según T/C estándar"
"102","S","P","Conversión estándar para planif.costes"
"102","T","100*","Referans değer = Grup değeri"
"102","T","1001","Anahtar tarih kuru"
"102","T","1002","Ortalama kur"
"102","T","1003","Tarihsel kur"
"102","T","1004","Önceki yılın anahtar tarih kuru"
"102","T","200*","Referans değer = Grup değeri"
"102","T","2001","Anahtar tarih kuru"
"102","T","2002","Ortalama kur"
"102","T","2003","Tarihsel kur"
"102","T","2004","Önceki yılın anahtar tarih kuru"
"102","T","B","Satış kuru için standart çeviri"
"102","T","EURO","APB talimatı\, kuru sabitle"
"102","T","EURX","APB talimatı\, değişken kur"
"102","T","G","Alış kuru için standart çeviri"
"102","T","I","IntraStat kurtipi"
"102","T","M","Ortalama kur için standart çeviri"
"102","T","P","Masraf planlaması için standart çeviri"
"102","V","100*","Referensvärde = KO-val.värde"
"102","V","1001","Kurs för referensdag"
"102","V","1002","Genomsnittskurs"
"102","V","1003","Historisk kurs"
"102","V","1004","Kurs för referensdag föreg.år"
"102","V","200*","Referensvärde = KO-val.värde"
"102","V","2001","Kurs för referensdag"
"102","V","2002","Genomsnittskurs"
"102","V","2003","Historisk kurs"
"102","V","2004","Kurs för referensdag föreg.år"
"102","V","B","Standardomräkning (säljkurs)"
"102","V","EURO","EMU-regel\, fasta kurser"
"102","V","EURX","EMU-regel\, variabla kurser"
"102","V","G","Standardomräkning (köpkurs)"
"102","V","I","Kurskategori IntraStat"
"102","V","M","Standardomräkning (genomsnittskurs)"
"102","V","P","Standardomräkning för kostn.planeringen"
"103","1","100*","参考值 = 组值"
"103","1","1001","当前兑换率"
"103","1","1002","平均兑换率"
"103","1","1003","历史兑换率"
"103","1","1004","前年的当前兑换率"
"103","1","200*","参考值 = 组值"
"103","1","2001","当前兑换率"
"103","1","2002","平均兑换率"
"103","1","2003","历史兑换率"
"103","1","2004","前年的当前兑换率"
"103","1","B","在银行卖出率下的标准兑换"
"103","1","EURO","EMU 规则，固定兑换率"
"103","1","EURX","EMU 规则，变化的兑换率"
"103","1","G","在银行买入率下的标准兑换"
"103","1","I","州内的汇率类型"
"103","1","M","在平均比率下的标准兑换"
"103","1","P","对成本计划的标准换算"
"103","3","100*","참조값 = 그룹값"
"103","3","1001","현재환율"
"103","3","1002","평균환율"
"103","3","1003","이력환율"
"103","3","1004","현재환율 이전연도"
"103","3","200*","참조값 = 그룹값"
"103","3","2001","현재환율"
"103","3","2002","평균환율"
"103","3","2003","이력환율"
"103","3","2004","현재환율 이전연도"
"103","3","B","은행매각율의 표준환산"
"103","3","EURO","EMU 규칙\, 고정환율"
"103","3","EURX","EMU 규칙\, 변동환율"
"103","3","G","은행매입율의 표준환산"
"103","3","I","Intrastat 환율유형"
"103","3","M","평균환율의 표준환산"
"103","3","P","원가계획의 표준환산"
"103","C","100*","Refer.hodnota = hodnota okruhu"
"103","C","1001","Kurz rozhodného dne"
"103","C","1002","Průměrný kurz"
"103","C","1003","Historický kurz"
"103","C","1004","Kurz rozh.dne minulého roku"
"103","C","200*","Refer.hodnota = hodnota okruhu"
"103","C","2001","Kurz rozhodného dne"
"103","C","2002","Průměrný kurz"
"103","C","2003","Historický kurz"
"103","C","2004","Kurz rozh.dne minulého roku"
"103","C","B","Standard.přepočet k prodejnímu kurzu"
"103","C","EURO","Předpis EMU\, fixní kurzy"
"103","C","EURX","Předpis EMU\, variabilní kurzy"
"103","C","G","Standard.přepočet k bank.nákup.kurzu"
"103","C","I","Typ kurzu IntraStat"
"103","C","M","Standard.přepočet ke kurzu střed"
"103","C","P","Standard.přepočet pro plánování nákladů"
"103","D","100*","Referenzwert = Kreiswert"
"103","D","1001","Stichtagskurs"
"103","D","1002","Durchschnittskurs"
"103","D","1003","Historischer Kurs"
"103","D","1004","Stichtagskurs des Vorjahres"
"103","D","200*","Referenzwert = Kreiswert"
"103","D","2001","Stichtagskurs"
"103","D","2002","Durchschnittskurs"
"103","D","2003","Historischer Kurs"
"103","D","2004","Stichtagskurs des Vorjahres"
"103","D","B","Standardumrechnung zum Briefkurs"
"103","D","CNTX","Standardumrechnung zum Mittelkurs"
"103","D","EURO","EWU-Vorschrift\, fixe Kurse"
"103","D","EURX","EWU-Vorschrift\, variable Kurse"
"103","D","G","Standardumrechnung zum Geldkurs"
"103","D","I","Kurstyp IntraStat"
"103","D","M","Standardumrechnung zum Mittelkurs"
"103","D","P","Standardumrechnung für die Kostenplanung"
"103","E","100*","Reference value = group value"
"103","E","1001","Current exchange rate"
"103","E","1002","Average exchange rate"
"103","E","1003","Historical exchange rate"
"103","E","1004","Current exch. rate prior year"
"103","E","200*","Reference value = group value"
"103","E","2001","Current exchange rate"
"103","E","2002","Average exchange rate"
"103","E","2003","Historical exchange rate"
"103","E","2004","Current exch. rate prior year"
"103","E","B","Standard translation at bk.selling rate"
"103","E","CNTX","Special exchange rate type for IIT (CN)"
"103","E","EURO","EMU regulation\, fixed exchange rates"
"103","E","EURX","EMU regulation\, variable exchange rates"
"103","E","G","Standard translation at bank buying rate"
"103","E","I","Intrastat exchange rate type"
"103","E","M","Standard translation at average rate"
"103","E","P","Standard translation for cost planning"
"103","F","100*","Val. réf. = montants en devise périmètre"
"103","F","1001","Cours du jour (de référence)"
"103","F","1002","Cours moyen"
"103","F","1003","Cours historique"
"103","F","1004","Cours du jour de l'exercice précédent"
"103","F","200*","Val. réf. = montants en devise périmètre"
"103","F","2001","Cours du jour (de référence)"
"103","F","2002","Cours moyen"
"103","F","2003","Cours historique"
"103","F","2004","Cours du jour de l'exercice précédent"
"103","F","B","conversion standard au cours VENTE"
"103","F","EURO","Règle UEM\, cours fixes"
"103","F","EURX","Règles UEM\, cours variables"
"103","F","G","conversion standard au cours ACHAT"
"103","F","I","Type de cours IntraStat"
"103","F","M","conversion standard au cours MOYEN"
"103","F","P","Conv. standard pr la budgét. des coûts"
"103","H","100*","Referenciaérték = kör értéke"
"103","H","1001","Határnapi árfolyam"
"103","H","1002","Átlagárfolyam"
"103","H","1003","Történeti árfolyam"
"103","H","1004","Előző év határnapi árfolyama"
"103","H","200*","Referenciaérték = kör értéke"
"103","H","2001","Határnapi árfolyam"
"103","H","2002","Átlagárfolyam"
"103","H","2003","Történeti árfolyam"
"103","H","2004","Előző év határnapi árfolyama"
"103","H","B","Standard átszámítás eladási árfolyamon"
"103","H","EURO","EMU-előírás\, fix árfolyamok"
"103","H","EURX","EMU-előírás\, változó árfolyamok"
"103","H","G","Standard átszámítás vételi árfolyamon"
"103","H","I","IntraStat árfolyamtípus"
"103","H","M","Standard átszámítás középárfolyamon"
"103","H","P","Standard átszámítás költségtervezéshez"
"103","J","100*","参照値 = グループ値"
"103","J","1001","現換算レート"
"103","J","1002","平均換算レート"
"103","J","1003","取得時換算レート"
"103","J","1004","前年度換算レート"
"103","J","200*","参照値 = グループ値"
"103","J","2001","現換算レート"
"103","J","2002","平均換算レート"
"103","J","2003","取得時換算レート"
"103","J","2004","前年度換算レート"
"103","J","B","電信売買売値"
"103","J","EURO","EMU 規定 固定換算レート"
